neo,pha,moid,e,a,q,i,per,H,diameter,albedo,condition_code,data_arc,n_obs_used,class_AMO,class_APO,class_ATE,class_IEO
1,0,0.148798,0.2228779627700761,1.458243716760167,1.133233327946397,10.82854410314273,643.1963890927677,10.4,16.84,0.25,0,46582,9130,1,0,0,0
1,0,0.201591,0.54659281141853,2.636949566436567,1.19561188934913,11.57235893021322,1564.051907966961,15.59,1.165,0.209,0,41869,2147,1,0,0,0
1,0,0.080116,0.5710841391815443,2.473998953398223,1.061137390760757,9.399997659652634,1421.339070216299,13.82,4.2,0.31,0,39281,5843,1,0,0,0
1,0,0.341955,0.5335006672216854,2.664068815977234,1.242786325128894,26.68765340379128,1588.241666709427,9.17,37.675,0.238,0,37140,13637,1,0,0,0
1,0,0.10902,0.4347308667088409,1.919716404373496,1.085156428065026,11.87012944935086,971.525134815298,17.37,1.0,0.209,0,34521,698,1,0,0,0
1,1,0.0338047,0.8270188506942974,1.077994212576463,0.1864726778363724,22.8016402405493,408.8114685792443,16.53,1.0,0.51,0,28192,1796,0,1,0,0
1,0,0.134079,0.487636671923457,2.194758150792221,1.124513590463021,52.19064411003266,1187.622543274412,14.54,5.8,0.08,0,26722,2255,1,0,0,0
1,1,0.0295314,0.335517777566295,1.245803622715614,0.8278143599380324,13.33675506000249,507.8936827289096,15.27,2.56,0.29,0,27398,9749,0,1,0,0
1,0,0.11013,0.3973348248655494,1.863110322449203,1.122831708773652,8.456346737455203,928.8728838517852,12.79,9.12,0.15,0,35420,14519,1,0,0,0
1,0,0.0509443,0.4359922205676111,1.367859437151767,0.7714833637236056,9.381775895521884,584.3332957850312,14.26,3.4,0.31,0,28547,5547,0,1,0,0
1,1,0.0263183,0.5601800481295997,1.470715141636512,0.6468498628096396,6.352178986018433,651.4652763535555,16.09,1.5,0.25,0,34822,3701,0,1,0,0
1,0,0.18805,0.6062316466560668,2.259383587112934,0.889673754669769,18.38388305949451,1240.461761476916,15.32,2.1,0.24,0,28683,1996,0,1,0,0
1,0,0.269358,0.6144605486502296,1.4608806795516,0.5632271356818037,22.21679138437392,644.9418293015603,14.83,3.7,0.273,0,20100,6597,0,1,0,0
1,0,0.156476,0.4668681386877623,1.079953205238556,0.5757574624389485,16.10126663958231,409.9263480320066,16.77,1.2,0.22,0,20034,2530,0,1,0,0
1,0,0.103376,0.5381206218639839,1.893368722611666,0.8745079681820592,41.20629883894316,951.592969348315,12.47,8.48,0.15,0,26128,10700,0,1,0,0
1,0,0.110002,0.5702559710993432,2.545292592499507,1.093824293431736,20.3996833772342,1483.218033890223,18.38,0.5,0.21,0,24702,55,1,0,0,0
1,0,0.253215,0.4490840861315141,2.273307845768517,1.252401469355961,12.87755556909336,1251.946594276505,14.93,3.5,0.209,0,26515,4171,1,0,0,0
1,0,0.071792,0.5054274556087749,2.149231527449262,1.062950905016421,23.95606773979055,1150.86194819042,14.38,5.7,0.195,0,26337,4305,1,0,0,0
1,0,0.0625541,0.2561964014485422,1.431020514064791,1.064398207962348,8.708585797499484,625.2694588364014,15.66,2.3,0.17,0,19548,7492,1,0,0,0
1,0,0.244922,0.3646568494036361,1.709553121896733,1.08615286657772,26.86860047014339,816.4363406613376,13.8,4.3,0.25,0,27850,9906,1,0,0,0
1,1,0.00384584,0.6504314469810176,1.776231868547232,0.620914804114259,39.82205969987218,864.6650668867737,15.28,3.4,0.209,0,19295,2498,0,1,0,0
1,0,0.245255,0.5314016016636036,2.642125049017742,1.238095566174187,11.01873885953402,1568.658761683946,15.98,1.165,0.209,0,22830,1561,1,0,0,0
1,0,0.0548512,0.535915382136695,2.265042877034124,1.051171558032383,3.801523678001481,1245.125330080632,16.7,2.6,0.209,0,23892,2041,1,0,0,0
1,0,0.113307,0.1828582815030813,0.9669667478344453,0.7901488700548153,18.93555636228816,347.3087592635159,17.11,1.1,0.26,0,23339,1024,0,0,1,0
1,0,0.0669776,0.3492309859328742,1.07750077173387,0.7012041148778181,9.432222639330313,408.5308067903,17.21,1.024,0.203,0,17584,1561,0,1,0,0
1,0,0.149703,0.436499569805015,0.8320380956623273,0.4688538248443376,15.75910219462338,277.2127772732746,16.24,2.3,0.13,0,18599,4245,0,0,1,0
1,1,0.0114957,0.7641209908755124,1.873783680426323,0.4419862378525967,1.319989940107121,936.8662739043244,18.69,0.6,0.209,0,32656,155,0,1,0,0
1,1,0.0425508,0.2993525411875109,1.290074865084854,0.9038876758995676,64.00427834487186,535.2057832353406,15.99,1.649,0.245,0,18481,2349,0,1,0,0
1,1,0.00967484,0.5030586306182083,1.599739533568636,0.7949767544657869,23.07163208204,739.0474843492262,18.05,1.165,0.209,1,15749,61,0,1,0,0
1,1,0.00270585,0.7108613720406038,2.178570754316267,0.6299089588154722,2.521727702918088,1174.507868823981,15.32,1.8,0.4328,0,34619,1897,0,1,0,0
1,0,0.143086,0.5127886077176332,2.290566107544751,1.11598990237168,8.742829310334674,1266.230214751645,16.99,1.165,0.209,0,19571,1409,1,0,0,0
1,0,0.111867,0.8346014015275484,2.167363839741866,0.3584789414731759,11.20080397938433,1165.456750920303,13.45,5.7,0.163,0,17521,5464,0,1,0,0
1,0,0.0936745,0.6532406969716966,2.412437431614276,0.8365351223859566,24.49648504200215,1368.618841294837,14.57,1.165,0.209,0,18174,1999,0,1,0,0
1,1,0.00639696,0.4499561430699934,0.8437498723561032,0.4640994340749517,5.860185941757463,283.0864009980471,20.41,0.3,0.209,0,16477,572,0,0,1,0
1,0,0.232044,0.4134502338181753,2.105026849801995,1.234703006557823,5.223867907368374,1115.539329459112,15.18,2.3,0.27,0,17908,3129,1,0,0,0
1,0,0.154252,0.5647258381437779,2.530532335321208,1.101475341307007,14.42900309972171,1470.334892391608,17.48,0.9,0.21,1,16284,83,1,0,0,0
1,0,0.183852,0.4491524842840965,2.15144224140984,1.185116613886866,8.442490783035382,1152.638081205689,16.16,1.6,0.209,0,16182,2950,1,0,0,0
1,0,0.0791329,0.3541203011082182,1.404035848121937,0.9068382508182644,20.9308985440047,607.6670970313172,15.3,1.5,0.64,0,16309,8974,0,1,0,0
1,1,0.0438758,0.4232224394609472,1.768952762122564,1.020292258845872,22.14242023332167,859.3553408964168,14.08,4.9,0.231,0,17341,10321,1,0,0,0
1,0,0.21537,0.2840602814848024,1.574519771795496,1.127261242215881,32.96059209172675,721.6400115028317,14.99,2.2,0.42,0,15656,4141,1,0,0,0
1,1,0.0187322,0.8896722843692159,1.271464620920411,0.1402777871315099,22.31052728047163,523.6665664767817,14.38,6.25,0.1066,0,15468,8544,0,1,0,0
1,0,0.276766,0.3954280471617143,2.102524097780285,1.271127099684582,25.07675705943864,1113.550455807777,16.55,1.165,0.209,0,15854,315,1,0,0,0
1,0,0.10629,0.4545391298517582,2.03442342547713,1.109698371910722,5.925642409381862,1059.88915582437,15.34,2.8,0.22,0,16271,2860,1,0,0,0
1,0,0.20252,0.3691300172873332,1.879004392730827,1.185407468759122,4.771338167685934,940.7844272973002,15.93,1.165,0.209,0,16656,3199,1,0,0,0
1,0,0.108698,0.7483300902564326,2.465019623155354,0.6203712660756305,21.01136495171533,1413.608012731935,16.03,1.8,0.17,0,16137,674,0,1,0,0
1,1,0.0144865,0.3227822723951292,1.20947959321331,0.819081021700381,2.646502985515577,485.8433298202351,19.5,0.3,0.357,0,16130,3216,0,1,0,0
1,1,0.0131588,0.4684921922708827,0.9894947733584522,0.5259241977471707,9.916160128995658,359.5163812770006,18.52,0.7,0.21,1,7394,262,0,0,1,0
1,0,0.0748749,0.4867838764551089,2.092883885069048,1.074101754524708,9.506834607156565,1105.900687011865,16.72,0.9,0.37,0,15268,667,1,0,0,0
1,0,0.342279,0.7074018380419645,4.270699442924407,1.249598807274887,31.05272514571933,3223.642994333793,13.02,19.0,0.03,0,15629,1774,1,0,0,0
1,0,0.294773,0.3200395912091968,1.644547799866735,1.118227394273401,36.77462230182003,770.3146872789956,16.41,1.165,0.209,0,14686,2315,1,0,0,0
1,0,0.250998,0.2805217507729986,0.973883075576286,0.7006876901674337,23.35744549740459,351.0416561135376,15.91,3.341,0.074,0,12044,1979,0,0,1,0
1,1,0.0157607,0.5440374412790023,2.196563341845621,1.001550641740675,13.53117977687433,1189.088075842883,16.5,1.5,0.16,0,15365,1193,0,1,0,0
1,0,0.351782,0.284388855255744,1.774306832554475,1.269713743571863,20.34936449505564,863.2597940158294,14.93,4.3,0.515,0,18500,8374,1,0,0,0
1,0,0.0785208,0.3015634157435217,1.41359619005139,0.9873072944974646,55.56328509774884,613.8842283899573,15.14,2.306,0.21,0,18145,3246,0,1,0,0
1,0,0.0707397,0.5149036013028605,0.9977971735251304,0.4840278155072256,19.80238133612434,364.0506668686161,15.42,2.071,0.365,0,19322,1711,0,0,1,0
1,1,0.0367265,0.4457663618105244,1.834728451786492,1.016868224923371,3.866093774317779,907.7288120607492,19.01,0.5,0.18,0,15208,211,0,1,0,0
1,0,0.158724,0.7026134933546405,1.505039309871124,0.4475783827265162,29.18109139785659,674.4040844610785,15.67,1.165,0.209,0,14334,2489,0,1,0,0
1,0,0.0563943,0.4590009472127612,1.927880155865519,1.04298133821056,2.186308372065981,977.7289542172368,17.45,1.0,0.23,0,16395,1985,1,0,0,0
1,0,0.177612,0.3168657498062116,1.544408997438367,1.055038682457599,10.7664828821464,701.0385678838142,17.95,0.7,0.209,0,14563,714,1,0,0,0
1,1,0.0430642,0.6307928317562872,2.626684973602551,0.9697909209721096,2.798440660752119,1554.928455573931,16.16,4.0,0.05,0,27524,1522,0,1,0,0
1,1,0.0191649,0.4440100931741494,1.059369528428575,0.5889987654051491,11.16925767742132,398.2627076653704,18.5,0.42,0.52,0,14574,1333,0,1,0,0
1,0,0.239407,0.3259345106487777,1.820641193442069,1.227231396990522,23.256261400646,897.2944344592394,14.9,2.49,0.31,0,15053,11571,1,0,0,0
1,1,0.00650597,0.6246302247178447,2.543047155641573,0.9545830393451016,0.4480836624628189,1481.255742120098,15.29,5.4,0.405,0,33698,7141,0,1,0,0
1,1,0.0283573,0.6361990547321602,1.981068726814554,0.7207146754556908,6.669563434148015,1018.468825754709,14.18,3.651,0.097,0,24564,5434,0,1,0,0
1,0,0.0985848,0.7725116534115526,2.295543878275251,0.522209481390069,12.6052340962325,1270.36004108762,14.97,1.8,0.37,0,26309,1226,0,1,0,0
1,0,0.169849,0.4683069010184027,1.646995567992124,0.8756961775546888,40.72277892155725,772.035147929048,15.97,1.165,0.209,0,14220,3317,0,1,0,0
1,0,0.194193,0.6801492860539621,1.834085045080947,0.5866334111068919,11.83999699175213,907.251367348489,16.07,3.177,0.054,0,14357,1027,0,1,0,0
1,0,0.334483,0.5633499354323268,2.583781328450095,1.128208283896482,26.62056703796799,1516.987702314169,16.12,1.801,0.343,0,14946,1324,1,0,0,0
1,1,0.028861,0.5865739819170429,1.442178472395645,0.5962341032074933,5.524126776230638,632.5967255917312,17.27,1.165,0.209,0,32459,1594,0,1,0,0
1,1,0.0458128,0.6598497281232912,2.205244726339535,0.7501145932190711,3.029603411273411,1196.144410344207,15.62,1.849,0.297,0,14311,2070,0,1,0,0
1,0,0.21877,0.2964137571780194,1.730411750823765,1.217493902297098,16.40530542387503,831.4241025483836,17.48,1.165,0.209,0,13752,814,1,0,0,0
1,0,0.304515,0.5247451445179323,2.703835059677735,1.28501074053449,2.512647299323886,1623.935289504667,15.82,1.165,0.209,0,16634,1482,1,0,0,0
1,0,0.173744,0.2501917581009011,1.042050596373649,0.7813381256368336,14.14307043766967,388.5363326394062,17.39,1.3,0.209,0,13548,2942,0,1,0,0
1,1,0.00382456,0.3563837704716197,1.021277692858941,0.6573108979793151,4.926001892399088,376.9764287280456,20.74,1.165,0.209,0,11706,424,0,1,0,0
1,0,0.295619,0.5200426541050736,2.238921153665981,1.074586654581531,37.07711754876125,1223.648342693344,16.47,1.165,0.209,0,16301,972,1,0,0,0
1,1,0.00401855,0.3587435768252949,1.485112611970113,0.9523380015635986,1.453541710528756,661.0548657564201,18.75,0.33,0.55,0,16336,5002,0,1,0,0
1,0,0.108286,0.5177956101234057,2.233129366077539,1.076824783484926,6.373928529711114,1218.903294429666,19.6,0.6,0.18,0,14739,332,1,0,0,0
1,1,0.0204067,0.4831758015789954,1.06308849137437,0.5494298574051537,8.885190449241405,400.3617250634425,17.38,1.4,0.092,0,13488,746,0,1,0,0
1,0,0.149136,0.168426221270548,1.370024661483262,1.139276584702175,15.6521252015807,585.7212818479187,18.07,1.165,0.209,0,17619,994,1,0,0,0
1,1,0.0250784,0.6575602718119959,1.621370182800284,0.5552215646902638,24.37799071792659,754.0874271903957,14.88,1.165,0.209,0,19050,3413,0,1,0,0
1,0,0.19442,0.4492204960540955,2.001573534172653,1.102425678262865,17.42560833907145,1034.321975095657,12.54,10.8,0.176,0,18725,7741,1,0,0,0
1,0,0.424839,0.2187889581929699,1.565536731572782,1.223014581059146,35.01026378634435,715.4731156256394,15.05,3.499,0.132,0,18271,2654,1,0,0,0
1,1,0.0245205,0.5001928386152668,1.635948502674329,0.8176587772932609,7.409734888368719,764.2806595931344,16.64,1.165,0.209,0,24003,782,0,1,0,0
1,0,0.27446,0.5687782271971854,1.486175130164228,0.640871074324872,36.44619188415664,661.7644164303739,14.82,1.165,0.209,0,13380,2883,0,1,0,0
1,0,0.0575004,0.7712670666705758,1.834647992354625,0.4196444169182125,8.978847882811124,907.6691019627386,14.04,4.843,0.227,0,26587,5318,0,1,0,0
1,1,0.0448382,0.4781415322922896,1.551961739894477,0.809904375522324,3.580830232894204,706.1873644576432,17.85,1.165,0.209,0,12870,1635,0,1,0,0
1,0,0.219814,0.607297136881764,2.97743784246732,1.1692483654935,19.70195232007777,1876.560120070553,15.35,1.165,0.209,0,13671,394,1,0,0,0
1,0,0.306129,0.4554771492842746,2.163641930349088,1.17815247184176,25.52473411296737,1162.455966113859,14.96,3.6,0.209,0,19284,7457,1,0,0,0
1,0,0.211043,0.6372354413711798,3.317690134186854,1.203540397195485,19.18035454762233,2207.25321898929,15.23,3.6,0.037,0,14437,362,1,0,0,0
1,0,0.112673,0.2964041668502215,0.947488059258586,0.6666486504535115,48.96564104092601,336.867446900476,16.75,0.935,0.507,0,12875,1473,0,0,1,0
1,0,0.0959476,0.6340597671490722,2.436135611800325,0.8914800330386484,68.01052074505564,1388.834887632208,16.18,1.165,0.209,0,19427,374,0,1,0,0
1,0,0.311583,0.5443213217693557,2.399730738679061,1.093506131110722,18.06037356462882,1357.819991633738,13.89,3.57,0.32,0,26347,5086,1,0,0,0
1,0,0.121377,0.2800900105540222,0.9863743467753586,0.7101007455768317,14.17852412882268,357.8170905051471,19.91,1.165,0.209,2,2218,67,0,0,1,0
1,1,0.0334266,0.4065044367890649,0.9299484385603628,0.5519202723005122,4.697971083283851,327.5568840908452,17.32,0.55,0.48,0,15082,1572,0,0,1,0
1,0,0.237747,0.4225939602732378,2.158779222541953,1.246492161532368,7.873285077894109,1158.539301544136,17.11,1.165,0.209,0,25779,938,1,0,0,0
1,0,0.21269,0.4545193795402496,2.194893306460869,1.197271762651228,3.848863069431304,1187.732247655744,14.33,1.165,0.209,0,20154,4612,1,0,0,0
1,0,0.0541506,0.3872528532541989,1.354619688468661,0.8300393490348578,13.50425218128908,575.8700631111893,17.23,1.668,0.121,0,18965,1745,0,1,0,0
1,0,0.209982,0.4363378720313265,2.143573937729181,1.208251447198619,7.909822071880837,1146.320684599034,15.51,4.3,0.223,0,13131,2656,1,0,0,0
1,0,0.282577,0.3044657686535792,1.793946055389065,1.247750890711977,6.875066095260379,877.6320932508123,16.22,1.537,0.271,0,18857,3939,1,0,0,0
1,0,0.16288,0.7618907432461015,1.785646028509576,0.4251788486739657,38.14512392650171,871.5483502566462,15.38,1.165,0.209,0,19004,729,0,1,0,0
1,1,0.00586101,0.5851655760134417,1.270525519525638,0.5270577220526407,5.05882729389157,523.0865048956409,16.78,1.165,0.209,0,15464,3139,0,1,0,0
1,0,0.0648789,0.6524582236064211,2.265275544552106,0.7872778867745707,11.20074540896802,1245.317185825955,15.47,5.231,0.031,0,13554,1607,0,1,0,0
1,0,0.240583,0.42534540468572,2.101778100459373,1.207796443759897,16.07390124948854,1112.957859532061,14.94,2.3,0.36,0,13645,3021,1,0,0,0
1,0,0.188671,0.8268450804754939,1.081560089436096,0.1872774502472248,23.22382797590015,410.8415948200535,17.14,1.165,0.209,0,12797,1764,0,1,0,0
1,0,0.0698424,0.4443584504377997,1.893629223123532,1.052179075832625,4.190290047534458,951.7893645187283,18.89,0.4,0.209,0,15950,458,1,0,0,0
1,0,0.39902,0.6948904963976095,1.697783698832743,0.5180099415750886,30.18374810101211,808.0197311279801,15.98,1.457,0.331,0,12915,1699,0,1,0,0
1,0,0.178092,0.5393378303038056,2.43722658251542,1.122738085542794,7.930969194261721,1389.767931633617,14.99,2.754,0.156,0,16387,2386,1,0,0,0
1,0,0.23089,0.5073761473347854,2.220585295778855,1.093913283578305,19.51013914837657,1208.647384019009,15.81,1.345,0.488,0,15741,3300,1,0,0,0
1,0,0.309831,0.3213240358639131,1.812151163103312,1.229863437779471,17.92433557053161,891.0253500265154,17.22,1.165,0.209,0,18023,998,1,0,0,0
1,0,0.167927,0.2891859648793941,1.624658046007323,1.154829741373624,21.57626338985925,756.382331364743,17.61,1.165,0.209,0,12195,1878,1,0,0,0
1,1,0.0240421,0.4995504442880637,1.27158108859823,0.6363621908406846,3.510519020209468,523.7385208488719,18.86,1.165,0.209,0,13995,1102,0,1,0,0
1,0,0.140274,0.3521184678015599,1.454567479532151,0.9423874073253132,23.47455739718466,640.7656723321919,17.84,1.165,0.209,0,15155,911,0,1,0,0
1,0,0.267464,0.4371455028173548,2.201721546368184,1.23924887391726,6.405196390762354,1193.279049193384,14.94,2.884,0.257,0,26777,3331,1,0,0,0
1,0,0.222619,0.5282581450838897,2.147373167894682,1.013005801419721,21.57952736206195,1149.369610426788,15.1,3.72,0.14,0,18301,3318,0,1,0,0
1,0,0.0763003,0.76254117469502,2.2196365923745,0.5270722978291974,4.963007597343013,1207.872908876988,16.02,1.4,0.21,0,23683,1328,0,1,0,0
1,0,0.178796,0.5850216205840131,2.813340461394559,1.167475465414939,4.315056631765342,1723.581663945762,15.71,2.3,0.15,0,17660,1394,1,0,0,0
1,1,0.0261237,0.4123646091939666,1.150937466175489,0.6763315877293392,3.941399682182683,450.9994565197626,18.59,1.165,0.209,0,15939,2120,0,1,0,0
1,0,0.288587,0.5728547826278699,2.240054041084497,0.956828370304356,37.34032612714677,1224.577203780343,14.08,4.626,0.227,0,13501,5457,0,1,0,0
1,0,0.284315,0.4083978841997365,2.194701715407338,1.298390178385449,8.225149277410683,1187.576736288044,16.07,1.165,0.209,0,16955,2139,1,0,0,0
1,1,0.0225458,0.6190939112625774,2.474378474226095,0.9425058266735332,2.260612192245343,1421.666140969651,19.22,0.53,0.151,0,8968,1017,0,1,0,0
1,1,0.0377293,0.5918129713306689,2.501428582691071,1.021050700597204,6.157352886760133,1445.042395641496,18.72,1.165,0.209,0,11898,202,1,0,0,0
1,0,0.254487,0.2208232290279808,1.626146566066653,1.267055630475052,22.6432631415734,757.4220715021603,16.63,1.165,0.209,0,15560,6285,1,0,0,0
1,0,0.060318,0.4846404817921628,1.695832830736638,0.8739635906094666,8.701504998434007,806.6274274453402,16.82,1.408,0.158,0,16011,1946,0,1,0,0
1,0,0.0627512,0.3150489834196643,1.4757301927371,1.010802895713571,12.61054314785136,654.800302109587,18.08,0.498,0.34,0,10919,963,0,1,0,0
1,0,0.224703,0.3902407804048437,1.981030967945621,1.207951897008359,8.2986565227076,1018.439708101842,16.83,1.298,0.26,0,16545,1484,1,0,0,0
1,0,0.101048,0.6937709573055253,2.545307171291791,0.7794469784280664,17.78648860497701,1483.230777155175,15.12,6.319,0.046,0,16902,1469,0,1,0,0
1,0,0.180171,0.5651804045710962,2.715541695627298,1.180770741462981,16.79967524963814,1634.493282966949,18.32,1.165,0.209,0,13249,274,1,0,0,0
1,1,0.0226487,0.4846564288797887,1.772338398035787,0.9133631992772367,15.15630744776688,861.8236283862036,17.7,1.8,0.448,0,13444,2578,0,1,0,0
1,0,0.187921,0.4822253613486044,2.304982370361397,1.193461413911709,7.203012429822727,1278.203018864155,18.8,1.165,0.209,0,15430,1343,1,0,0,0
1,1,0.0478435,0.5061513698995427,1.841520033895512,0.9094321460418464,5.409870633853325,912.7736591972224,16.96,0.982,0.235,0,12787,2475,0,1,0,0
1,0,0.0805722,0.3911115870261316,1.356027828768104,0.8256696326070113,7.263515407642757,576.7682301941421,17.16,1.921,0.069,0,22980,2206,0,1,0,0
1,0,0.12258,0.5026227075552254,2.197736082606382,1.093104022274948,4.661153633679493,1190.040480542994,14.73,1.165,0.209,0,24254,8651,1,0,0,0
1,0,0.167186,0.2920795493572424,1.565689197613658,1.108383402341158,7.088155651589964,715.577636976347,18.11,1.165,0.209,0,12732,567,1,0,0,0
1,0,0.16127,0.3168659706894799,1.567814996860509,1.07102777601878,9.453796417273107,717.0354843836232,17.24,1.165,0.209,0,15764,1289,1,0,0,0
1,1,0.000613959,0.3295321759502599,1.348658955990375,0.9042324356080608,33.46934749204918,572.0732463531484,16.58,1.052,0.277,0,18595,2081,0,1,0,0
1,1,0.00651474,0.4814931823071283,1.467222571734466,0.7607649065171892,3.124762482067461,649.1460610843109,18.01,1.165,0.209,0,13289,1335,0,1,0,0
1,1,0.0219192,0.1645913305886299,1.122704459359489,0.9379170385357222,37.12309321232198,434.5068208532933,17.34,1.602,0.075,0,11845,3809,0,1,0,0
1,0,0.135761,0.5186338477747012,2.165308329926131,1.04230613915793,27.11494888134389,1163.799179867407,17.83,0.784,0.181,0,10752,202,1,0,0,0
1,0,0.0858914,0.6632265673070146,2.438610266234351,0.8212591503600974,26.08262756200157,1390.951616513545,15.19,2.298,0.257,0,13461,1446,0,1,0,0
1,0,0.15475,0.3462581654927522,1.261455731026857,0.8246663837511791,36.90977990484043,517.4953456956878,15.24,1.68,0.452,0,17894,6502,0,1,0,0
1,0,0.355939,0.4660853523888435,2.225799333921492,1.18838686702384,25.16575787797476,1212.906822804496,15.15,1.165,0.209,0,26031,2069,1,0,0,0
1,0,0.245141,0.4321458610531498,2.199591695256853,1.249047248144723,7.597766975109568,1191.547977447778,17.07,2.3,0.209,0,27409,1142,1,0,0,0
1,1,0.0167195,0.4563665089347919,1.747337951716794,0.9499114307625308,1.867585576891053,843.652876344336,18.88,0.7,0.209,0,13005,1297,0,1,0,0
1,0,0.0731015,0.4093917654679179,1.830093012368243,1.080868003064308,2.022777634142611,904.2909220359032,18.02,1.165,0.209,0,12327,742,1,0,0,0
1,0,0.272448,0.4623867606130541,1.342125943829392,0.7215446763273814,28.30430547557324,567.9215312975311,17.09,1.165,0.209,0,12403,1895,0,1,0,0
1,0,0.20084,0.4177364229364259,1.986505484220767,1.156669789098791,5.907560628314966,1022.664262119643,16.62,1.165,0.209,0,17007,1976,1,0,0,0
1,0,0.192109,0.6433140282714381,1.575015433276224,0.5617859103056119,39.57376334726865,721.9807985591831,16.99,1.165,0.209,0,12475,1001,0,1,0,0
1,0,0.100656,0.706136675396694,2.540218482782232,0.7464770485691524,9.540098665988994,1478.784992093634,15.92,1.859,0.154,0,16137,1010,0,1,0,0
1,0,0.220922,0.5950631852285327,1.686860936385938,0.6830720945425364,14.60636889690043,800.2346431131537,17.22,1.165,0.209,0,12820,808,0,1,0,0
1,1,0.022431,0.4303842862505558,1.506278431810615,0.8579998640411969,37.98278074873155,675.2371267007211,16.47,1.568,0.217,0,15282,3649,0,1,0,0
1,0,0.121552,0.4490435144655802,2.045539428905553,1.127003214771887,8.449304858262758,1068.587795279157,15.36,2.928,0.156,0,25599,5530,1,0,0,0
1,0,0.259094,0.4945951790362951,2.520585758412972,1.273916193954372,3.537572849973757,1461.674411175459,17.1,1.165,0.209,0,13035,619,1,0,0,0
1,0,0.084914,0.3598204385041983,1.557173328554624,0.996870538647057,16.08904926747977,709.7474838465487,17.82,1.165,0.209,0,12273,2309,0,1,0,0
1,0,0.0807838,0.5954965442623915,1.496741472648458,0.6054370980320986,9.010105307008864,668.8344210895077,18.01,1.127,0.088,0,13862,786,0,1,0,0
1,0,0.249991,0.5533621269458356,2.709298364968318,1.210075259198575,7.840195220244378,1628.859702914062,16.64,1.165,0.209,0,13394,471,1,0,0,0
1,0,0.37359,0.6078720184389781,1.423768109873002,0.5582993151354517,40.80320751203173,620.5221930179629,16.1,1.617,0.332,0,12086,2236,0,1,0,0
1,0,0.285169,0.5805517770086339,2.588361823549431,1.085683767346501,35.98017743655628,1521.023434747099,14.84,3.698,0.155,0,12430,2285,1,0,0,0
1,1,0.0225618,0.6253872584329812,2.243591562145471,0.8404779860519456,9.828894877652107,1227.479149934783,17.08,1.0,0.3,0,12747,1365,0,1,0,0
1,0,0.278792,0.5333600040139738,2.437574012287096,1.137469527309293,14.58987901881722,1390.065112022485,16.2,1.165,0.209,0,12932,850,1,0,0,0
1,1,0.0454208,0.3248821551152989,1.248516024397156,0.8428954476950227,15.31841222175664,509.5532876938753,17.14,0.938,0.318,0,26031,2899,0,1,0,0
1,0,0.0627749,0.6327414332678227,1.899779910582117,0.6977104470669722,4.546645824686357,956.4303813410896,17.0,1.165,0.209,0,11745,1616,0,1,0,0
1,0,0.22383,0.5443858095812014,2.373742852662802,1.081510928078372,45.96393859001227,1335.82304672484,15.45,1.165,0.209,0,11505,1285,1,0,0,0
1,0,0.376459,0.5037946046076193,1.234715170667993,0.6126723294582824,23.90199081697315,501.1279239446766,17.36,0.829,0.372,0,12767,1388,0,1,0,0
1,0,0.0818345,0.1368708207950084,1.272772361338378,1.098566963556793,4.379082407736592,524.4746849049228,19.48,1.165,0.209,0,13393,1419,1,0,0,0
1,0,0.144465,0.266196921611605,1.006801634917823,0.7387941390291678,63.46447629951305,368.9897438732709,16.94,1.165,0.209,0,11187,659,0,1,0,0
1,0,0.110901,0.5127744449940596,1.884706803046581,0.9182773181378424,13.57578012106713,945.0703196191108,17.7,0.533,0.645,0,26017,880,0,1,0,0
1,0,0.107528,0.5764203097200842,2.575357151071032,1.090868984410834,4.139721507276859,1509.57475804315,17.02,1.165,0.209,0,10807,1018,1,0,0,0
1,0,0.122911,0.4464326419493314,1.979343865919464,1.095700154530834,3.077901529027569,1017.138987024164,17.07,1.165,0.209,0,32436,1647,1,0,0,0
1,0,0.118778,0.375345025616139,1.391610062622502,0.869276148019782,36.87743145221111,599.6181463764807,15.17,2.104,0.19,0,18013,2680,0,1,0,0
1,0,0.168537,0.3374214606403816,1.73995135124983,1.152854424867906,1.991779496725371,838.3089162690331,18.25,1.165,0.209,0,27274,814,1,0,0,0
1,0,0.095124,0.5357232022544138,2.116565607634877,0.9826723025311612,25.49282997471792,1124.724173033631,15.74,1.165,0.209,0,11846,1213,0,1,0,0
1,0,0.203332,0.3890888483002607,1.721006836104945,1.051382268327996,15.02181724657535,824.6550445945493,16.36,1.316,0.318,0,15952,5433,1,0,0,0
1,0,0.117751,0.3938493140798281,1.459442159849555,0.8846418662536252,22.86509787811098,643.9894588101597,15.22,3.621,0.112,0,16953,7282,0,1,0,0
1,1,0.0342305,0.3558264880117015,1.079830693627154,0.695598330266564,10.31047606189567,409.8565959637182,18.38,0.738,0.142,0,13478,1269,0,1,0,0
1,0,0.0670836,0.4745697295028709,1.703131743300387,0.8948769725745697,19.43286060666779,811.8406478308793,18.52,1.298,0.033,0,12032,397,0,1,0,0
1,1,0.0287053,0.4059746714909222,1.54151556458099,0.9156992896520793,24.53702378696844,699.0694091151104,15.96,1.663,0.232,0,13981,11576,0,1,0,0
1,0,0.111421,0.2720743781035213,1.186281932134564,0.8635250131936091,38.49128907468662,471.9329501573839,16.02,1.165,0.209,0,13029,3772,0,1,0,0
1,1,0.0196294,0.4930608984502026,1.961768020564558,0.9944969177941216,5.311806198807854,1003.621376377234,15.8,2.06,0.199,0,25930,3011,0,1,0,0
1,0,0.191325,0.4631927936208146,2.19139481969878,1.17635653123632,5.874289360926586,1184.893652288753,16.54,1.165,0.209,0,17006,2176,1,0,0,0
1,1,0.0145228,0.3055700479680548,1.335598603237952,0.927479673980464,17.25133100963922,563.7834996775716,17.86,0.562,0.511,0,16820,1174,0,1,0,0
1,0,0.103208,0.4017469744114566,1.714784359721659,1.025874931435396,11.41124013701595,820.1866525806931,18.77,0.6,0.14,0,12696,700,1,0,0,0
1,1,0.017744,0.6614190789865951,2.858928574380595,0.9679786698253224,1.945410625718728,1765.644983736571,18.81,0.9,0.209,0,14112,378,0,1,0,0
1,0,0.295816,0.2551997077565503,1.719834689805473,1.280933379577539,14.43029656161941,823.8127018446112,17.4,1.165,0.209,0,15849,1720,1,0,0,0
1,0,0.247936,0.1180821321551418,1.32440528304504,1.168016683385547,13.87314413183647,556.7109756676836,18.47,1.165,0.209,0,11706,2455,1,0,0,0
1,0,0.203837,0.5891185163163288,2.85097653252222,1.171413467630058,4.538228230388974,1758.283459337877,16.86,4.106,0.02,0,10726,1054,1,0,0,0
1,0,0.23903,0.4684499284642309,2.310994350959681,1.228409212571377,7.207235338913958,1283.207096428762,18.78,1.165,0.209,0,11814,990,1,0,0,0
1,0,0.253372,0.4605229212349392,2.276925571750328,1.228349156013333,24.94116670805823,1254.936291329736,16.55,1.165,0.209,0,11889,1001,1,0,0,0
1,0,0.379895,0.6037243912849568,1.442496755241994,0.571626279752996,25.91743965897374,632.8061543817637,16.24,1.165,0.209,0,10551,1981,0,1,0,0
1,0,0.145938,0.442086278608444,1.467961993226417,0.8189961385023166,15.99686865603318,649.6368383808975,15.75,1.87,0.22,0,13630,4982,0,1,0,0
1,0,0.320674,0.2726912399178343,1.751132902868836,1.273614300324617,24.52206667562004,846.4027958845113,17.9,1.165,0.209,0,12278,333,1,0,0,0
1,1,0.018079,0.8591108377053627,2.200560760987559,0.3100351621939868,17.5148851777146,1192.33549779786,14.32,1.165,0.209,0,15800,3529,0,1,0,0
1,0,0.0716901,0.6740611503117545,2.370746703311184,0.7727184533794474,10.65318272529098,1333.294721797033,16.77,1.165,0.209,0,25837,1167,0,1,0,0
1,0,0.14361,0.5534011145993176,1.387152275635407,0.6195006601797928,9.265564091816422,596.7392922749367,17.13,2.885,0.028,0,17939,1693,0,1,0,0
1,0,0.0645639,0.6365901143825305,2.216560249860149,0.8055199068659064,29.4510322865503,1205.362671620876,16.42,1.819,0.147,0,13155,821,0,1,0,0
1,0,0.207384,0.5543410018751942,2.730691563116589,1.216957266206399,5.572826898577681,1648.190473635,16.86,3.183,0.037,0,25719,1934,1,0,0,0
1,0,0.132149,0.3586808024692958,1.18966890974354,0.7629575105239547,9.5801432384384,473.9555301288756,17.32,1.165,0.209,0,12435,2812,0,1,0,0
1,0,0.194161,0.5119986571776927,2.443021865596967,1.192197950955578,4.220492843747773,1394.727801516187,17.78,1.165,0.209,0,16923,585,1,0,0,0
1,0,0.190839,0.3675691580947794,1.881038247622966,1.189626602600113,0.8074098423874633,942.3123135814038,17.19,1.165,0.209,0,26852,1580,1,0,0,0
1,0,0.365526,0.5109393100555013,2.425772850497567,1.186350143912973,17.82927666757282,1379.982641321735,15.69,1.165,0.209,0,17914,4582,1,0,0,0
1,0,0.208291,0.4911145545880303,2.349867120022504,1.195813176031594,2.806118888920614,1315.719719202105,15.98,1.165,0.209,0,26296,2110,1,0,0,0
1,0,0.430897,0.2321096870868804,1.68521666620577,1.294061553139153,36.81440294522665,799.0648834411962,16.14,1.165,0.209,0,26330,3183,1,0,0,0
1,0,0.121552,0.5579079621665085,2.512063670838808,1.11056334740861,3.014071581579442,1454.267809853028,17.0,0.91,0.34,0,11942,591,1,0,0,0
1,0,0.221716,0.4450281219336775,2.231468504984255,1.238402267056961,1.329941058685857,1217.543731948736,16.11,1.572,0.342,0,12990,3234,1,0,0,0
1,0,0.294569,0.6298336249550766,3.166492544212312,1.172129066697848,21.61760667312188,2058.098383460371,16.68,1.165,0.209,0,10789,538,1,0,0,0
1,1,0.0499154,0.5609581811822534,2.033403790480453,0.8927492985634383,6.50656009317443,1059.09244508925,17.72,1.165,0.209,0,10162,368,0,1,0,0
1,0,0.102373,0.49191664420604,2.151653274856077,1.093219216393939,9.95821483369764,1152.80767754439,18.45,1.165,0.209,0,9044,676,1,0,0,0
1,1,0.00357264,0.4766670197508144,1.56469421893207,0.8188560887723918,6.989238408816909,714.8956324939558,20.51,1.165,0.209,1,6122,54,0,1,0,0
1,0,0.0565469,0.4639863709778118,1.556029718167038,0.8340531361010868,6.301137676910375,708.9657543477177,17.76,1.165,0.209,0,9892,743,0,1,0,0
1,0,0.32957,0.4118678698971713,1.876580530704813,1.103677304832918,33.95508952342889,938.9646369008968,15.41,2.716,0.199,0,26190,5550,1,0,0,0
1,0,0.239713,0.5561765317058341,2.753128543662385,1.221903058907905,8.296754597369517,1668.545909036704,16.64,1.165,0.209,0,11747,936,1,0,0,0
1,0,0.092331,0.6366703662726939,2.417343290236961,0.878292452234956,31.93452159542741,1372.795734821516,13.85,3.687,0.123,0,26646,3808,0,1,0,0
1,0,0.307313,0.2388112962125414,1.70638510542341,1.298881066559471,38.46253332078575,814.167953879362,14.33,2.793,0.206,0,13378,8201,1,0,0,0
1,0,0.313255,0.5203376226035734,2.377785884323656,1.140534430214349,20.94845375909073,1339.237321719358,16.18,1.165,0.209,0,12548,1023,1,0,0,0
1,0,0.109294,0.1206993338432883,1.269413386826883,1.116196036665126,23.97971150583253,522.399843028791,17.45,1.165,0.209,0,18416,2351,1,0,0,0
1,0,0.167751,0.2764328750759454,1.10465471357553,0.7992918351356513,9.848369644079112,424.0706851716993,18.09,0.524,0.444,0,11016,2345,0,1,0,0
1,1,0.0337203,0.5698609189126077,1.218915298512788,0.5243031064256553,3.205277689404138,491.5398342382602,17.68,1.165,0.209,0,25672,1466,0,1,0,0
1,0,0.063708,0.5239828354040134,1.576229003804542,0.7503120611449947,11.40517799839807,722.8154031176867,16.96,1.165,0.209,0,9843,2777,0,1,0,0
1,0,0.256513,0.4008870669335677,1.823951960121236,1.092753208600502,40.97777803994818,899.7430904527962,16.06,1.098,0.64,0,11749,1525,1,0,0,0
1,1,0.0139315,0.5893723822579924,1.846972271606353,0.758417823925261,51.33619490892929,916.8303683483592,16.04,1.165,0.209,0,13096,2706,0,1,0,0
1,0,0.240689,0.517876855421969,2.289790061045959,1.103960784654999,23.43967418554438,1265.586768824124,17.28,1.165,0.209,0,11207,303,1,0,0,0
1,0,0.101965,0.3610810674047761,1.750306302763282,1.118303834676209,14.36276677705962,845.8035660352609,18.38,0.866,0.123,0,14820,762,1,0,0,0
1,0,0.079531,0.5165155918450801,2.128134645004065,1.028919919313771,8.438124423510564,1133.958288294453,16.87,1.165,0.209,0,10426,2426,1,0,0,0
1,0,0.15055,0.8223240980730134,2.310363449056022,0.4104959095901722,25.73582375070747,1282.681658616667,16.42,1.165,0.209,0,11315,625,0,1,0,0
1,0,0.0817839,0.5456999370344365,2.210942790120874,1.004431448765172,23.76906241312448,1200.783424706213,14.71,1.165,0.209,0,12943,3203,0,1,0,0
1,0,0.151029,0.441623172283598,1.974739257808194,1.102648642341982,14.63142000498051,1013.591749783691,16.43,1.165,0.209,0,9371,2176,1,0,0,0
1,0,0.100546,0.3056824073941979,1.334800252725819,0.9267752980822072,21.92469130836329,563.2780750947013,17.37,1.165,0.209,0,12283,1376,0,1,0,0
1,1,0.0130471,0.2801776414987972,1.324052284342771,0.9530824380945184,1.620940810523569,556.4884171058932,19.26,0.33,0.209,0,9588,1025,0,1,0,0
1,0,0.173045,0.3708425951258621,1.540507818695234,0.9692219013986124,14.32777170996191,698.3840097708068,16.74,3.21,0.052,0,17044,3900,0,1,0,0
1,0,0.273801,0.4998821721278092,2.557844060522811,1.279223415584453,15.76385146245839,1494.202721272978,13.75,5.683,0.177,0,10166,4937,1,0,0,0
1,0,0.271838,0.6445516679262797,3.301604876913667,1.173549946665424,14.7881871646641,2191.220452715978,16.79,1.165,0.209,0,26388,548,1,0,0,0
1,0,0.155285,0.4695779034475392,2.138902148650338,1.134520962007675,5.37657141660535,1142.57522284342,19.28,1.165,0.209,0,27385,399,1,0,0,0
1,0,0.130934,0.5762265547823109,1.606206547150777,0.6806676822172933,8.679651428159868,743.5334556875189,18.2,1.165,0.209,0,8407,73,0,1,0,0
1,1,0.0349296,0.4716796888989747,1.545652693614059,0.8165997119443174,13.53154632175524,701.8855467208723,18.12,1.165,0.209,0,19027,906,0,1,0,0
1,0,0.260858,0.5569713563969825,2.853632133836094,1.264240773595389,11.01481282499635,1760.740715810447,15.5,5.4,0.042,0,10857,2232,1,0,0,0
1,0,0.130229,0.5931642407996314,2.809073882261402,1.142831705539744,3.501514189480433,1719.662297172343,19.49,1.172,0.027,0,12226,108,1,0,0,0
1,1,0.00295266,0.4334634784229481,1.744038560536442,0.9880615395825648,8.698256878132389,841.2644776557507,18.31,1.165,0.209,0,10345,522,0,1,0,0
1,0,0.23167,0.4264204630521733,2.138488810926936,1.22659342193958,5.356381109978236,1142.244038952128,17.89,1.165,0.209,0,27344,1145,1,0,0,0
1,0,0.443332,0.3989591606117214,1.874892432254218,1.126886921244806,36.94928556464895,937.6979380805468,15.88,1.802,0.256,0,17470,1521,1,0,0,0
1,1,0.0392216,0.5075684253580967,1.698452772904173,0.836371773416109,12.15583900338491,808.4974229960336,17.28,1.3,0.07,0,27964,1180,0,1,0,0
1,0,0.0694896,0.6808410808193444,2.436354641885855,0.7775843142450628,8.735234675791963,1389.022194607324,14.73,1.165,0.209,0,12899,3476,0,1,0,0
1,0,0.402976,0.6431579270964808,1.559853019095078,0.5566211847587005,36.25184568412934,711.5803449487781,17.27,1.165,0.209,0,11278,303,0,1,0,0
1,0,0.356114,0.5019346210300114,2.606369969443488,1.298142646566868,8.956735907052892,1536.924456653609,16.4,1.165,0.209,0,25863,1565,1,0,0,0
1,0,0.292329,0.2570678831176565,1.72322093747499,1.280236178934271,20.21905966755722,826.2469531380151,17.23,1.165,0.209,0,10461,1329,1,0,0,0
1,0,0.233551,0.3913141330859272,2.015288881799708,1.226677860100548,6.503588756330513,1044.971366153451,17.61,1.165,0.209,0,17386,1721,1,0,0,0
1,0,0.142737,0.4296660114541036,2.031259426850564,1.158496290687134,5.966514083039063,1057.417558522377,17.16,1.165,0.209,0,10040,1044,1,0,0,0
1,0,0.124959,0.5478653719983159,1.597700727319845,0.7223758240047783,18.81496408342866,737.6351033827344,19.54,1.165,0.209,0,8765,68,0,1,0,0
1,1,0.0012154,0.5778302081684207,2.136837216908367,0.9021081230401764,9.536811301753929,1140.921030538331,16.19,1.165,0.209,0,11053,1701,0,1,0,0
1,0,0.452139,0.4403229364048001,2.247074662581712,1.257636148832907,18.94052312030505,1230.338689192433,16.04,1.165,0.209,0,15187,2611,1,0,0,0
1,1,0.0103337,0.4176323341477639,0.7186981142905206,0.418546543271774,7.368421100520266,222.5451760911951,18.02,0.432,0.654,0,9571,1983,0,0,1,0
1,0,0.283556,0.3857439062865109,2.070063982526224,1.271549415643547,6.180999219896055,1087.862685631761,16.09,1.165,0.209,0,33715,1796,1,0,0,0
1,1,0.0264548,0.1437417409888352,1.136585170327209,0.9732104391622846,13.91995440611548,442.5898039512099,16.86,0.929,0.408,0,12673,6255,0,1,0,0
1,1,0.000159853,0.4840078498465715,1.442137239126447,0.7441314948331845,4.09944465209178,632.569595962698,17.01,0.704,0.772,0,13144,2664,0,1,0,0
1,0,0.152289,0.5456542819504405,2.500436428691595,1.136062584631159,13.14576903244401,1444.182749420674,19.39,1.165,0.209,0,10312,301,1,0,0,0
1,0,0.0727215,0.5963282872769468,2.122129000238481,0.8566434481455281,7.141949716888681,1129.161591939767,19.57,1.165,0.209,0,10214,126,0,1,0,0
1,0,0.0780828,0.3141673968920492,1.523508904086432,1.044872077547739,5.549188067074569,686.8563569309437,19.29,1.165,0.209,0,9451,972,1,0,0,0
1,0,0.134657,0.3322972359331673,1.551384238039637,1.035863543868782,38.22151576561981,705.7932311220541,16.3,2.339,0.089,0,10516,1917,1,0,0,0
1,0,0.229004,0.4238250278310883,1.332488731631786,0.7677466578633328,58.03372233316932,561.8155357060812,15.95,1.165,0.209,0,16868,2090,0,1,0,0
1,0,0.268146,0.5538375379177711,1.484214067001907,0.6622006023906488,46.77845441781262,660.4550146100939,15.04,1.165,0.209,0,9219,3108,0,1,0,0
1,0,0.351332,0.483173100979611,2.25368814204102,1.164766653810082,36.66224342294702,1235.774292082759,15.78,1.165,0.209,0,17771,1446,1,0,0,0
1,1,0.000823398,0.5199562324746126,1.912980460347092,0.918314347387468,5.078815281156209,966.4162591007372,19.28,1.165,0.209,0,10788,956,0,1,0,0
1,1,0.0249038,0.7523782827017306,1.477814186965104,0.3659388868240449,18.03420930483809,656.1878338970461,17.85,1.165,0.209,0,10923,658,0,1,0,0
1,1,0.0333305,0.5068726609177846,2.090235892260814,1.030752463604715,12.73180833763459,1103.802512378517,19.57,1.165,0.209,0,8690,425,1,0,0,0
1,0,0.385709,0.566276108013502,1.42008023843795,0.6159227279484218,23.67485773842879,618.1128221949397,17.36,0.643,0.469,0,12507,1289,0,1,0,0
1,0,0.0541413,0.5757477791133925,2.035312576974293,0.8634858809797882,9.404511490434809,1060.584073839279,18.33,1.165,0.209,0,9339,195,0,1,0,0
1,0,0.297871,0.4262589793467195,2.263909771426183,1.298897902924993,5.547338815174093,1244.191121254777,17.01,1.165,0.209,0,12484,769,1,0,0,0
1,0,0.0918496,0.3341991140200894,1.641922677479601,1.093193573376425,8.597398852403703,768.4709921856754,18.46,1.165,0.209,0,27140,426,1,0,0,0
1,1,0.0270103,0.4927932996722058,2.036180465891058,1.032764375376514,10.02899374051598,1061.262520451371,16.56,1.554,0.184,0,12251,896,1,0,0,0
1,0,0.18584,0.4691036907033987,2.250207374180624,1.19462679010449,12.94086524280102,1232.912461693762,15.69,2.131,0.205,0,14196,2317,1,0,0,0
1,0,0.256531,0.1610829175871168,1.49495830553073,1.254146060004747,25.84460688350804,667.6395371239101,17.75,0.954,0.177,0,13786,1120,1,0,0,0
1,0,0.156335,0.8083922046414319,1.338831390975221,0.2565305311816072,34.47857910506809,565.8316766018293,15.54,1.641,0.214,0,25983,3897,0,1,0,0
1,0,0.22572,0.4550947167732494,2.265056097421953,1.234241034290188,2.522075048597682,1245.136231241012,17.7,1.165,0.209,0,9863,776,1,0,0,0
1,1,0.0112031,0.5557408831209493,1.592574408003503,0.7075157000638133,2.17439082765569,734.0878324057505,20.66,0.204,0.267,0,10197,444,0,1,0,0
1,0,0.236659,0.2114738925008628,1.575585658371247,1.242390426226945,15.10508576722792,722.372917411937,19.88,1.165,0.209,0,9686,215,1,0,0,0
1,0,0.109996,0.3915499270280274,1.419399496682514,0.8636337273328568,24.07659256361232,617.6684197249687,16.7,1.165,0.209,0,17921,2116,0,1,0,0
1,0,0.136678,0.4296121788574687,1.917918363814261,1.093957276665265,5.024915609166991,970.160532863056,17.82,0.844,0.227,0,14567,573,1,0,0,0
1,0,0.0995727,0.5481022352647963,2.212564404770133,0.9998529088482998,8.084776662524966,1202.104737723757,17.98,1.165,0.209,0,16864,2073,0,1,0,0
1,0,0.167872,0.1441227829605507,1.278261560215621,1.09403494680585,7.725974002193582,527.871263644886,20.05,1.165,0.209,0,11843,447,1,0,0,0
1,0,0.0606571,0.1896808163169712,1.282065747320134,1.038882469796423,24.15232096411907,530.2294833356639,17.75,0.89,0.171,0,11930,1761,1,0,0,0
1,0,0.21134,0.2925322631512681,1.561591903955766,1.104775890172888,10.98174253392998,712.7705542696623,19.13,1.165,0.209,0,9826,328,1,0,0,0
1,0,0.162129,0.5248839500237265,1.426886544601311,0.677936698835269,11.17360610959586,622.5619744234237,16.67,1.059,0.471,0,12436,2546,0,1,0,0
1,1,0.0169976,0.623885674110855,2.407796400022283,0.905606719872691,2.426985493017353,1364.671331199724,17.52,1.0,0.209,0,9768,708,0,1,0,0
1,0,0.193303,0.2242747909512439,1.554564504986612,1.205914875610516,19.48526421543156,707.9646088897662,17.96,1.165,0.209,0,9773,461,1,0,0,0
1,0,0.137191,0.6533467920780569,2.415417109046628,0.8373120893205594,33.86602187190875,1371.155260431807,14.82,6.742,0.051,0,26635,1331,0,1,0,0
1,1,0.00717786,0.5758477352677044,2.379215973678366,1.009149843522933,5.87999431740357,1340.445704480133,16.02,1.75,0.209,0,14014,6132,0,1,0,0
1,0,0.409293,0.2146333316799784,1.644474124387471,1.291515164208673,40.62578924350147,770.2629228959836,16.72,1.165,0.209,0,9759,1538,1,0,0,0
1,1,0.0256044,0.6415851993577721,2.724307859013053,0.976432258176218,13.83947332644614,1642.414239798789,15.35,7.0,0.209,0,10023,1701,0,1,0,0
1,0,0.0871648,0.6280909803532769,2.100870478749085,0.781332680156314,10.87619319218309,1112.237015842231,18.73,1.165,0.209,0,7620,117,0,1,0,0
1,1,0.0268651,0.5397498283093624,1.922293127809326,0.884735742113975,22.76522914541405,973.481823377923,17.19,1.165,0.209,0,8871,1284,0,1,0,0
1,1,0.0492856,0.6410233694707833,2.021776933420006,0.7257706712408063,26.77866782817879,1050.021720526444,19.02,1.165,0.209,0,9524,209,0,1,0,0
1,0,0.291135,0.4031852527945609,2.099029198646479,1.252731580567034,60.40374404728643,1110.775128172799,16.66,1.233,0.266,0,9834,991,1,0,0,0
1,0,0.205346,0.4828927595556637,2.311213233188695,1.195145097092638,15.34547596252752,1283.3894061864,14.73,1.165,0.209,0,18965,3335,1,0,0,0
1,1,0.0466823,0.4197554618527413,1.49518576569488,0.8675733740599811,7.179047051384453,667.7919164656797,19.05,1.165,0.209,0,12130,441,0,1,0,0
1,1,0.0476226,0.2691823290049546,1.3706136695693,1.001668689828608,40.78349692236938,586.099046926182,17.35,0.843,0.222,0,26084,1308,0,1,0,0
1,0,0.125704,0.1973917137394413,1.329319331691182,1.066922710701691,23.44272922005249,559.8122629903065,17.42,1.165,0.209,0,13828,2055,1,0,0,0
1,0,0.35509,0.2623645516211907,1.710898241804351,1.262019191723869,18.94644701066137,817.4001195196287,17.22,1.189,0.181,0,13280,1218,1,0,0,0
1,0,0.000498232,0.2299839852065449,1.0058920794812,0.7745530103544149,1.599355324389884,368.4898328610733,22.66,1.165,0.209,0,1826,550,0,1,0,0
1,0,0.0869682,0.2806159691655519,1.47675560240813,1.062354397817714,46.68855802899976,655.4829016687243,17.92,1.165,0.209,0,9093,920,1,0,0,0
1,0,0.433531,0.3417082594530741,1.776824190155564,1.169668688783388,33.20688997896685,865.0976138763135,16.61,1.349,0.244,0,13803,1493,1,0,0,0
1,0,0.412909,0.2564318342311533,1.629477150789439,1.211627336174749,35.36159839325154,759.750228463799,17.49,1.165,0.209,0,26843,602,1,0,0,0
1,0,0.292184,0.2874686814621475,1.776005368771031,1.265459447140728,24.46599388504491,864.4996829039434,15.07,1.567,0.856,0,17221,9934,1,0,0,0
1,0,0.14581,0.2245665852960851,1.099898842728285,0.8528983154456783,30.38999762557383,421.3350071396661,18.88,0.461,0.342,0,16722,560,0,1,0,0
1,0,0.338484,0.6951890215512284,1.794733035779669,0.5470543326903351,38.53931638956901,878.2096649575271,16.18,1.306,0.376,0,26579,1404,0,1,0,0
1,0,0.131945,0.3441722376804605,1.66467161811244,1.091737862303528,10.95189581097374,784.4970042377512,18.28,1.165,0.209,0,13661,375,1,0,0,0
1,1,0.0140368,0.2645383350767826,0.9147753357624494,0.6727821914705462,1.30319645920924,319.5730126259692,19.62,0.918,0.033,0,25910,1164,0,0,1,0
1,1,0.0392026,0.3632452160872446,1.427753958455449,0.9091291632968804,11.14193685576332,623.1297500594842,19.07,1.165,0.209,0,12418,1183,0,1,0,0
1,0,0.0629441,0.5551950179239633,2.397977012394691,1.066632122016969,9.63291697123042,1356.33181873381,16.57,1.165,0.209,0,12021,793,1,0,0,0
1,1,0.0474859,0.2808936726236798,1.395058419227764,1.003195336326293,2.809326978775386,601.8482728049472,20.87,1.165,0.209,0,12271,5611,0,1,0,0
1,0,0.0659837,0.4744122598080125,1.154345935719277,0.6067100717545002,4.145046232511687,453.0043727332924,18.37,1.165,0.209,0,11984,1045,0,1,0,0
1,1,0.039575,0.3831233242624545,1.642709608529702,1.013349242511927,3.413876519313629,769.0235207660371,18.11,0.78,0.209,0,896,1869,0,1,0,0
1,1,0.0128179,0.539633907182865,1.091074784580512,0.5022938355486277,3.560507611789375,416.2748811428256,19.31,1.165,0.209,0,9149,536,0,1,0,0
1,0,0.192787,0.6072569929620509,2.929288181206285,1.150457448767681,9.54760718004815,1831.224439951352,18.49,1.165,0.209,0,11113,1429,1,0,0,0
1,0,0.0765372,0.3627844838624956,1.426115532648967,0.9087429452086238,61.0079685320197,622.0574446020269,15.93,1.484,0.319,0,10714,1950,0,1,0,0
1,0,0.0922145,0.7200613522036359,0.990935434854685,0.2774011256867226,22.69213789572303,360.3018273971693,18.15,1.165,0.209,0,9064,1321,0,0,1,0
1,0,0.0736999,0.4836978970771527,0.787569817732645,0.4066239530939282,5.415278890435239,255.2889535700556,14.36,2.864,0.224,0,15994,2413,0,0,1,0
1,0,0.247171,0.1981043891671686,1.535620631645133,1.231407444420572,11.27912400932974,695.0632624037995,17.0,1.222,0.187,0,15313,4079,1,0,0,0
1,0,0.193876,0.837762937754494,1.334052473762867,0.2164327542246376,19.49704546832352,562.8048037234009,18.4,1.165,0.209,0,10017,486,0,1,0,0
1,0,0.408851,0.1433801698902433,1.507498370988935,1.291352998447277,51.31378484660715,676.0576074710272,17.22,0.808,0.4,0,9546,1221,1,0,0,0
1,1,0.0132404,0.6883840168509753,0.6423893266185235,0.2001787815786712,38.87861960632899,188.0597704133843,16.64,1.317,0.209,0,10188,3871,0,0,1,0
1,0,0.0590834,0.5725100143583141,0.855356746564645,0.3656564433074393,9.063485260470252,288.9477750479243,19.27,0.411,0.182,0,13942,835,0,0,1,0
1,0,0.0953492,0.1201623068468532,1.198627447995019,1.054597608793981,21.77081164534061,479.3191216312169,18.84,1.165,0.209,0,15562,695,1,0,0,0
1,0,0.275657,0.5652938896871075,2.538594922643077,1.10354272448223,20.61954967660752,1477.367488413603,16.94,1.165,0.209,0,8890,638,1,0,0,0
1,1,0.0463995,0.2126112772705565,1.30849550283369,1.03029460267344,9.023738871794158,546.7096986999876,17.08,1.165,0.209,0,18299,730,1,0,0,0
1,1,0.0181777,0.5428170850830439,1.320146089790549,0.603548237446665,10.67168270676032,554.027621540234,19.98,1.165,0.209,0,9287,312,0,1,0,0
1,0,0.0513438,0.3461813409756198,1.301206296150248,0.8507529556630357,14.690595098006,542.1477515036393,18.41,1.165,0.209,0,26793,386,0,1,0,0
1,0,0.229298,0.1285910806345583,1.376417841779036,1.199422784099984,15.17340947568074,589.825938151358,18.13,1.165,0.209,0,11597,1136,1,0,0,0
1,0,0.27221,0.4581871243511472,2.333672404238548,1.26441375616286,5.719830461264612,1302.141747566278,15.57,2.301,0.211,0,13318,3492,1,0,0,0
1,1,0.0243888,0.326615401223688,1.319908047368223,0.8888057508986762,17.99168617086987,553.8777788832484,16.57,0.994,0.449,0,8878,3052,0,1,0,0
1,0,0.0591428,0.4272551671966267,1.509762881100152,0.8647088889084459,38.82488278038864,677.581503719327,17.01,0.875,0.401,0,9085,794,0,1,0,0
1,0,0.263126,0.1142774499353794,1.435861042195958,1.271774503832248,2.621559024778656,628.4446674222769,18.47,0.942,0.087,0,10565,1829,1,0,0,0
1,1,0.0388684,0.4165126854821235,1.507551202759908,0.8796370027965732,16.69511822794217,676.0931474433797,16.92,0.736,0.291,0,16882,1249,0,1,0,0
1,1,0.0146687,0.3799068755175077,0.96164739339232,0.5963109368190882,17.13172014193466,344.4468480698986,19.92,1.165,0.209,0,7444,614,0,0,1,0
1,0,0.385308,0.8407940290683571,2.155466584801472,0.3431631504440308,25.34686713891884,1155.873664189549,14.27,3.512,0.299,0,26339,1637,0,1,0,0
1,0,0.302253,0.2475232677126092,1.669714086278353,1.256420999496961,29.56999642970509,788.0641900290794,16.11,1.794,0.219,0,26044,7571,1,0,0,0
1,0,0.278759,0.1742788200559141,1.517188153816872,1.252774392566857,9.857107743297888,682.5863378205019,18.07,1.165,0.209,0,11099,2970,1,0,0,0
1,1,0.00423587,0.4156821917636686,1.618327575292986,0.9456176218036144,8.105322232448865,751.9657815351412,18.95,1.165,0.209,0,8559,388,0,1,0,0
1,1,0.0253827,0.4367044386411098,1.707400123005336,0.9617709107525289,22.71515285274391,814.8945052877955,16.57,1.182,0.289,0,11630,1389,0,1,0,0
1,1,0.00610739,0.3442881057690048,1.056954171251775,0.6930574217468533,25.15147283752495,396.9014288861371,16.39,1.65,0.178,0,25963,2954,0,1,0,0
1,1,0.00465584,0.6239316611845052,1.655092781152288,0.6224279927934584,6.067204709668276,777.7355369637816,17.68,1.165,0.209,0,32466,2716,0,1,0,0
1,1,0.0159703,0.7775668486490369,2.220179896495621,0.4938416109435761,3.118704309944379,1208.316415589199,17.13,1.1,0.242,0,12373,750,0,1,0,0
1,0,0.146655,0.1844505930500375,1.374045513597854,1.120602003736986,33.87870043430357,588.3017015919183,18.41,1.165,0.209,0,17503,1076,1,0,0,0
1,1,0.000365042,0.3111169951456499,1.233777970028331,0.8499286753162169,12.80616969785869,500.5574665367712,18.75,1.165,0.209,0,11938,1178,0,1,0,0
1,0,0.0643197,0.4419112021084295,1.891267918440263,1.055495439093219,17.71289336883042,950.0096360385072,16.49,2.506,0.093,0,11572,10201,1,0,0,0
1,0,0.276069,0.6599048477639103,3.765107488959104,1.280494804642788,2.575579540629686,2668.483340131779,14.79,1.165,0.209,0,16220,1180,1,0,0,0
1,1,0.021337,0.3563524438492223,1.297617303550895,0.8352082062494952,4.082462762793433,539.9062676369374,21.62,1.165,0.209,0,9985,206,0,1,0,0
1,0,0.143012,0.3314070654854003,1.591921294880436,1.064347330060392,13.02605171412307,733.6363057112831,17.28,0.775,0.461,0,10257,4639,1,0,0,0
1,1,0.000783449,0.4856769477034077,1.580376523687749,0.8128240774409606,4.51581748762242,725.6701873534414,21.14,1.165,0.209,0,7584,277,0,1,0,0
1,0,0.123454,0.3376364478367749,1.645939031692191,1.090210023675739,24.83325085957611,771.2923842446539,15.93,2.23,0.141,0,9907,5988,1,0,0,0
1,1,0.004487,0.6388452374596194,1.923671601138509,0.694743160314852,10.78439587748917,974.5291344672836,15.77,3.484,0.076,0,10213,1516,0,1,0,0
1,0,0.0833302,0.3451936138336726,0.9976760608731492,0.6532846559850037,33.17703972157087,363.9843861580919,20.72,1.165,0.209,0,12791,468,0,0,1,0
1,1,0.0356945,0.3288710083978487,1.402887454748021,0.941518442836348,13.58665222904914,606.9217120532106,19.09,0.939,0.042,0,13589,903,0,1,0,0
1,0,0.372335,0.3542666651406706,1.721335989474245,1.111524028896588,27.663790466138,824.8916365930982,15.37,2.272,0.167,0,13284,4087,1,0,0,0
1,0,0.109809,0.416079763929191,1.656573005351672,0.9673065003534778,62.71788796154009,778.7791162135019,15.42,2.028,0.168,0,11841,1701,0,1,0,0
1,0,0.240561,0.2481318487511126,1.653401568826471,1.243139980825569,9.319690444167152,776.54377912492,16.58,1.14,0.405,0,11885,2886,1,0,0,0
1,0,0.280962,0.3021077910925504,1.830093871422066,1.277208254434731,0.9453562680716888,904.2915587532664,18.32,1.165,0.209,0,11097,788,1,0,0,0
1,1,0.0238517,0.4844119797573307,1.852760305914386,0.9552610181106004,9.1390462979438,921.143482052546,18.73,1.165,0.209,0,9259,647,0,1,0,0
1,0,0.0708934,0.703060429497521,0.7388996449630427,0.2194085432197601,12.59613380715973,231.9939255897559,18.09,0.59,0.32,0,20138,2132,0,0,1,0
1,1,0.0478721,0.6328223978541245,0.8830646990257738,0.3242415787279528,17.06759913269018,303.1008908517695,17.07,1.462,0.056,0,12805,3852,0,0,1,0
1,1,0.0313527,0.3115668280302594,1.009080106095535,0.6946842182109111,5.360648094219497,370.2430314357445,20.27,0.451,0.095,0,9026,1203,0,1,0,0
1,1,0.0248171,0.578844727082651,1.759780688401486,0.741140916098408,7.133321005180862,852.6803369046169,15.94,2.22,0.14,0,9859,1822,0,1,0,0
1,0,0.364265,0.3233657996271045,1.817213475224895,1.229588786715647,30.54966107665891,894.7616253631002,16.45,1.245,0.314,0,13586,1562,1,0,0,0
1,0,0.341935,0.4344216713182186,1.966653162795234,1.112296408910468,34.60569281972951,1007.372495835549,15.83,2.102,0.191,0,9793,3565,1,0,0,0
1,0,0.279147,0.3625525505877431,1.844463104286087,1.17574830136218,34.31296842470558,914.9626906316116,17.35,1.348,0.098,0,17016,1154,1,0,0,0
1,0,0.125149,0.4148729905917015,0.9680847444705668,0.5664525313858596,18.11003335623268,347.9112653548574,18.44,1.165,0.209,0,9608,4250,0,0,1,0
1,0,0.0812612,0.4269914942943743,1.463132427326067,0.8383873258315546,29.01203481143463,646.4335381884231,16.88,1.165,0.228,0,9223,2114,0,1,0,0
1,0,0.133305,0.5945635502394542,0.8594244408334459,0.3484419941289546,14.28769039143156,291.011383248106,17.54,0.745,0.349,0,13186,2444,0,0,1,0
1,1,0.0165109,0.5058071974643612,1.995656261893172,0.9862389609627832,10.06177329990732,1029.7387017424,17.48,0.802,0.301,0,11324,864,0,1,0,0
1,0,0.203319,0.5750453456324024,1.462656855495335,0.6215628384854173,14.37157342855701,646.118391801513,15.81,1.823,0.232,0,18665,2103,0,1,0,0
1,0,0.10279,0.6185480251969145,1.341453266277098,0.5116999975274482,9.472492185699856,567.4946188364597,17.65,1.165,0.209,0,15386,813,0,1,0,0
1,0,0.0967498,0.1898110428216893,1.196532473967079,0.9694173973133718,14.43336894461765,478.0630321593237,18.72,1.165,0.209,0,17201,3887,0,1,0,0
1,0,0.350714,0.4835809819139221,1.226499009867458,0.6333874143592996,25.32121448361517,496.1342736996132,18.09,1.165,0.209,0,9297,365,0,1,0,0
1,0,0.202133,0.4631935889850706,0.8474619765456335,0.4549230221010797,34.74278775574265,284.9566255953034,17.59,0.568,0.499,0,18320,1157,0,0,1,0
1,0,0.108465,0.5121124157183469,1.590263051802437,0.7758695987162604,7.697263280835349,732.4903032672703,16.5,1.948,0.142,0,16102,2673,0,1,0,0
1,1,0.0467917,0.6427472570213498,0.8586365365247793,0.3067502578951654,19.22130245275723,290.6112842659101,15.96,1.165,0.209,0,17573,2531,0,0,1,0
1,0,0.233512,0.3913281110864821,2.007884441462599,1.222142815705104,11.34468926393319,1039.21761286243,16.08,1.371,0.374,0,12423,3661,1,0,0,0
1,0,0.172189,0.5953431754567626,0.9539860883769896,0.3860369811810568,17.81434486918558,340.338820389892,19.48,0.912,0.028,0,9207,364,0,0,1,0
1,1,0.010087,0.6294723580624813,1.182411609784792,0.4381161855731046,1.522822954633807,469.6252668126487,17.77,0.8,0.252,0,17620,1001,0,1,0,0
1,0,0.374492,0.4325339812299933,2.096870368739082,1.189902680025163,38.78547725945203,1109.06193769655,15.69,5.748,0.037,0,10337,2524,1,0,0,0
1,0,0.168899,0.453404290842178,2.147022338834963,1.173553197873182,12.07959088510603,1149.087952961053,17.01,1.165,0.209,0,10104,1506,1,0,0,0
1,0,0.197207,0.2701092262478624,1.061474255080719,0.7747602653588401,21.90005290313081,399.4501833105405,17.61,0.76,0.281,0,26224,2575,0,1,0,0
1,0,0.0509695,0.5636956575060357,1.723421532016894,0.7519362983665718,53.83780010912363,826.3912284152283,17.45,1.165,0.209,0,7342,456,0,1,0,0
1,1,0.0286588,0.2527708093178865,1.355898851000673,1.01316720108004,1.9060443130402,576.6859437084012,20.27,1.165,0.209,0,8874,1355,0,1,0,0
1,0,0.444609,0.3082656224421468,1.786949432449231,1.236094353382628,22.66286919147294,872.502783672503,15.8,2.038,0.246,0,17588,3744,1,0,0,0
1,1,0.0276542,0.5069959499804729,2.077441511494952,1.024187078845699,43.64692697979796,1093.683436871357,14.98,5.067,0.079,0,16110,3643,1,0,0,0
1,1,0.000386186,0.8863572148214808,1.641687253664004,0.1865659118984516,9.901380474279671,768.305719584476,17.22,1.165,0.209,0,9473,1129,0,1,0,0
1,1,0.000333015,0.5283515667275085,1.73520889912276,0.8184085586717347,42.36113116259965,834.8838811575067,16.55,1.407,0.224,0,26291,1971,0,1,0,0
1,1,0.0261362,0.5740759617542821,2.136714019549971,0.9100778637829636,8.853744331137095,1140.822363852334,15.38,2.233,0.294,0,25753,3624,0,1,0,0
1,0,0.18753,0.3314553011145456,1.474375799367563,0.9856861248321886,27.99549803161757,653.8990665624274,18.31,1.165,0.209,0,13190,878,0,1,0,0
1,0,0.151697,0.426221873323789,1.155466570206717,0.6629814440901968,16.8817090519731,453.6641950977913,17.92,1.748,0.048,0,15319,1758,0,1,0,0
1,0,0.317041,0.204389545165222,1.626849000310951,1.294338073084899,9.872047713010996,757.9128913297973,18.81,1.165,0.209,0,10432,462,1,0,0,0
1,1,0.0367498,0.2800085956067067,1.234423434655499,0.8887742623336058,19.00837087479888,500.9503261922229,17.77,0.572,0.493,0,13517,2220,0,1,0,0
1,1,0.00187826,0.4922062760925185,1.695242208273342,0.8608333538642627,7.826236825922405,806.2060674037831,18.83,0.968,0.062,0,12084,932,0,1,0,0
1,0,0.332748,0.3070230253546472,1.820527213666112,1.261583440785876,14.00137127075842,897.2101741846676,16.48,3.605,0.041,0,14786,1555,1,0,0,0
1,0,0.110516,0.6434049496863911,1.443068835841093,0.5145912041227555,6.654107575058427,633.1826391259427,17.04,1.165,0.209,0,10605,1342,0,1,0,0
1,0,0.449591,0.7769534006159013,2.304772738814334,0.5140717217457126,41.06072926274686,1278.028649471595,15.37,1.165,0.209,0,18192,1965,0,1,0,0
1,0,0.113632,0.351190235754478,0.9078587450146364,0.5890276183211816,13.60318709642201,315.9554484002749,16.28,0.882,0.489,0,12365,3847,0,0,1,0
1,0,0.246177,0.259555622457119,1.698469544857002,1.257622224917183,1.767605206653097,808.5093987020992,18.17,1.165,0.209,0,14005,881,1,0,0,0
1,0,0.362513,0.7791242676106881,2.095409255705397,0.4628250540092725,34.72467609666307,1107.90293720034,14.78,1.165,0.209,0,9922,2303,0,1,0,0
1,0,0.283026,0.3089940593571795,1.798161764231324,1.242540461320619,18.18803309456615,880.727515884355,18.75,1.165,0.209,0,9299,267,1,0,0,0
1,0,0.0830141,0.2191666914570141,1.03218079466168,0.8059611449102079,4.808321173612089,383.0293804342471,18.71,1.165,0.209,0,15801,2398,0,1,0,0
1,1,0.0466999,0.5078642903007358,1.866259181186678,0.9184527866160732,10.61148261192053,931.2287226003313,16.54,1.115,0.429,0,12734,3607,0,1,0,0
1,0,0.120459,0.2757426235043186,1.462136800010144,1.058963362853138,7.557827203435113,645.7738261477423,18.52,1.165,0.209,0,13582,2410,1,0,0,0
1,0,0.15425,0.5946641738631883,0.7283845507672464,0.2952403536305323,28.79884462546406,227.0594154453588,17.96,1.4,0.209,0,13198,1591,0,0,1,0
1,0,0.167817,0.6450753732581186,1.653874200566391,0.5870006833140538,12.77495462602139,776.8767703397748,16.15,1.165,0.209,0,26027,2659,0,1,0,0
1,1,0.000107917,0.1911492279663492,0.9223592206975018,0.7460509677535309,3.340996879880978,323.5553366891694,19.09,0.34,0.35,0,6599,7370,0,0,1,0
1,0,0.174603,0.7027087273007707,2.590008100552484,0.7699868045145615,15.70271465318305,1522.47479135185,16.43,2.7,0.0668,0,15576,1375,0,1,0,0
1,1,0.0251337,0.6186490636296388,2.651726946579533,1.011238554076624,2.639581586963602,1577.217654635017,17.89,1.165,0.209,0,15931,663,0,1,0,0
1,0,0.0937935,0.5545606007164121,2.265093066798553,1.008961694996167,11.57458640269885,1245.166715319175,16.34,1.809,0.163,0,13416,1686,0,1,0,0
1,0,0.128832,0.4075812296692282,1.782708555379143,1.056110010235858,24.24405001266405,869.3986268746379,16.63,1.174,0.234,0,16953,1819,1,0,0,0
1,1,0.00143149,0.6106821659613537,1.624275824783987,0.6323595459862378,4.765433636228654,756.1154243905688,19.48,1.165,0.209,0,7238,204,0,1,0,0
1,0,0.437832,0.3931871935187137,2.029432033702897,1.231485347934279,45.79023251398016,1055.990943895102,16.39,1.165,0.209,0,15540,789,1,0,0,0
1,1,0.0032228,0.2037450762416414,1.126391025894812,0.8968944004459729,6.03494377024794,436.6487281120201,20.21,0.48444,0.044,0,7693,554,0,1,0,0
1,0,0.141846,0.4681270740444988,2.13194401491692,1.133923301187181,7.444435657030438,1137.00433550416,17.64,1.165,0.209,0,16571,368,1,0,0,0
1,1,0.0409757,0.5812927815635156,1.843223521958707,0.7717709938360302,38.5659705747296,914.0404864946544,16.8,1.282,0.246,0,11244,1694,0,1,0,0
1,0,0.355803,0.8169742546291275,0.9142911384249356,0.1673388170962074,32.53808174864032,319.3193176723237,15.75,1.946,0.223,0,27025,3736,0,0,1,0
1,0,0.212615,0.189065814711664,1.420854736528176,1.15221967817955,14.82623009405838,618.618560308967,19.09,0.352,0.431,0,16954,516,1,0,0,0
1,0,0.125987,0.7657579311458844,2.418678929035555,0.5665563562311451,10.33755584149337,1373.933644671456,16.29,1.165,0.209,0,9102,1129,0,1,0,0
1,0,0.139214,0.6177947275770279,2.145886221564728,0.8201690279018492,14.37310456358429,1148.175997417827,16.01,1.165,0.209,0,9158,2023,0,1,0,0
1,0,0.160061,0.271054664016487,1.603366354154957,1.168766425734145,16.39948309928167,741.562185525523,17.94,1.423,0.06,0,12897,1083,1,0,0,0
1,0,0.192315,0.3604201205479486,1.235263697850504,0.7900498069627206,20.92810391310839,501.4619031755068,17.9,1.165,0.209,0,9175,852,0,1,0,0
1,1,0.0307474,0.4398615842203338,1.753377638817952,0.9821341728709796,42.03945602434369,848.0307929877631,15.23,3.006,0.178,0,9718,2450,0,1,0,0
1,0,0.255002,0.4435073256623375,2.271489804032151,1.264067435776584,58.66990759903995,1250.445058065684,15.52,1.165,0.209,0,11319,1170,1,0,0,0
1,0,0.413692,0.4921038678187897,2.220384913693495,1.127724909618437,46.98193254113899,1208.483788083347,15.77,3.618,0.033,0,14863,3031,1,0,0,0
1,0,0.395846,0.3181677964665241,1.668728343799065,1.137792723751284,31.31943146464418,787.3664235458697,17.46,1.165,0.209,0,15772,1377,1,0,0,0
1,0,0.136519,0.3942424046408806,1.865554795165534,1.130073986730148,2.985002357207399,930.7015590071496,19.28,0.4,0.209,0,17420,302,1,0,0,0
1,0,0.274989,0.06786143891611222,1.341718936061908,1.250667958439752,10.49900181401886,567.6632124522195,19.86,1.165,0.209,0,12427,517,1,0,0,0
1,1,0.0162127,0.4174249722429326,1.637683450192343,0.9540734814530942,4.681286225579768,765.4967782481175,17.97,1.165,0.209,0,13277,739,0,1,0,0
1,1,0.0124418,0.3950416385168786,1.572937964853921,0.9515619739326237,1.439376487435881,720.5528148311448,16.85,1.165,0.209,0,11801,1599,0,1,0,0
1,0,0.315247,0.1749568492722409,1.573335736125472,1.298069872885537,7.639613234960225,720.8261568209139,19.12,1.165,0.209,0,11220,2118,1,0,0,0
1,0,0.29908,0.4840737479213415,2.365117486013697,1.220226200284745,17.78373563054519,1328.548781224073,17.88,1.165,0.209,0,10708,253,1,0,0,0
1,0,0.0890713,0.4513791998938279,1.838627494390173,1.008709287069543,25.09702962708282,910.6239159646722,20.56,1.165,0.209,0,9304,253,0,1,0,0
1,0,0.379091,0.1803116800965875,1.584630224532263,1.298902886415018,22.09976580883405,728.6019507547966,18.61,1.165,0.209,0,10315,429,1,0,0,0
1,0,0.186328,0.465405640201022,1.14706706902903,0.6132155854140643,17.37397264730844,448.7264242135913,18.35,1.165,0.209,0,9882,724,0,1,0,0
1,1,0.0355994,0.4782407143000131,1.746949113870816,0.911486921807462,10.99257749344882,843.3712829214841,18.11,1.165,0.209,0,10532,427,0,1,0,0
1,0,0.113088,0.3463451201205434,0.9374600263286392,0.6127753209016389,12.78209888373398,331.5336113196661,18.96,1.165,0.209,0,10627,781,0,0,1,0
1,0,0.130368,0.3058644169947375,1.48531785776653,1.031011977148898,8.158522948462817,661.1919093236588,18.85,1.165,0.209,0,13196,569,1,0,0,0
1,1,0.0196452,0.5783451262917073,1.491398656954163,0.6288555123467249,7.791444087965292,665.2563801677144,17.7,1.165,0.209,0,9868,760,0,1,0,0
1,0,0.235626,0.8839449105356291,2.202588708117617,0.2556216295738033,21.13353144966683,1193.984089185931,15.74,3.398,0.073,0,11370,1529,0,1,0,0
1,0,0.263256,0.1246845545423276,1.363412652776672,1.19341615350784,38.87570219961804,581.486192683005,18.57,1.165,0.209,0,10075,711,1,0,0,0
1,0,0.0840662,0.6366321017402355,1.747559042799583,0.6350068564669302,10.97814203796266,843.8130028051532,17.39,1.165,0.209,0,10328,898,0,1,0,0
1,0,0.217912,0.4417902969514792,2.134090271444804,1.191269896701941,6.624555524421673,1138.721723738999,16.31,1.165,0.209,0,14475,1323,1,0,0,0
1,0,0.0548971,0.5954228586381666,2.308850576397736,0.9341081660306172,24.47463933447198,1281.421976096909,17.85,1.165,0.209,0,10215,1067,0,1,0,0
1,0,0.0596752,0.7632181546384473,1.595674183096758,0.3778266776694384,25.47429311020651,736.2321096838318,16.66,1.055,0.183,0,11761,1578,0,1,0,0
1,0,0.308004,0.4293196196976805,2.268360793687188,1.294509000404276,4.381172960384054,1247.862188595376,16.8,1.165,0.209,0,9936,954,1,0,0,0
1,0,0.0679558,0.8096193563892241,1.247921228787783,0.2375800467121684,14.89058016619968,509.1892027092027,17.04,1.165,0.209,0,9914,1600,0,1,0,0
1,0,0.16821,0.315256895863339,1.224615622613206,0.8385471028024162,22.51358091917602,494.9919317755735,16.76,1.265,0.411,0,14208,5478,0,1,0,0
1,0,0.245675,0.1951256017581967,1.374090363590735,1.105970154524953,19.50223759515087,588.3305058151144,18.84,1.165,0.209,0,8942,727,1,0,0,0
1,0,0.299676,0.6380316799625544,1.939092948430372,0.7018902169397989,23.15521708996342,986.2712361218498,16.36,1.165,0.209,0,9916,1066,0,1,0,0
1,0,0.406194,0.4966162367180229,1.212157137528963,0.6101802215784387,26.5588842544098,487.4575613695402,16.47,1.228,0.322,0,11404,3167,0,1,0,0
1,0,0.387718,0.4627928666259796,1.100044725506799,0.5909518735727188,28.79393559233318,421.4188342479165,18.29,0.564,0.291,0,8814,633,0,1,0,0
1,1,0.000205921,0.5620711861779988,1.458519700164067,0.6387278022288708,39.93237024085661,643.3789922393222,18.05,1.165,0.209,0,24459,410,0,1,0,0
1,1,0.0224188,0.5490427040525381,1.900284336829957,0.8569470860681533,8.972493692198524,956.811331215232,18.29,1.165,0.209,0,9487,493,0,1,0,0
1,0,0.379284,0.1318053263804799,1.426852219674816,1.238785497163864,34.23570750623675,622.5395101999258,18.81,1.165,0.209,0,9692,274,1,0,0,0
1,1,0.0178302,0.6007455018665537,1.770082161534599,0.7067132650584621,5.543840910313252,860.1784637649858,18.08,1.165,0.209,0,9840,1228,0,1,0,0
1,0,0.197472,0.6068585849823153,1.179889938364154,0.4638635999336123,12.89546857304655,468.1237478158104,17.91,1.165,0.209,0,10243,779,0,1,0,0
1,0,0.173534,0.4624827199403103,0.8191216525199827,0.4402920427005393,25.65687403061496,270.7827759288608,14.66,1.165,0.209,0,9877,8985,0,0,1,0
1,0,0.106462,0.3411858930085413,1.261358302440518,0.8310006436186125,16.43196283488401,517.4353936912017,18.33,1.165,0.209,0,9920,767,0,1,0,0
1,0,0.190703,0.292694165810336,1.457282503424866,1.030744416734927,16.56933251039368,642.560541620417,16.97,1.165,0.209,0,16979,4012,1,0,0,0
1,1,0.0283304,0.6118901599792338,2.439198328125257,0.946676872907614,39.511719843,1391.454781139395,15.28,1.165,0.209,0,9840,873,0,1,0,0
1,0,0.193633,0.1842659543175263,1.434764030463613,1.170385867169775,21.1033181688255,627.7245982891277,18.73,1.165,0.209,0,18365,545,1,0,0,0
1,0,0.216393,0.07454787721353257,1.321052167799839,1.222570533002026,6.78921145186432,554.5981020048262,18.76,1.165,0.209,0,12902,1181,1,0,0,0
1,0,0.4365,0.3519553737638039,1.776389132410574,1.151179431363051,31.58578346636727,864.7799028897233,16.97,1.165,0.209,0,26011,1054,1,0,0,0
1,0,0.113946,0.5582822458080466,0.8294146483629631,0.3663671757687967,16.74829079049509,275.9027178841944,16.72,2.243,0.027,0,9469,2259,0,0,1,0
1,0,0.163163,0.4948695935972528,2.303366894666208,1.163500655597375,3.758116928596862,1276.859487505094,17.75,1.165,0.209,0,9145,229,1,0,0,0
1,0,0.090063,0.8949704258175778,0.8764774674132474,0.0920560551829012,25.75725648360484,299.7157463839776,17.49,0.97,0.247,0,10591,1293,0,0,1,0
1,0,0.390057,0.7638213155604092,1.291902463586626,0.3051198242741557,31.12515940385399,536.3434935216806,16.06,1.372,0.373,0,26365,3100,0,1,0,0
1,0,0.108884,0.6350045802890221,1.59806996873938,0.5832882189675396,15.98822950235671,737.8908282164277,14.7,3.518,0.172,0,15344,1593,0,1,0,0
1,1,0.048605,0.4144801994429198,1.776491520851629,1.04017096098039,60.6846034617575,864.8546709180487,15.98,1.165,0.209,0,14688,1108,1,0,0,0
1,1,0.0230376,0.5330718625871552,0.6618333682184359,0.3090286218999037,26.45904560502366,196.6624368561768,17.11,0.754,0.449,0,9477,1125,0,0,1,0
1,0,0.42957,0.319501660188651,1.808355055415406,1.230582612999644,25.45296700132786,888.227027032819,17.22,1.165,0.209,0,12460,1146,1,0,0,0
1,1,0.0088484,0.2932729985491432,1.003552689397055,0.7092377829755241,5.232931903639535,367.2050925674764,20.49,1.165,0.209,0,9442,1621,0,1,0,0
1,0,0.0940335,0.6118171051897485,2.584722292252669,1.00334498168723,11.18027247649738,1517.816464671467,15.08,1.165,0.209,0,15648,2892,0,1,0,0
1,0,0.071742,0.4767116593810655,0.7577611213995479,0.3965275598027125,32.13587361189531,240.9333423858832,18.98,1.165,0.209,0,9165,244,0,0,1,0
1,0,0.3718,0.8047672928371381,2.162746756117912,0.4222389041045978,25.72899039275798,1161.734617791025,16.69,1.165,0.209,0,9144,608,0,1,0,0
1,0,0.261885,0.3612700764954588,1.141525803841788,0.7291266893663251,20.23746728172723,445.478784921284,17.97,1.085,0.095,0,8475,860,0,1,0,0
1,1,0.0274008,0.3185506389677999,1.138727666323907,0.775985240606115,2.164284055532323,443.8418354344209,19.39,1.165,0.209,0,14915,1681,0,1,0,0
1,1,0.028276,0.5676513788117616,2.357607164542569,1.019308206893492,6.244929612848859,1322.225689496874,16.86,1.165,0.209,0,9129,1051,1,0,0,0
1,1,0.0342789,0.6051519894854337,2.105103686186768,0.8311960024177251,11.92099479861062,1115.600408103777,19.34,1.165,0.209,0,7656,180,0,1,0,0
1,0,0.30581,0.380237706697588,2.090540116428424,1.295637936798371,8.240227691299793,1104.043501173231,18.04,1.165,0.209,1,8790,233,1,0,0,0
1,0,0.178557,0.5646801703747533,2.182548110269834,0.9501064715115682,18.68659779274607,1177.725735859921,16.08,1.165,0.209,0,13635,1265,0,1,0,0
1,0,0.15722,0.2876510425409626,1.618986396813854,1.153283271910712,22.17738135701432,752.4250164247412,17.07,0.965,0.396,0,15698,2580,1,0,0,0
1,0,0.12475,0.2980046859811716,1.001788830614913,0.7032510647280708,21.51563547862504,366.2374105763358,20.29,1.165,0.209,0,9187,1479,0,1,0,0
1,0,0.140947,0.531556969451409,1.573131892799761,0.7369226713157614,13.15587549262667,720.686074664608,18.98,1.165,0.209,0,9119,324,0,1,0,0
1,0,0.10189,0.5429756141512659,2.140212093079629,0.9781291174257511,25.3166963809223,1143.6250178419,16.72,1.165,0.209,0,9383,1274,0,1,0,0
1,0,0.1383,0.3441281003182813,1.535974353722996,1.007402417238702,21.89611002566777,695.3034324437556,16.85,1.222,0.247,0,15537,1888,0,1,0,0
1,0,0.164856,0.7434912817218823,1.172963054243789,0.3008752496316607,18.35531966126923,464.0074209817555,18.21,1.165,0.209,0,9121,592,0,1,0,0
1,0,0.233935,0.08158965137730705,1.349645067174074,1.239527996660239,1.662391608069646,572.7007929956867,19.45,1.165,0.209,0,15162,1023,1,0,0,0
1,0,0.211928,0.3763368116772872,1.896627291993638,1.182856623984625,72.15577944085362,954.0506249498357,15.95,1.165,0.209,0,11945,1340,1,0,0,0
1,0,0.0615713,0.6780950437852945,2.072215583866403,0.6670564667919447,31.81205875257463,1089.559194728078,17.8,1.165,0.209,0,9891,3132,0,1,0,0
1,0,0.181249,0.2537679229831704,1.118860661921711,0.8349297156382635,12.84599622103245,432.2773037514369,18.83,0.447,0.292,0,9363,538,0,1,0,0
1,1,0.0237139,0.3333321129417263,1.03358288725968,0.6890565195490006,7.918535504504592,383.8100939451246,18.54,1.165,0.209,0,9227,2655,0,1,0,0
1,0,0.163409,0.3860082367059366,1.861789977015937,1.143123710871229,47.0039749795474,927.885651042802,17.4,1.165,0.209,0,8980,382,1,0,0,0
1,0,0.272955,0.327912070846042,1.885762220007714,1.267398025321755,4.734738015135182,945.8642756363332,19.18,0.32,0.52,0,8993,293,1,0,0,0
1,1,0.0257541,0.4519655765533759,1.859759545132121,1.019212250065838,26.05772501948061,926.3681639407488,17.77,1.165,0.209,0,9574,252,1,0,0,0
1,0,0.177912,0.8411352161145867,1.259608636518802,0.2001074538207595,23.26457431039517,516.3591431381969,17.8,1.126,0.127,0,9133,893,0,1,0,0
1,0,0.262474,0.7019306060147527,1.805213518281383,0.538078899408108,22.27863573729111,885.9134443639222,16.74,2.586,0.038,0,9227,1083,0,1,0,0
1,1,0.0134442,0.8696747013569716,2.634650239411342,0.3433615792712096,5.95480413405054,1562.006656818714,16.52,1.165,0.209,0,8772,740,0,1,0,0
1,1,0.0110264,0.310040807786372,1.420519551806641,0.9801005224881748,9.339036498399585,618.3996717181885,18.46,1.165,0.209,0,9070,1214,0,1,0,0
1,1,0.0453382,0.5677589248059939,1.8204547927988,0.7868753369814347,4.847511896783896,897.156637968108,18.08,1.165,0.209,0,8475,775,0,1,0,0
1,1,0.0261357,0.4608938768322315,1.347374880301322,0.7263780481728817,2.517472175430439,571.256423317657,18.48,0.566,0.289,0,9135,960,0,1,0,0
1,1,0.0177594,0.5082825675484516,1.784061273087759,0.8772540285389534,53.19538845517877,870.3883629562326,16.73,1.263,0.231,0,10719,535,0,1,0,0
1,0,0.184582,0.481613932240353,0.9618944681625524,0.4986326909505425,19.02846764044411,344.579603993666,19.24,1.165,0.209,0,8404,763,0,0,1,0
1,0,0.246232,0.2970215635295496,1.518789113361808,1.067675996239426,20.66278632709355,683.6670356979278,18.29,1.165,0.209,0,18015,733,1,0,0,0
1,0,0.0783788,0.2411766234354041,1.398580863013048,1.061275852870188,2.869298478163311,604.1291604600027,19.04,1.165,0.209,0,12157,1696,1,0,0,0
1,0,0.103016,0.5500455104278973,1.245364509107989,0.5603573520268973,17.66809287617444,507.6251772803444,17.46,1.165,0.209,0,13550,1198,0,1,0,0
1,1,0.0412587,0.5794433816443817,1.528375292203105,0.6427683444672178,2.730377193583732,690.1499156464498,18.86,1.165,0.209,0,8485,503,0,1,0,0
1,0,0.146823,0.4440104741773657,1.816727972038671,1.010081723722497,28.88727362448032,894.4030704028929,17.33,1.165,0.209,0,8738,432,0,1,0,0
1,0,0.189446,0.4509373480305345,1.863021257793333,1.022915392479496,11.47047804557935,928.8062784924292,18.67,1.165,0.209,0,10245,773,1,0,0,0
1,0,0.302793,0.828169524693731,1.164448118125912,0.200087673607066,28.53575879023635,458.9640211478006,17.72,1.165,0.209,0,9957,1497,0,1,0,0
1,0,0.089338,0.4507156444746353,1.988515631908094,1.092260527324751,10.92800849183129,1024.216907838271,17.36,1.165,0.209,0,13678,909,1,0,0,0
1,0,0.0731141,0.1768193958261118,0.9798627104524336,0.8066039779976979,6.875478243587475,354.2797035890271,20.65,1.165,0.209,1,2001,297,0,0,1,0
1,1,0.019542,0.427510478351699,0.9760374388300423,0.5587712064666439,2.467242783413797,352.2071286738931,20.06,0.239,0.34,0,3746,472,0,0,1,0
1,0,0.201963,0.5025737224695168,2.388288255050406,1.187997336379497,31.9584126530084,1348.119967456226,17.16,1.165,0.209,0,8587,188,1,0,0,0
1,0,0.152627,0.3695623282201963,0.8578502509313171,0.5408211149328599,16.5996256541357,290.2121902323142,16.26,1.034,0.455,0,8857,1572,0,0,1,0
1,1,0.000917959,0.8020542314746987,1.114140860127999,0.2205394688034769,2.354166288462496,429.54491255259,18.46,1.165,0.209,0,8852,1291,0,1,0,0
1,0,0.176116,0.5665994313951493,0.9216282625251608,0.3994342130207053,30.13720874511438,323.1707925508944,18.44,1.165,0.209,0,11046,693,0,0,1,0
1,1,0.0351236,0.7245234378518476,1.086993714178532,0.2994412914585535,34.03784417348604,413.9415064768979,18.07,1.165,0.209,0,8116,713,0,1,0,0
1,0,0.316038,0.3222935821856984,1.01358158461962,0.6869107448751061,30.10285436631258,372.7232582902791,20.2,1.165,0.209,1,4308,86,0,1,0,0
1,1,0.0411956,0.6265895605160303,1.512517493783067,0.5647898220807275,9.207353852403443,679.4367543647701,18.94,1.165,0.209,0,11307,764,0,1,0,0
1,0,0.280579,0.5289305859263954,0.9921100181851816,0.4673526849630467,22.54793545439778,360.9426308588926,19.15,0.303,0.482,0,8435,900,0,0,1,0
1,1,0.023636,0.5285457825267549,2.003200549330101,0.9444173474263972,2.348594417203147,1035.583382264604,18.32,1.165,0.209,0,14780,1492,0,1,0,0
1,1,0.039974,0.5365100201293169,1.623925688587513,0.7526732847149114,7.188087848548441,755.8709501083179,19.52,1.165,0.209,0,8663,298,0,1,0,0
1,0,0.219386,0.4857474627662965,2.386130724945457,1.227073779474497,13.34029654830029,1346.293584638688,16.84,1.165,0.209,0,8679,650,1,0,0,0
1,0,0.263004,0.5098274769065232,2.574166073341216,1.261785479031292,18.9313171990888,1508.527633588656,17.44,1.165,0.209,0,7854,342,1,0,0,0
1,0,0.392114,0.4690959179907897,2.000039527519065,1.061829149339644,33.06625060161299,1033.133145865371,16.33,1.165,0.209,0,13820,1604,1,0,0,0
1,1,0.038741,0.8502024243773721,1.198012037771935,0.17945929882496,19.13504219188485,478.9500244330854,17.81,1.165,0.209,0,9491,944,0,1,0,0
1,0,0.278158,0.3487054003111615,1.83466839343981,1.194909616867146,10.98939362429288,907.6842417766626,17.83,1.165,0.209,0,9211,650,1,0,0,0
1,0,0.115695,0.3443217964252531,1.667040894669767,1.093042379102712,28.24925925596033,786.1724261697331,16.25,1.232,0.353,0,11697,2565,1,0,0,0
1,0,0.146427,0.457300113355637,2.065032060066244,1.120692664914926,6.070014801935501,1083.898523559941,18.33,1.165,0.209,0,9444,1277,1,0,0,0
1,0,0.0595507,0.1548082054634371,1.233939550995459,1.042915583455492,16.27677155528005,500.6558025537506,18.34,0.886,0.118,0,12186,4561,1,0,0,0
1,0,0.428691,0.5633190624636616,2.633361122016823,1.14993860363405,23.39443356768236,1560.860377367732,16.39,1.165,0.209,0,7763,873,1,0,0,0
1,0,0.249957,0.2935672175163893,1.67409240641797,1.182633756800531,16.65724091707184,791.165911091226,18.2,1.165,0.209,0,8141,1444,1,0,0,0
1,0,0.102873,0.3437898080057339,1.659802435977636,1.089179275185435,20.48812890888806,781.0575293486392,17.21,0.86,0.378,0,10455,724,1,0,0,0
1,0,0.311105,0.3877521441267484,1.951188948300385,1.194611250000496,41.0190146989701,995.5141056531374,16.14,1.595,0.252,0,9216,1469,1,0,0,0
1,0,0.296504,0.5104736717149188,2.59651777173022,1.271063811122055,5.474804389080482,1528.218229990886,16.21,1.165,0.209,0,15742,1104,1,0,0,0
1,1,0.0176509,0.6076792867521564,1.967272890877204,0.7718019037020917,2.663754386543048,1007.848695362541,16.95,1.165,0.209,0,16352,1650,0,1,0,0
1,0,0.283549,0.350694509105725,1.949507879851773,1.265826170929413,8.159164321976355,994.2278384968972,17.89,1.165,0.209,0,8334,809,1,0,0,0
1,1,0.000346035,0.7295487524829584,2.124852022281779,0.5746688802152159,4.988055165154119,1131.335624268222,18.94,1.165,0.209,0,13542,287,0,1,0,0
1,0,0.190777,0.35214680647276,1.661381626788238,1.076331392582241,17.30747487851171,782.17248030599,18.64,1.165,0.209,0,8176,480,1,0,0,0
1,0,0.0516659,0.5773885370854908,1.966479623274228,0.8310568303834944,35.54092495751743,1007.239161381538,15.91,2.137,0.169,0,8260,1621,0,1,0,0
1,0,0.340312,0.8836720676480295,1.746438027291219,0.2031595246956417,43.56146999679947,843.0012055562153,16.58,1.165,0.209,0,8452,1724,0,1,0,0
1,0,0.27551,0.4183283319502057,2.179728667625938,1.267886409993934,11.15397903552754,1175.444372021664,18.31,1.165,0.209,0,8917,227,1,0,0,0
1,1,0.00300041,0.1869960323870927,1.085312913741141,0.8823637049730727,62.10129347007511,412.9817713438727,17.39,1.165,0.209,0,7198,1250,0,1,0,0
1,1,0.000108054,0.5261187140197575,2.132937443373551,1.010759138581269,11.62339794349011,1137.79914814488,16.11,1.165,0.209,0,16267,1326,0,1,0,0
1,0,0.151483,0.3287588450448266,1.649524347569975,1.107228628189549,13.86459466622646,773.8138921614578,16.39,1.165,0.209,0,17142,3458,1,0,0,0
1,0,0.103231,0.6543484121131674,2.182210442539003,0.7542845045668339,21.02834342117417,1177.452432884623,15.36,1.165,0.209,0,8772,2251,0,1,0,0
1,1,0.033438,0.5537354854450662,1.97136384032924,0.8797497272156782,27.12970927153134,1010.994065399299,16.13,1.165,0.209,0,15083,1242,0,1,0,0
1,1,0.00554886,0.289750752167058,1.422963085370654,1.01065846107855,55.89452431108673,619.9959855395012,16.6,1.165,0.209,0,25995,2148,0,1,0,0
1,0,0.0905041,0.5338578769484419,1.9171640878063,0.8936709381282326,8.794267467117551,969.5882742552336,16.54,1.165,0.209,0,9074,2561,0,1,0,0
1,0,0.357368,0.7493003363668703,2.508161526892037,0.6287952511293906,39.43139190009119,1450.880619819004,15.36,1.165,0.209,0,8791,750,0,1,0,0
1,1,0.00157567,0.589059294598788,1.507735386266449,0.6195898431907032,4.223717241701566,676.2170526975827,18.89,1.165,0.209,0,8800,1450,0,1,0,0
1,1,0.0274524,0.655643282707726,0.9684504717455372,0.3334924253104474,36.24349121824964,348.1084371257601,18.27,1.165,0.209,0,7708,439,0,0,1,0
1,0,0.0548161,0.5216439277885384,1.640249028733119,0.7846230828334397,13.03088099266513,767.2963119852884,17.54,2.24,0.038,0,7783,724,0,1,0,0
1,0,0.260953,0.4120042840689852,2.133137210966399,1.254275541541276,8.230755309498564,1137.95899862687,17.36,1.165,0.209,0,17812,805,1,0,0,0
1,0,0.259128,0.5542448237950105,2.642918482615556,1.178094593913721,11.08116810851404,1569.365420137654,16.43,1.165,0.209,0,23802,1944,1,0,0,0
1,0,0.308959,0.4410661828455543,2.014048554115702,1.125719846286281,38.14977997987307,1044.006809051606,16.86,1.4,0.146,0,12330,570,1,0,0,0
1,1,0.0207475,0.398138294036016,1.443383252140335,0.8687171064930255,3.445065795250436,633.3895874511338,19.23,1.165,0.209,0,12873,532,0,1,0,0
1,1,0.0385379,0.4856077596502326,1.454489813920276,0.748178273948367,19.57391791593224,640.7143531657663,19.1,1.165,0.209,0,15592,117,0,1,0,0
1,0,0.0629787,0.2716735401545003,0.9078621111044456,0.6612199974085626,7.249843261890487,315.9572056153815,19.71,0.272,0.287,0,25988,638,0,0,1,0
1,0,0.120304,0.5618986368189185,1.390855985073677,0.609335903049344,13.32221377842712,599.1308360277746,19.63,0.282,0.169,0,11554,132,0,1,0,0
1,0,0.260077,0.5276798918921359,2.678330904804092,1.265029542505702,12.3499557568694,1601.012695548961,17.07,1.165,0.209,0,11485,448,1,0,0,0
1,1,0.0167127,0.2085727666698587,0.8649325296359791,0.6845311589470434,16.72621518981111,293.8135180587976,17.87,1.165,0.209,0,10637,1122,0,0,1,0
1,1,0.0150902,0.7139285098943162,2.519806852789586,0.7208449011560304,3.413340519324435,1460.996938614508,19.7,1.165,0.209,0,11529,997,0,1,0,0
1,0,0.0656161,0.7077326296692875,2.806314581768268,0.8201941831341449,6.682095853336361,1717.129131553234,16.41,1.165,0.209,0,25630,393,0,1,0,0
1,1,0.0453998,0.3659803595423455,1.129001552525116,0.715809158408108,2.680074269251455,438.1675745448228,20.24,0.298,0.2,0,9399,538,0,1,0,0
1,0,0.0602451,0.5523758770254639,2.252604776366095,1.008320237429124,4.927750600590781,1234.883329495867,16.55,4.167,0.022,0,19853,2212,0,1,0,0
1,1,0.00585481,0.63962057609031,1.447750069934219,0.5217393361681074,10.92936654146364,636.2661497074586,19.49,1.165,0.209,0,12844,266,0,1,0,0
1,1,0.00162699,0.5731013468564544,1.346377849709154,0.5747668906631408,0.1485447294310981,570.6224630595758,19.33,1.165,0.209,0,9961,491,0,1,0,0
1,0,0.11186,0.7391650374501798,0.8781201166170365,0.2290444277320484,13.43332955610508,300.558708899918,19.1,0.413,0.264,0,10285,565,0,0,1,0
1,1,0.0189012,0.4973954942260526,1.190889988872374,0.5985466742883413,2.019256503058494,474.6854210422559,19.22,0.414,0.216,0,9532,553,0,1,0,0
1,0,0.0662078,0.4148955713341921,1.450757580755839,0.8488446854207345,15.22307244086342,638.2498181887257,18.98,1.165,0.209,0,17438,676,0,1,0,0
1,1,0.0164977,0.6542665865719574,1.878589534875765,0.6494911723227972,7.142919844563958,940.4728764561524,18.41,1.165,0.209,0,13198,721,0,1,0,0
1,0,0.097693,0.231604928900138,1.363537685983004,1.047735637168252,15.95319977799207,581.5661832307779,18.69,1.165,0.209,0,9843,1179,1,0,0,0
1,1,0.0483374,0.5230941864194426,1.162100870562969,0.554212661138507,5.150232911577346,457.5769789705835,21.26,1.165,0.209,0,9441,171,0,1,0,0
1,0,0.315971,0.6408208633450214,1.679571177147253,0.6032669253583364,41.55127731306885,795.0529377048213,16.5,1.022,0.388,0,10248,1278,0,1,0,0
1,0,0.150425,0.4955142677595052,2.28645181421188,1.153482317725288,2.969377363302443,1262.820160943506,18.17,1.165,0.209,0,25744,927,1,0,0,0
1,0,0.161586,0.4557624596430465,0.9296895316002568,0.505971943973732,28.57825076163877,327.4201009361526,16.31,1.646,0.237,0,9599,2232,0,0,1,0
1,0,0.127027,0.680692415496847,1.48130204054394,0.472990976485677,8.731587245766976,658.5122502362121,17.61,0.82,0.205,0,9158,782,0,1,0,0
1,0,0.181664,0.4567219770738101,1.938376694734172,1.053077458401384,27.07047242076713,985.7248297353538,16.74,1.165,0.209,0,9401,678,1,0,0,0
1,0,0.279126,0.186971748289032,1.383503513187632,1.124827442562923,55.29557313395767,594.386348586018,17.58,0.776,0.353,0,12444,1094,1,0,0,0
1,0,0.0911977,0.3934215158268277,1.396804500102621,0.8472715563585134,13.22977576630638,602.9785529059834,17.8,0.788,0.342,0,11052,900,0,1,0,0
1,1,0.0252679,0.2367502464921518,1.162333160119728,0.8871504979553808,25.00589567523207,457.7141817741543,19.57,0.531,0.109,0,9400,864,0,1,0,0
1,1,0.0291842,0.7960261699765667,1.340622108895554,0.2734518261655184,31.41869922483397,566.9672755250579,18.28,1.165,0.209,0,9539,438,0,1,0,0
1,0,0.0916442,0.619132681353669,1.301407109674911,0.495663436329155,41.10324687700937,542.273259812599,17.51,1.327,0.1,0,8717,395,0,1,0,0
1,1,0.00280349,0.7807988998084086,0.9111613385642372,0.1997275678653239,7.765850895402412,317.6810816643008,19.3,0.51,0.129,0,8479,1137,0,0,1,0
1,0,0.195383,0.4355803284277044,2.089241663598906,1.179209093603651,40.33608135139663,1103.015064232711,18.54,1.289,0.035,0,7787,647,1,0,0,0
1,1,0.0316391,0.6679632386118813,2.540504974756137,0.8435410441084319,6.227063201455155,1479.03517056019,17.43,1.165,0.209,0,10070,206,0,1,0,0
1,0,0.401167,0.5307122340342211,1.29897406999993,0.6095926393577427,35.97951981658851,540.7532640744182,17.5,1.165,0.209,0,8834,667,0,1,0,0
1,0,0.0563103,0.5906912246354195,2.117342131425191,0.8666467148414755,41.28038160399408,1125.343186573039,15.65,3.16,0.177,0,13531,1219,0,1,0,0
1,0,0.119161,0.6136958020639515,1.781576187986461,0.6882303603620726,9.674374325248245,868.5704020623142,17.8,1.165,0.209,0,11869,455,0,1,0,0
1,0,0.190982,0.4024776005745762,1.557126815871444,0.9304181512291756,21.65228565374107,709.715683905532,17.4,2.441,0.039,0,9168,1090,0,1,0,0
1,0,0.507311,0.5232242396364243,2.553434888639465,1.217415860569963,26.97569700978918,1490.340861540608,16.8,1.165,0.209,0,11585,635,1,0,0,0
1,1,0.0402986,0.6462793520998439,2.501241968946593,0.8847409298108508,28.42255414859933,1444.880692198466,17.4,1.165,0.209,0,13400,254,0,1,0,0
1,0,0.0987704,0.449530157364394,1.237290507245835,0.6810911108181438,34.70338748702496,502.6966004668147,19.55,1.165,0.209,0,8272,123,0,1,0,0
1,0,0.0517014,0.6380931249307835,1.799828915329517,0.6513704584061228,10.55284565707122,881.9526388020394,18.65,1.165,0.209,0,8542,424,0,1,0,0
1,0,0.0735103,0.2139379305770492,0.8915110144169858,0.7007829929059699,50.20658970567406,307.459910626167,17.01,1.165,0.209,0,10003,670,0,0,1,0
1,0,0.139648,0.581063503130342,1.414036426668716,0.5923914670346808,10.0849251522653,614.1710238959389,19.71,1.165,0.209,0,8848,133,0,1,0,0
1,1,0.047792,0.4800069029237894,1.987725893560321,1.033603743531009,6.693019107708427,1023.606817296131,17.11,2.0,0.209,0,13130,3689,1,0,0,0
1,0,0.0567337,0.7429086877685055,2.098428603106288,0.5394877631966974,10.48292642365965,1110.298422895165,18.14,1.165,0.209,0,8710,99,0,1,0,0
1,1,0.00170699,0.4673010004321669,1.711561211606221,0.9117469451217424,1.919533161977705,817.8752770211805,18.28,0.932,0.097,0,11176,1024,0,1,0,0
1,0,0.20722,0.5671089769336766,2.748735322785954,1.189902846019353,9.003182896680789,1664.55370586428,16.7,1.759,0.193,0,9456,1097,1,0,0,0
1,0,0.249957,0.3421572918939205,1.836038177019221,1.207824326556474,15.46605149607409,908.700962032263,18.75,1.165,0.209,0,8648,744,1,0,0,0
1,0,0.409465,0.8088829153627838,1.773232294438565,0.3388949864976603,31.01365534172746,862.475714498476,16.81,1.165,0.209,0,18606,368,0,1,0,0
1,0,0.081704,0.7591390093439266,2.532100848859713,0.6098843188974348,46.53616566345464,1471.702152644369,17.76,1.165,0.209,0,8948,488,0,1,0,0
1,1,0.0316506,0.4514134023286629,1.703369503538123,0.9344456805230932,4.644604550320206,812.0106553737235,18.35,1.165,0.209,0,15330,834,0,1,0,0
1,0,0.177616,0.3466975214480978,1.818409393065805,1.187971363511951,2.725914289059136,895.6450417363201,18.12,1.165,0.209,0,14861,850,1,0,0,0
1,1,0.0256281,0.3600466802287649,1.325385071587078,0.8481845765373867,4.971638273155808,557.328867990807,22.07,1.165,0.209,1,1269,69,0,1,0,0
1,0,0.153183,0.5896776756751931,1.54131926961687,0.6324377052358078,12.12389881064456,698.9358852255472,19.13,1.165,0.209,0,9179,401,0,1,0,0
1,0,0.0869018,0.4624143033001444,1.889758950820188,1.015907382171459,44.19638526482503,948.8729003695915,16.52,1.119,0.098,0,8481,1161,0,1,0,0
1,0,0.42625,0.5320429549832519,1.2100610215111,0.5662565799162821,49.05475710088916,486.1937082082063,17.35,1.098,0.149,0,8865,418,0,1,0,0
1,0,0.368146,0.2960163254364533,1.834408251828331,1.2913934617718,23.62260628888563,907.4911948436612,17.51,1.165,0.209,0,8711,801,1,0,0,0
1,0,0.157817,0.7184331370299329,1.85144922527461,0.5213067503089328,10.08893629154103,920.1659030547946,16.61,1.165,0.209,0,9545,663,0,1,0,0
1,0,0.0613586,0.5501430826950169,2.304613169288994,1.036746175916814,3.249888547615992,1277.89592647574,17.57,1.165,0.209,0,11159,3943,1,0,0,0
1,0,0.17658,0.4650311381977133,1.511257224036798,0.8084755570334492,14.57533347561415,678.5877441576515,18.06,1.165,0.209,0,8795,418,0,1,0,0
1,1,0.0236047,0.4865442672364394,1.871302995671448,0.9608312508651295,14.39783948302162,935.0064270069396,17.87,1.165,0.209,0,8466,343,0,1,0,0
1,1,0.0361158,0.4908391824879103,1.083607487452901,0.5517304741737404,11.57530973410215,412.0087341597449,20.13,1.165,0.209,0,7586,489,0,1,0,0
1,1,0.00391761,0.6889444950166206,1.705288930579216,0.5304395094438852,8.740614047280387,813.3835526190929,17.61,1.06,0.143,0,8344,1168,0,1,0,0
1,0,0.183662,0.5916192871021381,1.803917219786305,0.7366850002250603,29.76562677804538,884.95937267288,16.5,1.165,0.209,0,12908,1402,0,1,0,0
1,0,0.141611,0.4725413386890788,1.209316752881813,0.6378645955759111,8.293579677507521,485.7452146147463,19.37,1.165,0.209,0,8823,428,0,1,0,0
1,1,0.0392802,0.5615300353033567,1.719835586571802,0.7540962489281688,28.8282727025303,823.8133461805987,17.69,1.165,0.209,0,8660,919,0,1,0,0
1,1,0.0325914,0.4087553387645537,1.476683716243712,0.8730813635624135,7.157334176612264,655.4350404199231,18.19,1.165,0.209,0,14263,614,0,1,0,0
1,0,0.270128,0.692057485577953,1.850057646305871,0.5697114034291642,17.75046068599383,919.1286808106024,16.15,1.165,0.209,0,10241,970,0,1,0,0
1,0,0.344344,0.8351182891468866,2.583379672723351,0.4259520602217824,20.81271645761639,1516.633986360471,15.36,1.165,0.209,0,8179,999,0,1,0,0
1,0,0.115693,0.5803628034051824,1.184510506550148,0.4970646683058115,36.82266980027137,470.8762680405199,16.7,1.165,0.209,0,8354,1892,0,1,0,0
1,0,0.261977,0.4592330912020538,2.288719757084662,1.237663908143459,7.182683579210775,1264.69952314133,16.62,1.109,0.395,0,9195,1608,1,0,0,0
1,1,0.0131205,0.4021483663128078,1.105145009435072,0.660712749352005,1.415997763861056,424.3530492008253,21.7,0.086,0.53,0,9980,123,0,1,0,0
1,0,0.202531,0.4915313235219199,1.55742995825536,0.7919043495814144,15.89898462974909,709.9229458057094,18.21,1.165,0.209,0,9105,235,0,1,0,0
1,0,0.235733,0.4505165231196061,1.058458705619435,0.5816055696980887,16.17629082194853,397.749191701169,18.92,1.165,0.209,0,5817,722,0,1,0,0
1,0,0.152744,0.646726004483769,2.311141732486343,0.8164662740397545,22.94571607049031,1283.329851403934,16.36,1.165,0.209,0,7996,627,0,1,0,0
1,0,0.153689,0.4547699070339333,1.096620475835189,0.5979104839881123,19.28447919647696,419.4526600073074,19.42,1.165,0.209,0,9107,209,0,1,0,0
1,0,0.0580799,0.4906913021185514,1.618436038395174,0.824283551319456,4.099367466450919,752.0413798650616,18.54,1.165,0.209,0,8508,642,0,1,0,0
1,0,0.14621,0.3165482398705891,1.483885291954002,1.014164014616108,15.52570074120498,660.2355761458563,18.56,0.469,0.319,0,17413,1407,0,1,0,0
1,0,0.15243,0.6803075391048092,1.505454264186729,0.4812823784830139,9.820771997874264,674.6830135611983,18.39,1.165,0.209,0,9509,396,0,1,0,0
1,0,0.195348,0.3227672033919257,1.704693734913802,1.154474505455938,5.634223456109251,812.9577478386067,18.57,1.165,0.209,0,13935,443,1,0,0,0
1,0,0.0750049,0.663601201329369,1.516534126154638,0.5101602581814354,10.32476615194417,682.1450126323055,17.99,0.828,0.195,0,8727,559,0,1,0,0
1,0,0.111179,0.3484801620374774,1.261420031968717,0.8218401748309384,30.37986499738863,517.4733782592474,17.46,0.683,0.379,0,15052,1420,0,1,0,0
1,0,0.0765826,0.8724332633437413,1.274737273096451,0.1626140740230123,28.61185107043867,525.6896831380723,17.47,1.165,0.209,0,15384,795,0,1,0,0
1,0,0.223579,0.4095204648288427,2.03397945936527,1.201023245713686,6.614044968276619,1059.54223011406,17.24,1.165,0.209,0,15493,1097,1,0,0,0
1,0,0.0721374,0.7374275018240344,2.12073930812659,0.5568478181147675,4.191824741660771,1128.05261362317,18.41,1.165,0.209,0,8354,148,0,1,0,0
1,1,0.0130148,0.4824665716721262,1.569369255009638,0.8122010508574994,2.081571422839404,718.10200154938,20.4,1.165,0.209,0,1700,134,0,1,0,0
1,0,0.11437,0.4651925226388509,2.109105284927529,1.127965276921159,9.227958142396288,1118.782892208085,16.29,1.165,0.209,0,8798,1113,1,0,0,0
1,0,0.285867,0.2414023304081675,1.477467906541566,1.120803710799155,18.52257888045907,655.9572111722227,18.23,1.165,0.209,0,16555,1327,1,0,0,0
1,0,0.195909,0.2139413464688046,1.526925709165918,1.200253166989127,41.96796802514213,689.1682925155337,16.5,1.165,0.209,0,10215,2496,1,0,0,0
1,0,0.0764065,0.5717120863686029,2.379787898708209,1.019234394022985,7.571410797265652,1340.929065718333,16.61,1.165,0.209,0,9979,2112,1,0,0,0
1,0,0.246479,0.2526751233020658,1.411129770548863,1.054572381780213,37.75025710692071,612.2782866692919,18.04,0.577,0.367,0,9180,912,1,0,0,0
1,0,0.531488,0.7988920111945179,2.336218599607339,0.4698322239769918,56.16551073509531,1304.273416611445,16.3,1.769,0.187,0,9453,450,0,1,0,0
1,0,0.314641,0.2828302150243363,1.809233320460308,1.297527471405325,6.138342977987806,888.8741843409641,18.33,1.165,0.209,0,9388,714,1,0,0,0
1,0,0.206028,0.4823147654323759,2.350123476998529,1.216624223452863,4.062964695826302,1315.935031245503,17.46,1.165,0.209,0,13348,421,1,0,0,0
1,1,0.0495539,0.6170325707768451,2.433707676386756,0.9320307723064934,9.689788408394108,1386.759165068617,16.96,2.324,0.052,0,9302,756,0,1,0,0
1,0,0.340703,0.445231769298609,2.104317094395563,1.167408271292519,47.47172548676156,1114.975184640677,18.01,1.784,0.038,0,8771,281,1,0,0,0
1,0,0.29054,0.2890968680416264,1.654341024472505,1.176076215624728,12.85051451967088,777.205716373286,17.66,1.165,0.209,0,10372,900,1,0,0,0
1,0,0.349945,0.2300185378519847,1.630358645538658,1.255345933717514,29.43811144731824,760.3668125033213,18.69,1.165,0.209,0,9005,214,1,0,0,0
1,0,0.472877,0.4351554263084718,2.213588194791615,1.250333280215669,25.69495238571033,1202.939184749288,17.14,1.156,0.209,0,8891,667,1,0,0,0
1,0,0.101443,0.3519619899193582,1.674121467530697,1.084894344451876,58.87943156514303,791.186512338882,16.59,1.165,0.209,0,8767,681,1,0,0,0
1,0,0.313846,0.4624736058338377,2.111653249296507,1.135069356823611,40.00854192739224,1120.810870424118,17.23,1.165,0.209,0,8575,468,1,0,0,0
1,0,0.261316,0.3241979650378097,1.703368575131937,1.15113994936481,16.23879267681193,812.0099915051875,18.16,1.165,0.209,0,8555,731,1,0,0,0
1,0,0.0558072,0.5951080467632222,1.851106473279154,0.7494981156152398,6.065863372184227,919.9103944796911,19.45,1.165,0.209,0,9060,153,0,1,0,0
1,0,0.283072,0.6879173785747035,1.803865158839148,0.5629549674682803,24.72865250378345,884.9210631344303,16.34,1.845,0.162,0,10612,934,0,1,0,0
1,0,0.215275,0.7159520359038682,1.696858516292314,0.4819892069120147,16.81469578123993,807.3593432101442,17.6,1.165,0.209,0,8767,425,0,1,0,0
1,0,0.137857,0.4658132112098775,2.154309378935079,1.150803609193773,9.7557760884076,1154.942957874401,17.98,1.165,0.209,0,15983,567,1,0,0,0
1,1,0.0148973,0.5935571636815873,2.262045735694703,0.9193922846977256,23.15182986183645,1242.654792857049,15.46,3.07,0.13,0,11390,3315,0,1,0,0
1,0,0.219307,0.5250677624527785,2.521003401874427,1.197305786516379,7.527639565468096,1462.037710090239,16.45,1.165,0.209,0,10661,462,1,0,0,0
1,0,0.218787,0.4192059762198785,1.654507186592971,0.96092788627446,27.75499422903957,777.32281320278,18.0,1.165,0.209,0,13852,1251,0,1,0,0
1,0,0.127228,0.4078238243897751,1.886579257030326,1.117187289413798,54.41948237152094,946.4790587396932,17.72,2.62,0.026,0,18100,367,1,0,0,0
1,1,0.0146207,0.2138661445274499,1.122678570459829,0.8825756330519963,26.06566728817256,434.4917917351522,17.31,1.9,0.09,0,16425,1798,0,1,0,0
1,0,0.248848,0.4781279913192075,2.289059835342266,1.194596254260593,25.24135095513967,1264.981414001097,17.27,1.165,0.209,0,15537,483,1,0,0,0
1,0,0.27826,0.4062960128066093,2.146789631811011,1.274557564071628,8.227390653469712,1148.901140564738,17.59,1.165,0.209,0,13915,503,1,0,0,0
1,0,0.113491,0.513578609270568,2.316879079890739,1.12697954419238,7.394231858832979,1288.111563894138,18.8,0.458,0.211,0,12719,156,1,0,0,0
1,1,0.00898381,0.4625402833829411,1.678165401050509,0.9019463008851596,1.091380571016106,794.0549753702985,19.64,0.4,0.209,0,13001,427,0,1,0,0
1,0,0.0574681,0.6646220635992905,0.8907810587174375,0.2987483132574934,7.216357907607097,307.0823726644792,18.28,1.165,0.209,0,25965,1890,0,0,1,0
1,0,0.154351,0.5968482429331501,2.834502247571415,1.142734561518351,4.550170671099183,1743.06521224787,16.6,1.165,0.209,0,10714,514,1,0,0,0
1,0,0.254616,0.2840953369246639,0.9934382284329604,0.7112070602124572,23.75240566808528,361.6677038515011,19.25,1.165,0.209,1,3301,147,0,0,1,0
1,0,0.134121,0.2767311159655202,1.586726533649496,1.147629929260569,17.23599355450913,730.0482313305997,16.69,1.959,0.105,0,11017,1971,1,0,0,0
1,1,0.0123859,0.6606477558109155,1.80248197777187,0.6116763042672636,5.279635616171089,883.9034387961029,18.91,1.165,0.209,0,10849,787,0,1,0,0
1,0,0.0870975,0.5545467863074831,2.367214076643098,1.054483117938832,4.850776759312546,1330.315737925854,18.0,0.847,0.186,0,12246,887,1,0,0,0
1,0,0.151027,0.6664139787294441,1.214106212849991,0.4050088609444911,13.01207000861841,488.6337372467511,18.96,1.165,0.209,0,10253,286,0,1,0,0
1,0,0.188182,0.3582167514327131,0.8966837463936406,0.5754766076979958,16.20628151337795,310.1397077823287,19.91,0.777,0.035,0,16470,723,0,0,1,0
1,1,0.0409478,0.1870612003261032,1.246329349308348,1.013189485225077,20.052306495568,508.2152117944061,19.12,1.165,0.209,0,10372,2130,0,1,0,0
1,1,0.0469649,0.5584448956602491,1.91589088659445,0.8459714003337903,7.112353217274874,968.6225697590336,19.54,0.538,0.116,0,8971,91,0,1,0,0
1,0,0.110316,0.3447590616291832,0.9326482042618184,0.611109284530371,26.79810123079691,328.9843315557471,19.04,1.165,0.209,0,10222,798,0,0,1,0
1,1,0.0120605,0.5709863443970986,1.087804626213263,0.4666830392734995,2.13266818950618,414.4048018125588,20.64,1.165,0.209,0,10132,280,0,1,0,0
1,0,0.150622,0.3178149617728093,0.8753347738778811,0.5971402861794716,21.80792345661528,299.1298130185458,18.78,0.462,0.25,0,9902,773,0,0,1,0
1,0,0.229077,0.3966412418661437,1.874152665924456,1.130786425065435,11.93058548105061,937.143019099196,17.51,1.165,0.209,0,9709,2289,1,0,0,0
1,0,0.0568075,0.3514786135135287,1.296965143882573,0.841109633335352,15.26695092347064,539.4992976690222,19.95,1.165,0.209,0,10041,162,0,1,0,0
1,0,0.44807,0.4424574015450031,2.116046501586079,1.179786064945908,43.15443453484753,1124.310425886429,17.68,1.165,0.209,0,7688,168,1,0,0,0
1,1,0.0019999,0.1948999858613423,1.20569579619272,0.9707057025616794,10.84027724352103,483.565208692128,19.99,1.165,0.209,0,9047,299,0,1,0,0
1,0,0.117284,0.6012673995211896,2.778163607004158,1.10774439957636,4.029141582635537,1691.356488122463,17.35,1.165,0.209,0,9774,827,1,0,0,0
1,1,0.000538502,0.1910730046480051,1.190918932702464,0.9633664739388088,5.866442486408568,474.7027265420688,19.55,0.896,0.045,0,14345,5124,0,1,0,0
1,0,0.063671,0.2805675203968097,1.40964721698894,1.014145992684089,18.94277392136631,611.3136373747333,18.2,0.729,0.175,0,16459,1914,0,1,0,0
1,1,0.0130453,0.5348491063928832,2.073004854849738,0.9642600606852472,1.431716076393628,1090.181745304556,21.25,1.165,0.209,0,6765,188,0,1,0,0
1,0,0.373819,0.6115521638898335,2.708297902422414,1.05203245973769,27.59391265135558,1627.957552732687,15.03,1.165,0.209,0,13202,1698,1,0,0,0
1,0,0.087847,0.7730933056636438,1.597926946122877,0.3625803211357309,5.893915409824399,737.7917718067864,19.5,1.165,0.209,0,9487,175,0,1,0,0
1,0,0.240693,0.3748092114288376,1.826410146302105,1.141854799620985,22.43030622987654,901.5626129365272,18.79,1.165,0.209,0,9324,250,1,0,0,0
1,0,0.0543551,0.69796046423995,2.30244270774983,0.6954287265628714,5.316527257439867,1276.09108726167,19.3,1.165,0.209,0,7745,404,0,1,0,0
1,0,0.118848,0.5857993826101178,2.323812386433982,0.9625245251592112,19.15479921433438,1293.897936521251,18.86,1.165,0.209,0,9331,104,0,1,0,0
1,0,0.256501,0.4365340085952645,1.08164729474179,0.609471465281933,17.3374094367283,410.8912845544409,19.17,1.165,0.209,0,10184,399,0,1,0,0
1,0,0.0772065,0.7378535761275226,1.135373713777232,0.297634158825515,40.13491467825177,441.8823751140337,16.97,1.01,0.274,0,11728,933,0,1,0,0
1,0,0.247535,0.2362144650038899,1.593809071894123,1.217328314658306,20.18162278037575,734.9416644564158,17.27,1.165,0.209,0,11789,2499,1,0,0,0
1,1,0.0224318,0.4108923543733871,0.8749382215889373,0.5154327957889946,2.714836229400798,298.9265641932119,20.24,1.165,0.209,0,11715,506,0,0,1,0
1,0,0.0833622,0.358745198691873,0.7405347131047568,0.4748714403137617,6.878309476416696,232.7644002728524,18.59,0.812,0.115,0,9546,334,0,0,1,0
1,1,0.00104233,0.4781380724151297,1.853938373875616,0.9674998534142888,0.4023970766653652,922.0221781002916,21.67,1.165,0.209,0,1944,59,0,1,0,0
1,1,0.0303417,0.1238510400373357,0.9466308218466468,0.8293896100295418,22.32418716140079,336.4103803731306,18.11,1.165,0.209,0,17851,743,0,0,1,0
1,1,0.0118803,0.5310192835738462,1.20711876573266,0.5661154235647573,1.400299169892733,484.4215211417491,20.6,1.165,0.209,0,8820,249,0,1,0,0
1,0,0.0661853,0.4816442858422869,1.359047268335241,0.7044699173520028,13.93653334809603,578.6957192937961,19.36,1.165,0.209,0,9047,260,0,1,0,0
1,0,0.254796,0.4453552101212603,2.265169037409788,1.256364204793979,5.446512493672356,1245.229359678705,18.5,1.165,0.209,0,15174,272,1,0,0,0
1,0,0.110744,0.2381224017661016,1.145608658391086,0.8728135731709589,22.21313096159771,447.8709127746346,17.97,1.048,0.084,0,9643,3390,0,1,0,0
1,0,0.26925,0.553088960460414,1.112697913923155,0.4972769814049261,35.2650301337783,428.7107144300016,19.24,1.165,0.209,0,9518,101,0,1,0,0
1,0,0.168663,0.1183892182040401,1.258684167876545,1.109669533275838,31.85780804674256,515.7907877488029,19.22,1.165,0.209,0,9007,620,1,0,0,0
1,1,0.00413681,0.3573524464471768,1.240721215687074,0.7973464539023831,50.71311952356559,504.7888339246748,18.62,1.165,0.209,0,9502,282,0,1,0,0
1,0,0.175407,0.3737275691927143,0.8727458114686114,0.5465766408253244,51.18085186174229,297.8036982312946,17.53,0.906,0.236,0,9505,880,0,0,1,0
1,1,0.0248,0.3023013675637394,1.376205540452345,0.9601767235248064,38.14571669713997,589.6894795883915,17.6,1.406,0.089,0,9515,1776,0,1,0,0
1,0,0.164702,0.5761529923545561,2.624947005774489,1.112575933625385,14.2899029936102,1553.38546397635,15.73,4.299,0.071,0,9509,1196,1,0,0,0
1,1,0.00774524,0.2501348182496948,1.247401098179379,0.9353826512018102,13.74721834733223,508.8708926046571,19.97,0.335,0.173,0,9145,255,0,1,0,0
1,0,0.211518,0.3516753764762587,1.667250838697636,1.080919772318287,15.89015789192985,786.3209444839151,18.66,1.165,0.209,0,14351,449,1,0,0,0
1,0,0.282517,0.5154425088129773,2.569518964056538,1.245079662780714,7.881334859837775,1504.444489151645,16.74,1.165,0.209,0,9397,1203,1,0,0,0
1,0,0.410962,0.5716181743741426,1.199547501889624,0.5138643487844139,29.2330766620539,479.87110804013,18.06,1.165,0.209,0,10658,561,0,1,0,0
1,1,0.0346673,0.5438240189100425,1.874979598731122,0.8553206579748245,14.77223532696868,937.763331252646,18.75,1.165,0.209,0,8630,431,0,1,0,0
1,0,0.223814,0.4223804452001115,0.8702764363309394,0.5026886877063108,32.22395916033275,296.5406696213714,19.74,1.165,0.209,0,8058,215,0,0,1,0
1,1,0.023062,0.6356139961810668,2.123376057584715,0.7737285162280951,2.186928654968776,1130.157056476374,20.2,1.165,0.209,1,1295,154,0,1,0,0
1,0,0.335536,0.4875999149716413,2.119892014858984,1.086232848664682,20.67949698048412,1127.376649414261,18.43,1.165,0.209,0,9189,136,1,0,0,0
1,0,0.109513,0.6816189543470064,1.77419931226387,0.5648714322353929,6.387341170032951,863.1813268623079,17.72,1.165,0.209,0,12011,997,0,1,0,0
1,0,0.259113,0.5032433946046503,2.458922834180404,1.22148616003657,39.21610680190734,1408.36679371504,18.44,1.165,0.209,0,8441,114,1,0,0,0
1,0,0.189175,0.4995251031125554,2.318270942806221,1.160236411058102,11.84612318281535,1289.272485911397,17.45,3.945,0.014,0,11757,259,1,0,0,0
1,0,0.294691,0.4261190987372994,2.226112567101044,1.277523486320171,10.03219414693259,1213.162867467405,17.96,1.165,0.209,0,13025,679,1,0,0,0
1,1,0.0296986,0.2322675920230955,1.313703425405876,1.008572694154361,7.264031596296319,549.9768703601798,20.91,1.165,0.209,0,8740,139,0,1,0,0
1,1,0.0162558,0.744142237969198,1.773254902814083,0.4537010309441586,9.067726920659815,862.4922091537808,17.97,1.165,0.209,0,8023,454,0,1,0,0
1,0,0.212634,0.14917460379879,1.322910181439243,1.125565579261659,21.26842163999715,555.7685475421907,19.14,1.165,0.209,0,8533,255,1,0,0,0
1,0,0.288018,0.08634336934512278,1.400543821759499,1.279616149273289,20.19341139763053,605.4014822758166,19.27,1.165,0.209,0,9212,204,1,0,0,0
1,1,0.0326081,0.5751512978953113,1.092703993149723,0.4642338732742706,6.505100220623752,417.2076105818613,18.79,1.165,0.209,0,9500,956,0,1,0,0
1,0,0.238045,0.5355703898298788,2.576350158901133,1.196533299960183,6.157898381972452,1510.44793637679,15.98,1.165,0.209,0,9241,1346,1,0,0,0
1,0,0.0874568,0.2373056834699954,1.3045339154385,0.9949606030255772,47.49081503788698,544.2287599794972,18.66,1.086,0.06,0,8982,200,0,1,0,0
1,0,0.100691,0.3394011340113361,1.20403473223661,0.795383978726469,7.951160110766501,482.5662551899435,19.32,1.165,0.209,0,8813,392,0,1,0,0
1,0,0.146208,0.5195467599643435,1.270786174909731,0.6105533351278988,8.650703589910174,523.2474843146053,18.48,1.165,0.209,0,12374,919,0,1,0,0
1,1,0.0137245,0.3818585883835464,1.318444608944755,0.8149852117112142,10.30168037896181,552.9568723402007,20.91,1.165,0.209,0,2215,164,0,1,0,0
1,0,0.419523,0.6173539164271328,2.94464331548892,1.126756232190858,42.66148721093727,1845.642028316503,17.12,1.165,0.209,1,2022,59,1,0,0,0
1,1,0.0194391,0.5429831550871952,2.038534888429274,0.9316447829546232,17.09823525386609,1063.103749111698,18.29,1.165,0.209,0,8417,167,0,1,0,0
1,0,0.1975,0.488703931312764,1.553467753882546,0.7942819553925365,30.39899601109477,707.2155335067803,16.77,0.79,0.658,0,18201,1283,0,1,0,0
1,1,0.0285838,0.4745003397377742,1.925861288277657,1.012039452702081,1.679785123090803,976.193546194396,18.15,0.875,0.161,0,11912,1613,0,1,0,0
1,0,0.179683,0.05152850031459745,1.248342367006485,1.184017156955466,3.553278303101241,509.4469799466136,19.26,1.165,0.209,0,10388,1878,1,0,0,0
1,0,0.26437,0.4532872493171452,2.123598756149708,1.160998517321296,19.97665037060585,1130.334856555271,18.41,1.165,0.209,0,5315,342,1,0,0,0
1,1,0.031256,0.4456396196515993,1.787059229231578,0.9906748340219372,9.937218543949816,872.5831996048405,17.75,1.165,0.209,0,13211,1270,0,1,0,0
1,0,0.063118,0.3682868052061278,1.416869553840509,0.8950551924627561,10.61705701093543,616.0177541421979,22.07,1.165,0.209,0,2006,34,0,1,0,0
1,0,0.0560218,0.5464493857466834,0.797369510853208,0.361647431434339,27.14799021602589,260.0685672253551,19.52,1.165,0.209,0,8428,383,0,0,1,0
1,1,0.0218181,0.3651813829058977,1.2971325022058,0.8234438612380988,11.86245861604356,539.6037252370027,21.23,1.165,0.209,0,7980,72,0,1,0,0
1,1,0.0326771,0.5664273129104104,2.274928837249965,0.9863470089040632,9.280643350669424,1253.285891432681,16.33,1.165,0.209,0,17755,2175,0,1,0,0
1,1,0.0123037,0.585936164710503,2.045520964112717,0.8469762555655809,7.605978426125001,1068.573326327256,19.99,1.165,0.209,1,1108,68,0,1,0,0
1,0,0.188538,0.6358843763313626,2.908761583445462,1.059125538059618,14.5372065468848,1812.010106084761,18.4,1.165,0.209,0,7483,174,1,0,0,0
1,0,0.0766752,0.2032650582352644,1.086731234496668,0.8658367468306224,11.49966080063175,413.7915819545712,18.57,1.165,0.209,0,14885,827,0,1,0,0
1,1,0.000853014,0.2951297617299277,1.219723065976169,0.8597464881381254,48.78219720018848,492.0285256906765,18.61,0.46,0.408,0,8765,516,0,1,0,0
1,0,0.0625221,0.4652001144579749,1.834735023798609,0.9812160807274406,16.28791848303323,907.7336893030092,19.43,1.165,0.209,0,8000,432,0,1,0,0
1,1,0.00314578,0.6016359830510951,0.761581594859086,0.303386703362419,20.28450540275565,242.757740584676,16.42,1.682,0.172,0,8856,1995,0,0,1,0
1,1,0.0160661,0.3347323652199401,1.344244150408531,0.8942821265092147,6.970352861784591,569.2665425308243,18.7,1.165,0.209,0,8367,1636,0,1,0,0
1,0,0.261215,0.5351605942999084,2.69115357867957,1.250954230161086,35.23705452780311,1612.523865809336,15.47,1.165,0.209,0,13652,1321,1,0,0,0
1,0,0.180184,0.4418151720940781,2.130431718554681,1.189174662186762,8.997683619625297,1135.794747534907,17.92,1.165,0.209,0,9651,385,1,0,0,0
1,0,0.0524816,0.6451390040860352,2.462244481264041,0.8737545288050212,5.813964988900057,1411.22150527193,19.49,1.165,0.209,0,2775,212,0,1,0,0
1,0,0.501793,0.6666615139168052,1.328001370252262,0.4426739662762973,56.31795548323576,558.9799256604944,17.19,1.165,0.209,0,8428,387,0,1,0,0
1,1,0.00685754,0.4345768903161076,0.8757930785090566,0.4951936458902201,5.419501786861168,299.3647697329909,20.05,0.735,0.03,0,8435,790,0,0,1,0
1,1,0.0263082,0.3689039674868671,1.365212588671853,0.8615802482477903,4.192598189060924,582.6380632053252,18.91,1.165,0.209,0,9066,681,0,1,0,0
1,1,0.00259401,0.5463307939477294,1.468980224131847,0.6664310919883814,1.66693572369708,650.3128725723847,19.03,1.165,0.209,0,10636,1171,0,1,0,0
1,0,0.146694,0.4509542081351092,1.907472288377663,1.047289633032649,34.47809176317807,962.2452651724587,17.36,1.165,0.209,0,10778,663,1,0,0,0
1,0,0.236408,0.3699668161067807,1.16218586337015,0.7322156597747854,23.12022069516113,457.627178738965,19.11,0.712,0.096,0,7488,257,0,1,0,0
1,0,0.14742,0.5717602888761563,2.582065939255331,1.105743171929419,4.640015739224152,1515.477246110919,19.88,1.165,0.209,0,3003,55,1,0,0,0
1,0,0.0719297,0.4714145831838703,1.495055177974407,0.7902643644127151,5.058281646947002,667.7044321657448,19.29,1.165,0.209,0,8313,275,0,1,0,0
1,1,0.0201792,0.6882917760432754,1.577084752492075,0.4915902872285353,20.62549318190193,723.4041173311361,19.04,1.165,0.209,0,8535,274,0,1,0,0
1,0,0.354796,0.5217488542536605,2.417768306928332,1.156300462937662,40.7975605016004,1373.157797637797,17.09,3.449,0.021,0,13966,450,1,0,0,0
1,0,0.0921333,0.4108203944756518,1.526007141321908,0.8990922855513799,7.207516761368059,688.5465013451585,18.27,1.165,0.209,0,7999,1450,0,1,0,0
1,0,0.207318,0.3221621429651009,0.7409583303816879,0.5022496068180801,25.61888842246143,232.9641555029559,16.41,1.165,0.209,0,8476,1080,0,0,0,1
1,0,0.262961,0.5434335913465544,2.640289890825143,1.205467673258033,9.817617925317252,1567.024715041115,17.5,0.832,0.276,0,14391,565,1,0,0,0
1,0,0.0529468,0.5190594773719625,1.570926743166245,0.7555223288687349,29.49903803253813,719.1712650180233,16.53,1.165,0.209,0,8427,4355,0,1,0,0
1,1,0.0422038,0.4730826770629171,1.608803164487909,0.8477062565646765,2.953896619883175,745.3371950104159,20.08,1.165,0.209,0,4328,224,0,1,0,0
1,0,0.157535,0.6962419486386592,2.752387352006753,0.836059818637172,44.61041118253726,1667.872150595074,15.49,1.165,0.209,0,26679,930,0,1,0,0
1,0,0.0903682,0.7413308042987102,1.296024061169814,0.3352415015123149,41.52599282362659,538.9122101661587,17.42,1.165,0.209,0,7639,389,0,1,0,0
1,0,0.278654,0.5040931058153788,2.51223666419054,1.245835481595464,13.06326649669688,1454.418034743935,16.68,2.343,0.074,0,15594,990,1,0,0,0
1,1,0.0267462,0.3545467137588243,1.229427086281757,0.7935377530344734,10.38840935317894,497.9119992552958,18.46,0.386,0.516,0,8403,971,0,1,0,0
1,1,0.0179894,0.2094483846218542,0.8278976775931405,0.6544958463890725,8.54803455037552,275.1461392621697,17.56,0.791,0.34,0,9153,1935,0,0,1,0
1,0,0.270458,0.2479039956568991,1.660869699113331,1.249133464437664,16.11140972438657,781.8109876009581,17.21,1.165,0.209,0,8298,2765,1,0,0,0
1,0,0.0837069,0.4080522151058931,1.512160072234848,0.895119805164731,11.02862522564454,679.1959330283644,19.07,1.165,0.209,0,8808,306,0,1,0,0
1,1,0.00303813,0.2920960046659441,1.109906933210648,0.7857075524687869,44.05782197033246,427.0987233905471,16.15,1.717,0.198,0,15580,2597,0,1,0,0
1,0,0.054499,0.4533141852762411,1.627131576274282,0.8895297514382599,4.603775011490131,758.1103687217392,19.46,1.165,0.209,0,7940,232,0,1,0,0
1,0,0.41239,0.8600466106045083,1.996941150782807,0.2794786824753875,34.57540581579676,1030.733346551668,15.73,1.165,0.209,0,8172,1193,0,1,0,0
1,1,0.023579,0.2789092468873,0.9878826429391402,0.7123530389839491,4.668263514664645,358.6381282936891,20.91,1.165,0.209,0,4823,427,0,0,1,0
1,0,0.111783,0.4096462390039806,1.700620461504083,1.003967685475722,18.27240120574297,810.0457113076684,17.68,1.138,0.124,0,26155,1598,0,1,0,0
1,1,0.00161874,0.1359505998606398,1.001148076833024,0.8650413952382482,13.65196847672156,365.8860933065497,21.19,0.163,0.219,0,9082,363,0,1,0,0
1,1,0.032652,0.4232789862887651,1.666323048846064,0.9610035179008974,2.257889961642998,785.6646793264367,19.5,1.165,0.209,0,7595,482,0,1,0,0
1,0,0.291225,0.3926545147457088,2.11961478849523,1.287338472270807,5.46190258405661,1127.155509628327,19.27,1.165,0.209,0,6433,106,1,0,0,0
1,0,0.277832,0.396375161749811,2.114829344355965,1.276563520913623,4.879135445832249,1123.34050455594,20.01,1.165,0.209,0,3134,208,1,0,0,0
1,1,0.0204111,0.5656677086636295,2.150580331444716,0.9340664830593148,20.05614695256501,1151.94549644439,17.23,1.165,0.209,0,8087,1368,0,1,0,0
1,0,0.161479,0.4164266298774251,2.012069930288238,1.174190430140602,48.95065850883839,1042.468721014797,17.16,1.165,0.209,0,9526,1120,1,0,0,0
1,0,0.219426,0.2054724829038255,1.505215172959663,1.19593487406713,6.482548225796243,674.5222935826342,20.43,1.165,0.209,0,8770,204,1,0,0,0
1,0,0.0936995,0.2469567856007827,1.304152359839802,0.9820830851200888,16.10962168810395,543.9900099439873,20.85,1.165,0.209,0,7902,258,0,1,0,0
1,0,0.0954282,0.4544349306859117,0.6175657358852686,0.3369222935042526,2.952704648466686,177.2650898859372,20.45,1.165,0.209,1,3564,72,0,0,0,1
1,0,0.256116,0.2541366944646808,1.626874935732875,1.213426317258282,13.01027840537764,757.931015509384,20.59,1.165,0.209,0,8444,97,1,0,0,0
1,0,0.177113,0.3610635946200159,1.569982362530429,1.003118887225168,19.16756729484782,718.5228554060021,20.99,1.165,0.209,1,1612,86,0,1,0,0
1,1,0.0499018,0.4679085747201063,1.656605167008947,0.8814654044398267,6.622992875544553,778.8017958193948,17.36,1.165,0.209,0,17430,2106,0,1,0,0
1,0,0.201553,0.2832782650575404,0.981257106356604,0.7032882956925229,34.83190938289446,355.0362103983563,19.09,1.165,0.209,1,1482,347,0,0,1,0
1,1,0.0447928,0.5419863881782881,2.161949363520231,0.990202236561552,6.493781421769385,1161.092189459304,19.03,0.9,0.209,0,12884,1040,0,1,0,0
1,0,0.204929,0.4494949945361123,2.136680592534365,1.176253361267713,6.811938336444104,1140.795593210029,16.91,0.841,0.509,0,13370,1330,1,0,0,0
1,0,0.133561,0.5052865921099233,2.297593692913257,1.136650405767863,5.19820588085831,1272.061980130976,18.85,1.165,0.209,0,16396,99,1,0,0,0
1,0,0.120399,0.5196673034131548,2.082862687067387,1.0004670510992,32.28238959089473,1097.967251540517,19.37,0.316,0.405,0,8953,294,0,1,0,0
1,0,0.284443,0.5469002759388553,2.724464457597199,1.234454093951687,12.60619141523313,1642.555855644297,16.67,1.165,0.209,0,18485,1237,1,0,0,0
1,0,0.308743,0.8000549277327292,2.945880049489945,0.5890141993859782,25.42962223955328,1846.80488964909,17.77,1.165,0.209,0,5491,130,0,1,0,0
1,1,0.0114765,0.6261117400706584,1.904656222242697,0.7121286006979155,2.13278887254434,960.1151587857744,18.14,1.165,0.209,0,8364,492,0,1,0,0
1,0,0.0730182,0.8820728863967697,2.469226381980704,0.2911887400599317,10.52560504602246,1417.228213769714,17.36,1.165,0.209,0,5802,543,0,1,0,0
1,0,0.190626,0.4054424310356702,1.982405615205906,1.178654263278061,8.153162561829443,1019.499942556797,16.97,1.165,0.209,0,9140,1580,1,0,0,0
1,1,0.0300276,0.6030515667142504,1.336182640933314,0.5303956059020941,8.266784932718187,564.1533414946476,18.2,1.165,0.209,0,8415,1566,0,1,0,0
1,0,0.0676274,0.5122659060447867,1.79422111640475,0.8751028105649818,6.087941956398881,877.8339485078891,18.41,1.165,0.209,0,11044,334,0,1,0,0
1,1,0.00265706,0.58356799885959,1.08578283656507,0.452154719434703,17.27392060222601,413.2500219518148,18.68,1.165,0.209,0,9570,603,0,1,0,0
1,0,0.280119,0.166504307840989,1.495877606375087,1.246807540910768,9.949497699694325,668.2554632678015,18.38,1.165,0.209,0,9049,1040,1,0,0,0
1,1,0.0465394,0.3106743280774533,1.460624621714462,1.006846048789937,17.07665146412803,644.7722721546954,19.23,1.165,0.209,0,9258,604,0,1,0,0
1,0,0.0749149,0.2024914049598266,1.277206644266454,1.018583276444915,25.02847144343382,527.2179408905612,17.84,0.631,0.336,0,26081,982,1,0,0,0
1,1,0.0155857,0.7029276898778157,2.55796450066723,0.7599004234237534,2.8243670848755,1494.308257872776,18.88,1.165,0.209,0,7921,517,0,1,0,0
1,0,0.389857,0.2045237709977127,1.609908972525824,1.280644318501789,19.57481137418933,746.1057863688163,18.87,1.165,0.209,0,8744,189,1,0,0,0
1,0,0.102927,0.6994231203377098,1.543418298481812,0.4639158561713442,7.216948355382256,700.3641285467987,17.66,1.165,0.209,0,8134,518,0,1,0,0
1,0,0.293122,0.2465576010906376,1.636874302822999,1.233290501432051,8.473048452829321,764.9295228456774,19.4,1.165,0.209,0,8419,226,1,0,0,0
1,0,0.32989,0.5334371620099474,2.742136582220811,1.279379025957285,9.609923387957268,1658.563298285594,18.28,1.165,0.209,0,9762,246,1,0,0,0
1,1,0.0187136,0.3110772705335357,1.448027542877886,0.9975790871820512,28.00193745523994,636.4490767582568,18.36,1.165,0.209,0,9419,1360,0,1,0,0
1,0,0.108739,0.2688543866924156,1.517326199243761,1.109386394533746,4.015342763861759,682.6795003582383,19.76,1.165,0.209,0,8691,287,1,0,0,0
1,0,0.114564,0.3950013580879233,1.779481118083597,1.07658365974876,10.43084075075992,867.0387409676945,18.25,0.724,0.161,0,8874,397,1,0,0,0
1,0,0.160137,0.1134655964487312,1.284696603896354,1.138927737479595,50.06065345948102,531.8624024474462,17.58,1.165,0.209,0,14081,1360,1,0,0,0
1,0,0.127142,0.567310423412027,2.528592609325602,1.094095665492573,10.60398414261931,1468.644635270995,17.22,1.165,0.209,0,7976,333,1,0,0,0
1,0,0.457898,0.5569891128456232,1.25403278031106,0.5555501745262723,57.23874851998777,512.9343225442165,18.11,1.165,0.209,0,9160,306,0,1,0,0
1,0,0.0607747,0.6653181747038085,2.249141033910862,0.7527466265778505,5.718177322424797,1232.036176831076,16.76,1.165,0.209,0,10273,762,0,1,0,0
1,0,0.255414,0.3857856041120711,2.057894993250176,1.263988730079951,2.623886798073675,1078.284202792444,18.29,1.165,0.209,0,8982,1249,1,0,0,0
1,1,0.0280945,0.3501936262880359,1.054888537713788,0.6854732953621132,1.972616813185401,395.7384850763099,18.31,1.196,0.072,0,14691,3126,0,1,0,0
1,1,0.0231348,0.4244764033066843,1.271366606612605,0.7317014821534623,11.53669133499942,523.6060152518279,20.44,1.165,0.209,0,9562,244,0,1,0,0
1,0,0.14261,0.484025637049892,1.368852175367075,0.7062926291578963,20.70614845720309,584.9695401420572,18.32,1.039,0.02,0,9027,619,0,1,0,0
1,0,0.157514,0.5821642837478148,1.160100256647616,0.4847313216607005,13.81151162222494,456.3958756903438,19.95,1.165,0.209,0,8006,156,0,1,0,0
1,1,0.000143622,0.6141565794033405,1.41778175286834,0.5470417611862483,0.6522847507989123,616.6127502339162,19.8,1.165,0.209,0,8354,348,0,1,0,0
1,0,0.174357,0.4862397570299051,2.293844631759466,1.178486175348391,10.2551048792048,1268.949750895161,16.79,1.165,0.209,0,13367,466,1,0,0,0
1,1,0.0087742,0.520819608552853,1.889661509708515,0.9054887419247332,5.436737982154077,948.7995116141086,17.57,1.165,0.209,0,9082,954,0,1,0,0
1,0,0.495541,0.6989655676367688,1.154307118856792,0.3474861882978912,42.40225849987331,452.9815233515707,17.5,1.165,0.209,0,10261,926,0,1,0,0
1,0,0.271099,0.4918964909864874,2.474350400429833,1.257226120987388,4.175773362039489,1421.641946134785,17.74,1.165,0.209,0,14213,216,1,0,0,0
1,0,0.254381,0.4643896759507743,2.372113013882387,1.27052822004693,7.617048233057007,1334.447496014935,17.7,1.165,0.209,0,16186,360,1,0,0,0
1,1,0.00537392,0.5347907977740932,1.85772687390543,0.8642316369631726,4.926805014780827,924.8498327365712,20.46,1.165,0.209,0,2017,303,0,1,0,0
1,1,0.0453456,0.6313870372993284,2.421108856624721,0.8924521086612739,8.565508955964802,1376.004649803604,17.58,1.165,0.209,0,14122,745,0,1,0,0
1,0,0.226837,0.3401965419990675,1.844529644413578,1.217027037769309,10.53063777722725,915.0122028308738,17.73,1.165,0.209,0,8498,390,1,0,0,0
1,1,0.00799108,0.5980213503423745,2.120637241604418,0.8524508947938157,3.834029024514064,1127.971178563237,19.49,1.165,0.209,0,2392,584,0,1,0,0
1,0,0.229153,0.7990274889980505,1.053293904886554,0.2116831208880992,45.11521847749986,394.8414912084705,16.41,2.039,0.117,0,11741,2643,0,1,0,0
1,0,0.488811,0.3001921895731262,1.827930177590433,1.279199815192768,24.69612415328861,902.6883363725632,18.1,1.165,0.209,0,9830,881,1,0,0,0
1,0,0.413198,0.2738099766422624,1.685357798170198,1.223890018819361,35.1861846404226,799.1652645613644,17.95,0.629,0.339,0,10206,1550,1,0,0,0
1,1,0.0143229,0.3767096468877332,1.365056173659553,0.8508263444983428,8.671695212805274,582.5379351408038,18.31,0.863,0.137,0,9096,2094,0,1,0,0
1,0,0.313936,0.3108219237386328,1.85729555161828,1.280007375313081,36.91557763726718,924.5277575202524,16.92,1.165,0.209,0,9629,595,1,0,0,0
1,0,0.0737871,0.4526197162722007,1.57380898498402,0.8614720087339126,13.05670384118653,721.1514108012547,17.8,1.165,0.209,0,8901,2716,0,1,0,0
1,0,0.237587,0.6768076995944793,1.204929854818724,0.3894240516061535,21.96652383165457,483.1044907745485,19.11,1.165,0.209,0,9472,277,0,1,0,0
1,1,0.0188647,0.6737478109642138,2.428128815534416,0.7921823413289739,7.772663061852133,1381.993534551119,17.45,1.165,0.209,0,8660,903,0,1,0,0
1,0,0.0965049,0.1355137867067576,0.9595775119459644,0.8295415296635178,30.00178639988276,343.335348643961,17.36,1.165,0.209,0,7799,1560,0,0,1,0
1,1,0.0190714,0.3222036695654736,1.355425661718073,0.9187025396892994,6.033143925282165,576.384087343755,19.2,0.43,0.199,0,8093,832,0,1,0,0
1,0,0.0920393,0.3906646273578361,0.8189029757433983,0.4989865498823805,40.85759571722338,270.6743488981004,17.48,1.165,0.209,0,12458,623,0,0,1,0
1,0,0.0976448,0.5734302711880359,2.554011115669498,1.08946382899388,24.72077178802964,1490.84537203728,17.5,1.165,0.209,0,18487,530,1,0,0,0
1,0,0.0878731,0.7932855734861105,2.168626753641404,0.4482864357016607,8.036656534613007,1166.475559503978,16.38,1.165,0.209,0,11720,631,0,1,0,0
1,0,0.22252,0.2322177202112784,1.500230641407054,1.151850502068404,18.6982053482673,671.1745403428582,19.08,1.165,0.209,0,9654,251,1,0,0,0
1,1,0.0104667,0.3823924640196496,1.372548224399667,0.8476961268856834,13.09353743814807,587.3403603215021,19.87,1.165,0.209,0,8541,334,0,1,0,0
1,0,0.537914,0.5117143348895311,2.571868166727693,1.255806358367074,26.20661983389513,1506.508135737831,16.65,1.165,0.209,0,10604,713,1,0,0,0
1,0,0.27267,0.3878338817929931,1.927293473695172,1.179823764437671,12.8499992718578,977.2826823100094,18.39,1.165,0.209,0,8813,172,1,0,0,0
1,0,0.141029,0.5702391885914517,1.843947582543459,0.7924564092687081,43.07582574305071,914.5791235657384,18.92,1.165,0.209,0,7538,457,0,1,0,0
1,0,0.150477,0.5884132510606203,2.730004478569393,1.123633667924323,16.73711354916278,1647.568447158832,15.74,1.165,0.209,0,17300,677,1,0,0,0
1,0,0.33133,0.5355818143984641,2.556594846133303,1.187329139759467,30.15088541300407,1493.108234133694,16.94,1.165,0.209,0,9363,589,1,0,0,0
1,0,0.126155,0.6931927121667942,1.2059431947575,0.3699921608644601,12.62164370593078,483.7140515541245,17.82,1.165,0.209,0,10278,694,0,1,0,0
1,0,0.218756,0.1913826531122401,1.462923861254121,1.182945611386104,10.72247146242191,646.2953217531016,19.15,1.165,0.209,0,8516,783,1,0,0,0
1,1,0.0374674,0.8056190054707518,1.405615329327988,0.273224905640331,21.5700439985884,608.69278520369,19.48,1.165,0.209,0,7762,187,0,1,0,0
1,0,0.159028,0.3769174057043783,1.844702462434845,1.149401995997425,26.95628025301274,915.1408000881607,17.57,1.165,0.209,0,7839,286,1,0,0,0
1,0,0.298552,0.8895316740215511,2.469874752535669,0.2728429292890511,29.71059585115356,1417.786455027855,17.04,1.451,0.121,0,7297,241,0,1,0,0
1,0,0.0782416,0.6884113769359042,2.018625491951513,0.6289807375192551,6.217750494639532,1047.567598044027,17.36,1.165,0.209,0,8696,490,0,1,0,0
1,0,0.229736,0.452691727793748,2.239215797222212,1.225541329074634,3.979885380509289,1223.889900079307,16.74,3.041,0.04,0,20996,1390,1,0,0,0
1,0,0.12726,0.4715957939458557,2.114418361565101,1.117267555609112,4.207408447225673,1123.013065947384,17.26,1.045,0.234,0,8578,2906,1,0,0,0
1,0,0.0980455,0.4861923794394192,2.053048258285712,1.054871840485826,4.087217571829436,1074.477099364371,18.2,1.165,0.209,0,7510,1621,1,0,0,0
1,0,0.0544201,0.2345582366772421,1.319334228221449,1.009873518061896,5.281985590716572,553.5166274421276,21.06,1.165,0.209,0,6321,251,0,1,0,0
1,0,0.16666,0.3648713998235901,1.749199488068997,1.110966622286555,13.95985254080395,845.0014208873948,18.41,1.165,0.209,0,11507,423,1,0,0,0
1,0,0.161694,0.7921563649565987,1.268138129889928,0.2635744386534636,20.08733036262145,521.612833823531,18.36,1.165,0.209,0,8455,360,0,1,0,0
1,0,0.0842727,0.6403673038305353,2.116222401841672,0.7610627680685408,32.14327789687446,1124.450619356421,20.16,1.165,0.209,0,2406,198,0,1,0,0
1,1,0.0262701,0.2266631883276823,1.074763707157121,0.8311543385940088,10.06054705969703,406.9751724486445,20.43,1.165,0.209,0,7308,575,0,1,0,0
1,1,0.0347778,0.407835173751179,1.451999846620341,0.8598232368872489,24.75985267522244,639.0697818555853,17.33,1.165,0.209,0,9718,2419,0,1,0,0
1,0,0.0507372,0.770228965032309,2.640586279918439,0.6067302424583447,6.811784568219005,1567.2885849689,16.51,1.165,0.209,0,11283,711,0,1,0,0
1,0,0.220456,0.7013112966633457,1.934699833205177,0.5778729845256957,13.12644057369007,982.921462549377,17.76,1.165,0.209,0,9061,303,0,1,0,0
1,1,0.0169879,0.4245451062720764,1.44850136782225,0.8335472006849048,4.256988940384892,636.7614915166877,20.46,1.165,0.209,0,7954,434,0,1,0,0
1,0,0.0841782,0.2477237756164358,1.432739910487305,1.077816170385036,26.67411354323837,626.3967057163177,17.87,1.165,0.209,0,8851,1137,1,0,0,0
1,1,0.0257362,0.7875133642708082,1.452564562586893,0.308650557083534,5.443867665026392,639.4426413961686,18.36,1.244,0.055,0,8860,749,0,1,0,0
1,0,0.11473,0.6138145427491847,2.301286646646453,0.8887234359003557,13.68656577597868,1275.130116070245,16.95,0.916,0.353,0,13961,1630,0,1,0,0
1,1,0.0279981,0.6647150230340217,2.117551736840672,0.709983285310892,59.33211793817863,1125.510295039058,18.13,1.165,0.209,0,3355,145,0,1,0,0
1,0,0.212175,0.6186585375003572,3.122961104823023,1.190914555042712,70.87465483893259,2015.803940522374,16.1,1.165,0.209,0,8055,147,1,0,0,0
1,1,0.00320765,0.5922939444661196,1.846680506582271,0.7529028251699657,13.74155472366854,916.6131302710704,20.29,1.165,0.209,0,9179,408,0,1,0,0
1,1,0.0101676,0.466052107743838,1.84515632421538,0.9852173301979296,42.72022642863897,915.4785561663664,17.12,1.165,0.209,0,9126,207,0,1,0,0
1,0,0.213693,0.5236940412705572,2.510048722373012,1.19555116316749,1.761653850649185,1452.518439177466,19.93,1.165,0.209,0,10283,399,1,0,0,0
1,0,0.138814,0.3352705610457509,1.653758613777633,1.099302035502163,24.99587903593455,776.7953296333211,17.07,0.742,0.389,0,7694,1387,1,0,0,0
1,1,0.0226395,0.152030632762466,0.9589853226603742,0.8131901772463997,21.61631880443309,343.0175710697359,18.16,1.165,0.209,0,6940,1303,0,0,1,0
1,1,0.0297233,0.7321107154072822,1.648720703373885,0.4416746097200325,3.771642876182899,773.2484607134066,18.3,1.165,0.209,0,7292,611,0,1,0,0
1,1,0.00647565,0.5694273364027674,1.684458859650543,0.7252819379196912,2.285299374180502,798.5259599845087,19.36,1.165,0.209,0,9452,209,0,1,0,0
1,0,0.0966954,0.517055475925588,1.755956576225608,0.8480296130006103,15.51077180076116,849.9024568077112,18.51,0.553,0.21,0,7728,564,0,1,0,0
1,1,0.0396548,0.5611728363177627,2.320249755637337,1.018188619300737,1.942988725829591,1290.923569847428,17.8,1.165,0.209,0,11271,729,1,0,0,0
1,0,0.193745,0.7520839208738669,2.151989630323611,0.5335128314699262,16.250054445184,1153.078005707827,17.77,1.165,0.209,0,16385,2415,0,1,0,0
1,0,0.32414,0.6914083569483036,1.322456924220112,0.408099155110177,29.08240209960425,555.4829447875123,18.05,1.165,0.209,0,6972,353,0,1,0,0
1,1,0.0442128,0.5623488969906724,0.6370925380709611,0.2788242520057682,3.442417139153251,185.738615740541,19.78,1.165,0.209,1,4080,89,0,0,1,0
1,0,0.312273,0.1431715725494475,1.487004039057559,1.274107332398309,26.76204496087665,662.3181387461904,18.64,1.165,0.209,0,9733,339,1,0,0,0
1,0,0.316659,0.3304735799568441,1.932970341572408,1.29417471284257,3.500704830713631,981.6037585458158,18.75,1.165,0.209,0,8905,577,1,0,0,0
1,0,0.0885004,0.3736146143444075,0.8553616951877109,0.5357860653151757,17.18508843443605,288.9502825905928,19.45,1.165,0.209,0,11377,472,0,0,1,0
1,0,0.0514117,0.6325294115860108,1.146615895361846,0.4213476177534508,5.654420467240556,448.4617052060417,19.94,1.165,0.209,0,8721,376,0,1,0,0
1,0,0.25291,0.5635468904052501,1.247608994716325,0.54452282530232,17.34243654706537,508.998113397112,18.43,1.165,0.209,0,8837,525,0,1,0,0
1,0,0.173427,0.1413770567609419,1.363352538872202,1.170605769598893,19.35936427233277,581.4477358518382,18.84,1.165,0.209,0,8915,604,1,0,0,0
1,0,0.166612,0.1708909957816164,1.373405073241404,1.138702512663656,12.36665737151366,587.8904398384593,20.9,1.165,0.209,0,8694,93,1,0,0,0
1,0,0.0582551,0.7488637098108172,2.296451088995964,0.5767222070913552,12.09126237126979,1271.113194698908,18.27,1.165,0.209,0,10224,400,0,1,0,0
1,0,0.376729,0.3033749403390129,1.792277189852371,1.248545204309935,33.1162102267971,876.4077175806534,18.22,1.165,0.209,0,8331,476,1,0,0,0
1,1,0.0439419,0.4391929558337468,1.78794456631445,1.00269190736792,6.724476724773076,873.2317169495858,18.76,0.376,0.414,0,8777,1445,0,1,0,0
1,1,0.0211145,0.71550586688188,2.573609304350349,0.7321767480258804,5.018025949157677,1508.038238596123,17.28,1.165,0.209,0,9061,522,0,1,0,0
1,1,0.00966834,0.6420663898425074,2.090151115736149,0.7481353346301509,2.596448308218771,1103.735360441914,20.36,1.165,0.209,0,7632,531,0,1,0,0
1,1,0.0208299,0.1187188929746295,1.039060891765357,0.915704732961742,8.709305240254562,386.8654320780971,19.61,0.423,0.161,0,26086,366,0,1,0,0
1,0,0.254498,0.5321096564300899,2.628719630330392,1.229952530984254,3.394419930541769,1556.735500345293,18.19,1.165,0.209,0,15855,896,1,0,0,0
1,1,0.00609499,0.235293599809619,0.9338842976255056,0.7141472994315229,6.4995720236256,329.6385815587466,20.53,1.165,0.209,0,9862,444,0,0,1,0
1,1,0.0119415,0.3546257931437762,1.299353921151739,0.8385695062888281,23.2992291923248,540.9904752366039,20.85,1.165,0.209,0,8889,77,0,1,0,0
1,0,0.39815,0.5387365879778868,1.258050929350438,0.5802928641697734,53.84811685751204,515.4015985586101,17.23,1.165,0.209,0,8864,973,0,1,0,0
1,0,0.0714603,0.6839084050360218,1.758260009840826,0.5557712108719666,9.92382043306981,851.5753362446287,17.88,1.165,0.209,0,8728,803,0,1,0,0
1,0,0.0221083,0.121268642512674,0.9891660634305542,0.8692112376987253,2.5606205761126,359.3372492716896,24.3,1.165,0.209,1,2320,59,0,0,1,0
1,0,0.148114,0.4535245977915873,2.029524142257393,1.109085021931793,23.76628281633397,1056.062836105396,16.29,1.861,0.185,0,8489,1159,1,0,0,0
1,0,0.199617,0.4748732318986589,2.305910627365104,1.210895395278773,9.270297538521143,1278.975228904369,16.74,1.165,0.209,0,7684,642,1,0,0,0
1,0,0.0619569,0.5118938867987541,1.846318599285414,0.901199395228372,7.886414435673228,916.3436905447376,18.85,0.411,0.315,0,9449,294,0,1,0,0
1,0,0.225195,0.6022278379910919,2.602909877475401,1.035365089477732,19.48741953840015,1533.864951656829,17.83,1.165,0.209,0,14082,861,1,0,0,0
1,0,0.257094,0.7076558448759501,2.015658409588843,0.5892659547699364,15.96322881802025,1045.258791690355,16.72,1.261,0.232,0,8834,694,0,1,0,0
1,1,0.0196799,0.5147126891810562,2.134509501870255,1.035850376080099,7.354570908211931,1139.057283750221,17.72,1.165,0.209,0,8040,373,1,0,0,0
1,0,0.210565,0.3370009513617965,1.812987435461992,1.202008944904317,0.5098750112375168,891.6422073670172,19.96,1.165,0.209,0,10048,465,1,0,0,0
1,0,0.128245,0.6031609023934962,1.859641999343081,0.7379786528904629,37.00548591667209,926.2803389126954,17.82,1.165,0.209,0,7359,209,0,1,0,0
1,0,0.133483,0.6903385591468796,2.887690243439828,0.8942063215210753,13.34600742145928,1792.356252366784,15.34,2.423,0.25,0,18365,2839,0,1,0,0
1,1,0.0302679,0.6529251623616815,2.848717454946337,0.988718148152944,1.998216505735907,1756.194011182668,16.51,1.165,0.209,0,8796,791,0,1,0,0
1,0,0.372595,0.3088165843635475,1.690344741048136,1.168338251720765,26.97263142092063,802.7149602861112,18.91,1.165,0.209,0,9429,322,1,0,0,0
1,0,0.134169,0.6630191723838322,2.687365450978839,0.9055906337779452,22.27436319044688,1609.120327487497,15.48,1.165,0.209,0,9341,2788,0,1,0,0
1,0,0.134237,0.2741621434765151,0.9136196045889872,0.6631396954727043,36.2869919394664,318.9675790337871,18.53,1.075,0.08,0,8050,860,0,0,1,0
1,1,0.00315202,0.6754402552790715,1.11390993500971,0.3615303241488574,3.053945512596087,429.4113734644112,19.42,0.488,0.118,0,8029,437,0,1,0,0
1,0,0.340137,0.3673441426051401,1.837580391931957,1.162555998389695,24.88077641797994,909.8461232033698,17.87,0.78,0.241,0,9839,729,1,0,0,0
1,1,0.0351349,0.5865478683498108,1.526981356413445,0.6313336967992362,2.09427105971055,689.2059669103052,18.93,1.165,0.209,0,7244,549,0,1,0,0
1,1,0.0235546,0.4851239550410354,1.671286455735757,0.8605053603227123,2.633406231101461,789.1776319191863,20.33,1.165,0.209,0,6884,952,0,1,0,0
1,1,0.0352398,0.4121055267968569,0.9137168970331084,0.53716911383809,5.210950668753218,319.018531248546,20.7,1.165,0.209,0,8111,353,0,0,1,0
1,0,0.276335,0.5329053670733274,2.761281448607893,1.289779744644735,4.173715140275156,1675.963050355211,17.0,1.165,0.209,0,10330,485,1,0,0,0
1,0,0.376733,0.4126531619009424,2.177692351316013,1.279060716897962,22.69688300627563,1173.797595426687,17.55,1.165,0.209,0,8479,637,1,0,0,0
1,1,0.00038478,0.2618719999287679,1.180551255504687,0.8713979372072569,4.719530468472939,468.517371351943,21.34,1.165,0.209,0,8148,251,0,1,0,0
1,0,0.131439,0.1980002808358965,1.320817340200763,1.05929513590809,43.88048085775974,554.4502321975172,18.8,1.165,0.209,0,8465,422,1,0,0,0
1,0,0.0560893,0.4778795217614005,1.626043888187183,0.8489908125372437,28.49478678555008,757.3503351044711,18.82,1.165,0.209,0,6506,339,0,1,0,0
1,1,0.0274589,0.2705818399551121,1.230030641180046,0.8972066870883831,13.01127234061516,498.2786994555292,19.55,1.165,0.209,0,8381,478,0,1,0,0
1,1,0.0338864,0.711785626319555,2.526280534437181,0.7281103619739121,4.441041931897413,1466.630763975932,16.68,1.4,0.209,0,24099,563,0,1,0,0
1,0,0.0545615,0.6188674039687353,2.744787510974181,1.046127989611783,37.52497513211307,1660.968974729705,17.23,1.165,0.209,0,7526,280,1,0,0,0
1,0,0.0721327,0.3854159987471468,1.723996369568117,1.059540586954566,11.23634671240085,826.8047201038738,18.35,1.165,0.209,0,18525,582,1,0,0,0
1,0,0.217211,0.6774571394620424,1.054543892899804,0.3401356037787363,16.96683213313058,395.5445621103864,19.27,1.165,0.209,0,9146,298,0,1,0,0
1,0,0.105215,0.192708722298793,1.196523866045482,0.9659432806198446,12.00334522747707,478.0578733502803,19.82,0.451,0.115,0,9042,277,0,1,0,0
1,0,0.0745447,0.5479824006561765,2.196615665711737,0.992908939896054,11.03038050272677,1189.13056361545,16.34,1.237,0.418,0,8509,2217,0,1,0,0
1,0,0.428774,0.7332886657989575,1.356682197357924,0.3618425189441339,53.13083284032894,577.1857708970725,16.93,1.165,0.209,0,12790,260,0,1,0,0
1,0,0.248757,0.2820300170221699,1.052819685099072,0.7558929313893049,20.01753115673238,394.5748696553248,17.2,0.657,0.383,0,10560,3320,0,1,0,0
1,0,0.158491,0.5380818167659064,2.48298078344382,1.146933972493536,5.78144650883767,1429.086328473684,17.01,1.165,0.209,0,10327,378,1,0,0,0
1,0,0.096227,0.377905364397263,1.456953303284498,0.906362834296974,51.34578503620891,642.3428222626391,18.76,0.609,0.208,0,8660,559,0,1,0,0
1,1,0.0233469,0.5951472824695428,1.901480346045882,0.7698194854274292,3.69007555331529,957.714776443488,17.45,1.165,0.209,0,8357,1375,0,1,0,0
1,0,0.0973911,0.705400440076984,2.534240180665769,0.7465860419633602,13.87298954388791,1473.567673217611,18.16,1.165,0.209,0,8902,518,0,1,0,0
1,1,0.00575441,0.6567539556234888,2.01659461057766,0.6921881231917727,0.9147984204873598,1045.987104033976,19.52,1.165,0.209,0,7542,646,0,1,0,0
1,0,0.311418,0.1947786173850624,1.604924849313591,1.29231980615736,2.452884449701096,742.6436618879292,21.28,1.165,0.209,0,9259,73,1,0,0,0
1,1,0.0339041,0.4006907444802866,1.34165793190412,0.8040680163315764,21.5898131651474,567.6244978358949,19.11,0.432,0.2,0,10276,189,0,1,0,0
1,0,0.0687673,0.549942546687882,2.363136502463409,1.063547196127587,1.671223781828928,1326.879974838205,19.18,1.165,0.209,0,12162,81,1,0,0,0
1,0,0.342298,0.1307595266964201,1.38634426264505,1.205066543023286,34.22470037085559,596.2179693255908,18.1,1.165,0.209,0,9553,821,1,0,0,0
1,0,0.271172,0.4819629308728969,2.207116356414216,1.143368088499311,23.32081164263007,1197.667516672933,17.91,1.165,0.209,0,9505,407,1,0,0,0
1,0,0.0973057,0.5450929345120573,1.796415549634205,0.8172021260810057,33.71572255332124,879.444901185523,17.81,1.165,0.209,0,8947,719,0,1,0,0
1,0,0.0990887,0.3353635309302473,1.598674777832547,1.062537559529496,5.14692975796277,738.3097635390901,18.29,1.165,0.209,0,8786,2249,1,0,0,0
1,0,0.169086,0.4398064680814583,1.461233101346394,0.8185733319995208,30.21432471091103,645.1752213241563,17.59,1.165,0.209,0,8475,704,0,1,0,0
1,0,0.115086,0.05814670022806422,1.18900652807157,1.119869721914581,2.465546891789297,473.5597530964582,21.94,1.165,0.209,0,9558,229,1,0,0,0
1,0,0.248443,0.830208888674497,1.421781281516751,0.241405823850527,38.26402231024885,619.2237643578756,17.36,1.651,0.094,0,9199,645,0,1,0,0
1,0,0.233668,0.7074189447804974,1.298838135966788,0.3800154323804945,20.63399738368355,540.6683838015379,18.48,1.165,0.209,0,9181,297,0,1,0,0
1,0,0.153169,0.6203043564789122,1.905768954950535,0.7236121697524541,10.55844350671202,960.9566551803276,17.96,1.165,0.209,0,9023,218,0,1,0,0
1,0,0.34193,0.2575414810125246,1.743751450909478,1.294663119724512,8.695743339294188,841.0567484274832,18.86,1.165,0.209,0,11604,580,1,0,0,0
1,0,0.292932,0.4434833351162932,2.294556351349283,1.27695884804063,5.98893643763794,1269.540379245665,18.18,1.165,0.209,0,13783,168,1,0,0,0
1,1,0.0149678,0.6157487784337425,1.095318572934784,0.4208774996544006,2.560677727185872,418.7059232783858,20.16,1.165,0.209,0,10665,480,0,1,0,0
1,1,0.0301356,0.2614816300214228,1.118288852280946,0.8258768603517378,9.265547771350327,431.9459639060454,19.62,0.482,0.125,0,12071,545,0,1,0,0
1,1,0.0221785,0.7021849444606878,1.479132998275701,0.4405080760315072,14.72868126187824,657.0664094842041,18.64,1.165,0.209,0,9190,225,0,1,0,0
1,0,0.0658155,0.1966330127762867,1.083501233054525,0.8704491212521923,7.625872447294683,411.9481356485309,20.41,0.302,0.194,0,6914,486,0,1,0,0
1,0,0.329601,0.09336941288319922,1.364268158614261,1.236887241629204,23.86858844913545,582.0335796311457,19.55,1.165,0.209,0,8820,333,1,0,0,0
1,0,0.126069,0.8484958128875826,2.19343953061539,0.3323152730661271,8.658083106424595,1186.552410919139,17.08,1.165,0.209,0,8189,485,0,1,0,0
1,0,0.236558,0.6135397321983392,1.332864623553145,0.5150992193617081,38.20388863322243,562.0532827229215,17.91,1.165,0.209,0,6996,402,0,1,0,0
1,0,0.0793467,0.264290462695433,1.318483815171365,0.9700211176032852,21.27694855561346,552.9815372143972,19.46,1.165,0.209,0,9686,123,0,1,0,0
1,1,0.0411789,0.3692862187232754,0.8230681929295062,0.5191204522111695,17.50582890811797,272.7420844116306,19.27,1.165,0.253,0,8830,834,0,0,1,0
1,0,0.443087,0.55913170637437,2.684817320417922,1.183650830749186,24.4893801228023,1606.832244613562,17.09,1.166,0.15,0,8292,504,1,0,0,0
1,0,0.146446,0.6517953571321147,2.327785392616537,0.8105456813091217,20.11949236687591,1297.217607127282,19.22,1.165,0.209,0,2781,96,0,1,0,0
1,1,0.0283071,0.356099511703813,1.45647614563563,0.9378257013665304,13.11452667826057,642.0272935899944,20.78,0.217,0.216,0,7484,165,0,1,0,0
1,0,0.333622,0.817131585403005,2.17129182714247,0.397060694056956,20.96390049573373,1168.626481512584,17.81,1.165,0.209,0,8335,287,0,1,0,0
1,0,0.171822,0.613900860121717,2.856928057092995,1.10305746553774,11.21107731983339,1763.792059516621,16.58,1.522,0.207,0,7575,1012,1,0,0,0
1,0,0.257978,0.495034375454482,1.974413591638755,0.9970109924130234,28.53265845252378,1013.341023822181,17.17,1.165,0.209,0,9110,1501,0,1,0,0
1,0,0.310268,0.3054337365497972,1.83823603751939,1.276776735919349,37.5883045493409,910.333113981724,18.5,1.165,0.209,0,11142,477,1,0,0,0
1,1,0.00248745,0.8257849721886693,1.699209047357899,0.2960277514427211,39.01302433442171,809.0374857077993,17.51,0.55,0.209,0,9037,287,0,1,0,0
1,0,0.0885647,0.2236398308814469,1.419588001372005,1.102111580823839,22.86911134514314,617.7914688661199,18.31,1.165,0.209,0,8141,1110,1,0,0,0
1,0,0.207258,0.4935553478235911,2.334427462298315,1.182258304174727,7.45509848759983,1302.773759246584,17.25,1.123,0.154,0,8295,898,1,0,0,0
1,1,0.0316371,0.469507544141967,1.575874160702377,0.8359893536342207,9.076356822002015,722.5713348792142,19.86,1.165,0.209,0,8105,369,0,1,0,0
1,0,0.0542099,0.5714801100544044,2.363746288399335,1.012912299364193,8.153529521811166,1327.393591978146,17.69,2.9,0.019,0,9749,444,0,1,0,0
1,1,0.0104294,0.321318033973079,0.9375636895114712,0.636307568073099,5.428312051629295,331.588603711561,21.58,0.344,0.045,0,6939,410,0,0,1,0
1,0,0.157624,0.6041957768548032,0.9442182346596985,0.373725564849011,20.66610991438344,335.1251348309234,18.93,0.344,0.493,0,12369,545,0,0,1,0
1,0,0.248983,0.4655149668420741,2.352670846872526,1.257467355600348,7.401052277932785,1318.075183563451,17.36,1.024,0.168,0,8294,794,1,0,0,0
1,0,0.07687,0.728677871797385,2.018308375300211,0.5476117237556154,17.81798689752443,1047.320755762329,18.57,1.165,0.209,0,7357,160,0,1,0,0
1,1,0.0347963,0.2589162378777853,1.133402894785246,0.839946481267659,39.1443143963514,440.7323236342477,18.58,1.136,0.042,0,10956,395,0,1,0,0
1,0,0.124292,0.4751250853564593,2.173916774437505,1.141034381425047,9.855151857008767,1170.746309319031,17.93,1.165,0.209,0,12641,1063,1,0,0,0
1,0,0.304871,0.2415881958286922,1.505766258701924,1.141990904922406,20.84109066958867,674.8927591945006,18.16,1.165,0.209,0,9596,1135,1,0,0,0
1,0,0.194481,0.3469658525669796,1.406420376773453,0.918440531678679,34.27100337734693,609.2157910918509,18.44,0.63,0.234,0,9414,533,0,1,0,0
1,0,0.0924254,0.3411901898732408,1.604309446066869,1.056934801547881,35.30451823692317,742.2165563693835,17.4,0.703,0.43,0,10128,3140,1,0,0,0
1,0,0.362781,0.7136989323272567,1.738049276000419,0.4976053633867584,31.79388118607524,836.9346616509177,16.55,1.47,0.225,0,11005,855,0,1,0,0
1,0,0.164306,0.30034669502223,1.388766324362235,0.9716549486818672,18.14906037654407,597.781117064543,19.43,0.328,0.312,0,14179,579,0,1,0,0
1,0,0.0704798,0.6339494275525802,2.25542710843738,0.8256003841569319,15.74842613009386,1237.204870086377,18.65,0.45,0.317,0,6221,205,0,1,0,0
1,0,0.276425,0.1213355081292605,1.458943492220296,1.281921842259868,15.8221839317652,643.6594259330415,20.28,1.165,0.209,0,9294,177,1,0,0,0
1,0,0.142172,0.3934941403443956,1.675842378440792,1.016408222383525,17.26863338719816,792.4067744626187,17.42,0.764,0.224,0,10305,977,0,1,0,0
1,0,0.413377,0.3403599433809658,1.804950082267285,1.190617374461323,27.09363759274007,885.7195285282039,17.23,1.548,0.105,0,26848,1102,1,0,0,0
1,0,0.224275,0.3886479767695649,1.830064788581634,1.11881381114216,28.6217898156051,904.270003086341,17.67,0.898,0.2,0,9360,559,1,0,0,0
1,0,0.301073,0.720408679030561,1.958133066160778,0.5474770106018296,23.34732633814557,1000.833258094781,17.03,1.687,0.108,0,8472,496,0,1,0,0
1,0,0.233956,0.4805662695740203,2.347608720885908,1.21942715547033,5.574777712385336,1313.823416514278,17.99,0.605,0.334,0,14122,993,1,0,0,0
1,0,0.0659719,0.4923233626701068,0.7934030866237826,0.4027922110643199,18.24707517142475,258.1304600536731,19.02,0.37,0.334,0,7996,647,0,0,1,0
1,0,0.208359,0.4761065057866665,2.31817226521033,1.214475368209478,4.841227999964099,1289.190169634302,18.19,1.165,0.209,0,7826,446,1,0,0,0
1,1,0.00677491,0.5419750837999958,2.230188590630848,1.021481942333899,39.65677037370256,1216.496353362135,15.58,1.165,0.209,0,8201,1141,1,0,0,0
1,1,0.04698,0.4771015805416846,1.08388648848771,0.5667625317024468,37.03322124683664,412.1678668670442,14.64,2.914,0.274,0,7597,3754,0,1,0,0
1,1,0.00562259,0.8651747237936435,1.833463047416303,0.2471971617820513,8.410806938177211,906.7898889780532,17.39,1.989,0.041,0,7303,757,0,1,0,0
1,1,0.0109908,0.6954981018515407,2.502937747284941,0.7621492949956933,0.7923631789129044,1446.350329675982,18.12,1.165,0.209,0,7547,1179,0,1,0,0
1,0,0.314419,0.5235483755500261,2.67435127484214,1.274199009248396,15.88545529928922,1597.445695635623,16.05,2.123,0.139,0,25995,870,1,0,0,0
1,0,0.235287,0.4156131971303254,2.137266716455511,1.248990463309203,7.357799705734214,1141.265031722461,17.39,0.912,0.28,0,12404,756,1,0,0,0
1,0,0.120599,0.5565045739747306,2.499042090935051,1.108313736774321,12.02192213436626,1442.974921603174,15.66,1.165,0.209,0,9647,490,1,0,0,0
1,1,0.0406381,0.641774416319208,2.462148138040228,0.882004453858036,19.57998921083986,1411.138678221017,17.37,0.881,0.091,0,12979,586,0,1,0,0
1,0,0.0913273,0.4856938976246293,1.749026782867542,0.8995351476467393,11.90046631394628,844.876278610012,18.11,1.165,0.209,0,8476,1005,0,1,0,0
1,1,0.0108974,0.4444334023304107,1.760922497989773,0.9783097209680122,15.73452772168867,853.510346433893,18.36,0.495,0.235,0,8201,548,0,1,0,0
1,0,0.119898,0.4813559866446402,2.164864668236811,1.122794099905559,1.692555147642017,1163.441512564167,18.25,0.588,0.269,0,18588,709,1,0,0,0
1,0,0.270913,0.5270726365916708,2.218646086611675,1.049258444077467,21.85320956057633,1207.064484922683,18.16,1.655,0.033,0,8495,282,1,0,0,0
1,1,0.00565047,0.8368557611599522,2.573528735154813,0.4198563866298229,19.07855967915909,1507.967423373752,19.36,1.165,0.209,0,4652,124,0,1,0,0
1,0,0.105829,0.6990889038541792,0.817108908655523,0.2458771373740488,12.75420697229403,269.7853390487163,19.59,0.269,0.357,0,8459,666,0,0,1,0
1,0,0.53934,0.6135176304043538,3.32866794755701,1.28647147596891,23.36237397487121,2218.217555340299,16.13,2.358,0.126,0,11372,1298,1,0,0,0
1,0,0.0992393,0.6970075999948815,2.916180829794021,0.8835806284682084,52.31042285940408,1818.947243038217,16.27,4.726,0.018,0,11045,932,0,1,0,0
1,0,0.216941,0.2852668685242987,1.672964575435657,1.195723209849044,29.22123733252455,790.3665366470304,17.43,1.165,0.209,0,10362,2505,1,0,0,0
1,0,0.275825,0.3300626424911186,1.694290213604724,1.135068308555507,24.65068258349352,805.5270528246521,17.13,2.907,0.04,0,8800,4004,1,0,0,0
1,0,0.306837,0.3707163040243511,2.004300582507642,1.261273678406555,7.015775109878221,1036.436516357323,17.7,1.165,0.209,0,11322,561,1,0,0,0
1,0,0.334354,0.3935622900605842,1.967955311515138,1.19344231237835,30.42687158788199,1008.373154674599,19.05,1.165,0.209,0,9311,207,1,0,0,0
1,0,0.0987906,0.4784538986083164,2.045685281623118,1.066919183304885,7.2999828788143,1068.702087291753,19.32,1.165,0.209,0,6796,400,1,0,0,0
1,0,0.197475,0.2834398045687295,1.483069179953107,1.062708341425293,22.84553282260502,659.6909733181636,17.62,1.201,0.051,0,12305,1808,1,0,0,0
1,0,0.301515,0.3271611493705041,1.921897239400193,1.293127129586027,3.455837955456174,973.181111960602,19.64,1.165,0.209,0,8808,726,1,0,0,0
1,0,0.0895856,0.4928643457017425,1.018563296311005,0.5165497637188716,35.55418492646682,375.4745111245136,17.99,0.63,0.282,0,8035,881,0,1,0,0
1,0,0.0738033,0.5177304086667109,1.049924039604416,0.5063464375110176,46.88248276732514,392.9481481130995,18.37,1.165,0.209,0,7603,305,0,1,0,0
1,0,0.250422,0.6594280635110302,2.041897949042245,0.695413138618173,34.8372387777728,1065.735607317577,16.23,1.617,0.269,0,7748,610,0,1,0,0
1,1,0.0314716,0.6024730354750159,2.108448888667837,0.8381652865682013,16.07668120255281,1118.260651020674,18.07,0.654,0.26,0,7462,643,0,1,0,0
1,1,0.047831,0.3645581966810506,0.8930008689757961,0.5674500825473688,9.449658458838911,308.2309530458252,19.63,0.398,0.147,0,17462,129,0,0,1,0
1,0,0.066098,0.4392571086960927,1.380697476920173,0.7742162952242276,12.64799544233496,592.5789549097037,17.91,1.165,0.209,0,9485,973,0,1,0,0
1,1,0.0336714,0.7010867793379159,2.955505106966602,0.8834395502066246,6.932331336936984,1855.863361759761,18.55,0.535,0.322,0,7268,405,0,1,0,0
1,1,0.0415881,0.5332098821162617,2.015072495217252,0.9406159275867396,8.182185275607045,1044.803068907151,16.88,1.165,0.209,0,12496,1034,0,1,0,0
1,1,0.00626614,0.6609903007630776,1.674874762860149,0.5677987896167309,3.170915760165876,791.7205812419438,19.83,1.165,0.209,0,10488,300,0,1,0,0
1,0,0.076044,0.1124612131949503,1.200570824949004,1.065553173448777,4.194772507342625,480.485299497878,21.76,1.165,0.209,0,9145,156,1,0,0,0
1,0,0.067116,0.7633471790397455,2.250316120692831,0.532543658014295,9.403970444181818,1233.00183782291,17.23,1.165,0.209,0,8836,504,0,1,0,0
1,0,0.402263,0.7356071543098334,1.302214021458985,0.3442960708311766,38.50957720211859,542.7776767234362,18.2,1.165,0.209,0,8849,456,0,1,0,0
1,1,0.00896981,0.5459305722121387,0.8747904349989328,0.3972155922542597,15.213524889739,298.8508294654339,19.41,0.291,0.478,0,8116,351,0,0,1,0
1,0,0.121764,0.3972138983250104,1.089292607517798,0.6566104444690376,7.162874673983152,415.2553737835709,20.36,0.533,0.062,0,8834,305,0,1,0,0
1,0,0.223267,0.2178886739510551,1.315160621445566,1.028602017606146,46.44390146913469,550.8921983192153,19.26,1.165,0.209,0,8827,847,1,0,0,0
1,0,0.0839273,0.1965576966230669,1.368483222964102,1.099497312790967,2.148228143486111,584.7330521805169,21.1,1.165,0.209,0,8750,430,1,0,0,0
1,0,0.159223,0.7924314724963448,1.378882843217531,0.2862126813667162,48.64851461644919,591.4111099990463,16.66,1.165,0.209,0,8357,1070,0,1,0,0
1,0,0.357593,0.2074244068110984,1.448184473407693,1.147795668058059,38.748493124379,636.5525426736738,19.32,1.165,0.209,0,7889,274,1,0,0,0
1,1,0.0110456,0.6462926498250525,2.27936636447441,0.8062286368561471,8.027517093468532,1256.954710463185,17.26,1.165,0.209,0,8015,583,0,1,0,0
1,0,0.185294,0.604302814033391,2.076801145802208,0.8217843692061629,52.46715461916405,1093.177788427657,17.21,1.165,0.209,0,7714,350,0,1,0,0
1,0,0.377715,0.4339213981332349,2.07576706075453,1.175047315553009,43.50142052932031,1092.361414111939,17.77,0.629,0.408,0,8829,457,1,0,0,0
1,1,0.0231996,0.6323848915247215,1.001164659152235,0.3680432547758639,2.6372228595184,365.8951837676778,18.37,1.165,0.209,1,8484,164,0,1,0,0
1,0,0.0680194,0.7323463543371556,1.682204748748948,0.4502482337540053,4.836293832053872,796.9236378884716,18.66,1.165,0.209,0,6553,452,0,1,0,0
1,0,0.112153,0.3000123228475964,1.583426373469307,1.108378949106635,2.284987487567801,727.7718249545339,23.02,1.165,0.209,0,8059,176,1,0,0,0
1,0,0.290824,0.2238027080328646,1.632484500814661,1.267130048710661,26.85975016371884,761.8544820538148,16.93,4.444,0.014,0,11378,1699,1,0,0,0
1,0,0.290695,0.3634108577334191,2.013173364065392,1.281564305064315,2.313158894013063,1043.326384712931,18.2,1.165,0.209,0,12921,317,1,0,0,0
1,0,0.128882,0.5860210020787943,1.694976747863861,0.7016847755804253,7.923700613684177,806.0167073702231,18.61,1.165,0.209,0,9202,554,0,1,0,0
1,0,0.274827,0.4197268711232612,2.165165017468399,1.256387079220846,7.062433709774047,1163.683641475915,18.0,1.165,0.209,0,14974,768,1,0,0,0
1,0,0.0785132,0.395536636379422,1.718777708754757,1.03893815514997,7.937938913122047,823.0533667012907,18.99,1.165,0.209,0,8560,297,1,0,0,0
1,0,0.131261,0.8332596720208304,1.100234316874076,0.1834534308495211,23.7071567433383,421.5277854754215,19.2,1.165,0.209,0,8776,389,0,1,0,0
1,0,0.34185,0.329969920513669,1.754669196449338,1.175681141169166,31.42780169463025,848.9679690064877,18.75,1.165,0.209,0,7867,524,1,0,0,0
1,1,0.00723309,0.2519251578334618,1.132784109674279,0.8474072940533487,17.74569072903493,440.371443966375,18.31,1.165,0.209,0,9049,816,0,1,0,0
1,0,0.0964322,0.209619994968827,0.8951089654510355,0.7074762286166375,19.35944390078314,309.3230526279725,18.27,0.47,0.419,0,6283,551,0,0,1,0
1,0,0.191501,0.218650384687278,1.53316758607006,1.197939903585776,0.7101703205811023,693.3984559431093,20.33,1.165,0.209,0,8653,734,1,0,0,0
1,0,0.253783,0.3328861375495751,0.983308067969598,0.6559784432018636,27.55352194267514,356.1499032211267,18.64,0.761,0.122,0,5827,952,0,0,1,0
1,1,0.0484113,0.2614281576825704,1.046294874521979,0.772763933082982,13.47265899466461,390.912514210646,18.35,0.785,0.125,0,27806,2464,0,1,0,0
1,0,0.0830345,0.2485254117062709,1.436605259437023,1.079572345876043,4.278028044124189,628.9333219026552,20.43,1.165,0.209,0,9648,185,1,0,0,0
1,1,0.0213295,0.3600198736933757,0.7468668606601686,0.4779799478195266,8.588269243360163,235.7562481310483,21.17,0.113,0.037,0,8000,160,0,0,1,0
1,1,0.0446471,0.4108667202049389,1.375220809207587,0.8101883457708834,3.14962119281027,589.0566724788504,20.44,1.165,0.209,0,7939,453,0,1,0,0
1,0,0.308664,0.7022785125537043,2.303936268645761,0.685931332882684,40.13289898987355,1277.332961029028,16.32,1.165,0.209,0,7922,300,0,1,0,0
1,0,0.12635,0.3302675751862934,1.249332345658958,0.8367183812563699,29.56617610479116,510.0531136783391,18.28,1.165,0.209,0,8061,526,0,1,0,0
1,1,0.0381255,0.3782752889038504,1.454184741861608,0.9041025885143372,15.2201847211352,640.5127837270139,18.84,0.361,0.31,0,7775,933,0,1,0,0
1,1,0.0184484,0.3276726154883666,1.128592497223106,0.7587836418374638,6.171342232331128,437.9294634457949,21.21,1.165,0.209,0,6907,474,0,1,0,0
1,0,0.461243,0.7392155007026381,1.894965685456403,0.4941776774674303,27.73182445342555,952.7971555625955,16.82,1.165,0.209,0,7633,1896,0,1,0,0
1,0,0.220833,0.3361568019120861,1.82921900905672,1.214314596975418,4.351373335222234,903.6432017686463,19.03,1.165,0.209,0,8681,926,1,0,0,0
1,1,0.00294262,0.6573556134709169,2.409319062524585,0.825539652131562,15.64982403689397,1365.966039305856,18.27,1.165,0.209,0,9563,244,0,1,0,0
1,0,0.176281,0.4177186967405276,1.147708956383368,0.6682894668854767,10.81710447595414,449.1031311859442,18.92,1.165,0.209,0,9599,590,0,1,0,0
1,1,0.00830404,0.6599539754432356,1.04015138553662,0.3536993435889378,1.643865562505911,387.4746143943673,19.85,0.562,0.097,0,6976,464,0,1,0,0
1,0,0.106136,0.9008745900628408,1.842419172085884,0.1826305557090948,12.76385342067636,913.4422453210896,18.21,1.165,0.209,0,9164,644,0,1,0,0
1,0,0.316044,0.5157368086407079,2.635755008744645,1.27639913217592,8.15036910716083,1562.989237684467,18.26,1.165,0.209,0,10959,200,1,0,0,0
1,1,0.00115498,0.5141334169527231,1.269092260036263,0.6166095199555655,19.42915901184455,522.2016263050064,18.05,0.439,0.578,0,8540,1117,0,1,0,0
1,1,0.0316893,0.7844640480670089,2.717126159613463,0.5856383733343202,46.75042567115303,1635.924032575785,16.17,1.165,0.209,0,8350,621,0,1,0,0
1,1,0.0489959,0.7196419187071069,1.379232609713515,0.3866790081158707,21.14702049465004,591.6361496858683,18.91,1.165,0.209,0,8160,398,0,1,0,0
1,1,0.032923,0.608692860869972,1.916900500259499,0.750096850753464,5.829731699058032,969.3883206272216,18.46,1.165,0.209,0,8799,983,0,1,0,0
1,0,0.235402,0.1843865899969435,1.373632693246861,1.120353245030755,21.21268697503042,588.03659610222,18.91,1.165,0.209,0,26155,613,1,0,0,0
1,0,0.090599,0.5240769868415455,1.105325419823653,0.5260498043231068,14.1391811131565,424.4569642828226,20.43,1.165,0.209,0,8032,282,0,1,0,0
1,1,0.00236638,0.6036324331348765,2.001087107579256,0.7931660279163575,3.578040557741989,1033.944953364326,18.47,0.888,0.098,0,10195,245,0,1,0,0
1,0,0.0663316,0.44193356436369,1.260453484839243,0.7034167835696025,24.75353039389652,516.8787310688059,17.66,0.709,0.352,0,12478,1709,0,1,0,0
1,0,0.101382,0.5692324875574285,1.32397314237741,0.5703246170826914,12.83661548779487,556.4385237639627,17.77,0.747,0.24,0,8493,1181,0,1,0,0
1,0,0.210786,0.3009134544035259,1.638701687256754,1.145594301807438,9.536037570934424,766.2108158150945,18.54,1.165,0.209,0,12568,528,1,0,0,0
1,0,0.377748,0.2209800022636186,1.513535364544211,1.179074316261164,32.42362474523393,680.122725087219,18.21,1.165,0.209,0,10191,620,1,0,0,0
1,0,0.29537,0.1708423723844587,1.551260356258717,1.286239356809517,11.01758696025296,705.7086938667504,19.06,1.165,0.209,0,15172,527,1,0,0,0
1,0,0.309941,0.1818119377323991,1.532857973648381,1.25416609519081,8.229229478262422,693.188426128171,18.15,1.483,0.046,0,17894,1285,1,0,0,0
1,1,0.00846832,0.3205344909747955,1.280207645081173,0.8698569392230376,17.100161931451,529.0772060031072,19.22,1.165,0.209,0,9507,480,0,1,0,0
1,0,0.085547,0.4585139958904491,1.489597476850825,0.8065961854716226,17.97089557469394,664.0515869091107,18.82,1.165,0.209,0,8829,407,0,1,0,0
1,0,0.346156,0.2218660164868401,1.527314788483706,1.188455540441385,30.5958671035248,689.4317220407886,18.4,1.165,0.209,0,8510,203,1,0,0,0
1,0,0.0629539,0.7955038867534162,2.048227929566592,0.4188546506394656,11.24113038506498,1070.695192520982,18.68,0.626,0.216,0,5457,339,0,1,0,0
1,0,0.0906838,0.4641049267051809,1.478758907418993,0.7924596130766679,22.02571105740859,656.8171550283326,19.47,1.165,0.209,0,7352,181,0,1,0,0
1,0,0.060246,0.5852127627550849,2.204207126492109,0.9142769843132148,22.35268149017946,1195.300304535757,16.18,2.381,0.094,0,8924,839,0,1,0,0
1,1,0.00560551,0.9149225462050926,1.370688334115001,0.1166146734128876,15.44223966107453,586.1469394315736,18.76,1.165,0.209,0,8828,725,0,1,0,0
1,0,0.0959494,0.5610893785691538,2.232918881886353,0.9800518140534096,47.28798761272063,1218.730966418355,16.64,3.5,0.07,0,8878,2160,0,1,0,0
1,0,0.375982,0.3492559905270095,1.86531453244343,1.213842257770474,17.31841962178596,930.5217687720316,18.6,1.165,0.209,0,10231,327,1,0,0,0
1,0,0.18316,0.2708460784908577,1.60826468141833,1.172672499280826,14.52036299171079,744.9630182153577,19.48,1.165,0.209,0,8483,236,1,0,0,0
1,0,0.191566,0.4796762777562606,2.264762125954639,1.178409459373362,4.44695915357454,1244.893838139643,17.2,1.165,0.209,0,10809,649,1,0,0,0
1,0,0.341818,0.5874142011671839,1.242625850993106,0.5126897793822984,50.26280182286397,505.9516344461701,18.62,1.165,0.209,0,8096,371,0,1,0,0
1,0,0.479391,0.3454493739437706,1.978644348054165,1.295122896761474,35.8762290244651,1016.599835612755,18.07,1.034,0.114,0,7915,383,1,0,0,0
1,0,0.317942,0.2887081749113897,1.785185107586731,1.269787573296373,29.78926391802575,871.2109186443718,18.41,1.165,0.209,0,7022,318,1,0,0,0
1,0,0.131123,0.7500563831465658,1.260034140153547,0.3149374903487847,9.816702430675214,516.6208092302312,19.3,0.521,0.124,0,7688,286,0,1,0,0
1,0,0.106922,0.780775101983895,1.471078742837909,0.3224970873723007,40.81470121250818,651.7068814648253,17.73,1.165,0.209,0,8338,585,0,1,0,0
1,0,0.0932293,0.5986586788534011,0.7891671997018298,0.3167254065338942,28.98360975122416,256.066028824567,19.94,1.165,0.209,0,7680,220,0,0,1,0
1,0,0.137278,0.3301545472738177,1.719605758184275,1.151870097601496,10.12272299791363,823.6482175756655,17.83,1.72,0.05,0,8471,872,1,0,0,0
1,0,0.160972,0.3812945025411674,1.294651369956081,0.801007919884436,26.10973016719888,538.0562490426272,19.53,1.165,0.209,0,7150,106,0,1,0,0
1,0,0.207254,0.5862205747183626,1.649016278282528,0.6823290079078091,15.87720615092783,773.4564065642387,18.54,0.676,0.156,0,7698,299,0,1,0,0
1,0,0.272431,0.2332141667591464,1.640503449007461,1.257914804081681,2.883025521877198,767.4748427796347,18.77,1.165,0.209,0,9123,599,1,0,0,0
1,0,0.309663,0.8271931532885708,1.755385248949469,0.3033425896347149,26.55342229249093,849.4876974426783,16.8,1.165,0.209,0,7738,820,0,1,0,0
1,0,0.207842,0.3676921319472785,1.617914590098464,1.023020125156553,20.20763944486395,751.6779557643592,18.96,1.165,0.209,0,7096,261,1,0,0,0
1,0,0.495931,0.4416699937176646,2.199566878817247,1.22808418926845,43.07145533641842,1191.527812413231,16.81,1.165,0.209,0,7939,1157,1,0,0,0
1,1,0.00327335,0.2373000555568198,1.01054372930503,0.7707416461983505,9.843838332407492,371.0488536028564,20.22,1.165,0.209,0,3563,332,0,1,0,0
1,1,0.0162912,0.6169509043681677,1.372318005265337,0.5256651708361676,4.110899313358746,587.19259357999,19.34,0.439,0.177,0,7469,250,0,1,0,0
1,0,0.166975,0.6917308329152716,2.580814064587205,0.79558540209085,18.69794738245134,1514.375246213316,17.41,1.236,0.119,0,8484,402,0,1,0,0
1,0,0.253011,0.633131010984876,1.522166538430141,0.5584356990665169,16.17033583717016,685.9487718927463,18.23,0.666,0.19,0,7296,335,0,1,0,0
1,0,0.104547,0.3774606417777485,1.001400812602481,0.62341141920079,7.105303136318029,366.0246517395585,21.73,1.165,0.209,1,11328,296,0,1,0,0
1,0,0.0941562,0.2637419928107426,0.9855175018238004,0.7255951519429267,9.540576965446142,357.3509482501229,20.71,1.165,0.209,1,3731,232,0,0,1,0
1,0,0.217655,0.736162481910754,2.050377421931468,0.5409664901486254,13.02895158145725,1072.38108021788,16.84,1.165,0.209,0,8390,335,0,1,0,0
1,0,0.282858,0.72574489363772,2.513031243178386,0.6892116508896209,54.48621434639379,1455.108101925819,15.46,1.165,0.209,0,8477,422,0,1,0,0
1,0,0.0692766,0.2587133678548849,1.022941505330054,0.7582928633675702,5.827936286168615,377.89802939983,21.92,1.165,0.209,1,1712,85,0,1,0,0
1,1,0.00256366,0.6109144664334102,1.670319863705354,0.6498972953966714,4.657806691090168,788.4930971082297,19.86,1.165,0.209,0,10190,129,0,1,0,0
1,1,0.0468302,0.4005498185085408,1.238183928638723,0.7422295807422903,50.73905180385615,503.2411786716985,19.25,1.165,0.209,0,8224,190,0,1,0,0
1,0,0.298421,0.5632614982918571,1.495945611288583,0.6533370449110475,55.30604884512126,668.301033678714,17.22,1.165,0.209,0,8815,445,0,1,0,0
1,0,0.191458,0.4417162904732695,2.124786015575234,1.186233418725863,5.393708399327793,1131.282908720621,18.22,1.165,0.209,0,8072,305,1,0,0,0
1,0,0.0549593,0.4840106215232846,1.104808860993407,0.5700696375195562,24.07598661064035,424.1594527486573,19.18,1.165,0.209,0,7646,101,0,1,0,0
1,0,0.134825,0.5743456868472411,1.806608984228558,0.7689909063174102,35.63321250668533,886.9408859221475,18.75,1.165,0.209,0,6387,181,0,1,0,0
1,0,0.315284,0.6630247984741846,1.630665238894838,0.5494937474977301,18.7032265458169,760.5813061423191,17.54,1.165,0.209,0,9213,424,0,1,0,0
1,1,0.0415749,0.2485012024622596,0.9856748201140813,0.7407334420789605,7.234345375548568,357.4365176340667,20.81,1.165,0.209,0,3374,607,0,0,1,0
1,0,0.210172,0.4556034235578259,2.234271630135074,1.21632982628741,5.569541760228647,1219.838632619146,19.1,1.165,0.209,0,25573,502,1,0,0,0
1,0,0.238631,0.4587424090618054,2.233645829592187,1.208977760734212,5.960524017023769,1219.32616881754,18.48,1.165,0.209,0,7485,1156,1,0,0,0
1,0,0.350455,0.1634158933589189,1.473578807388789,1.232772610144579,20.20605519162165,653.3689284429278,18.2,1.165,0.209,0,8495,1338,1,0,0,0
1,0,0.270644,0.4285969784108292,2.126349045218421,1.215002269391054,10.83917295632619,1132.531425408873,17.94,1.165,0.209,0,8115,707,1,0,0,0
1,0,0.10649,0.6941390109322559,2.621410111683701,0.8017870895117624,7.748204334275549,1550.246938487225,17.38,1.165,0.209,0,6499,305,0,1,0,0
1,0,0.366003,0.5875776332107645,2.612112305320903,1.077293539279733,25.81869122642946,1542.006464882409,17.27,1.165,0.209,0,26360,218,1,0,0,0
1,0,0.197962,0.5353894960102095,1.228090883490289,0.5705839243236904,13.93151886044445,497.1004863914345,19.34,1.165,0.209,0,9865,206,0,1,0,0
1,1,0.03052,0.5727371911835314,2.420516080958186,1.034196499535625,12.87861126084709,1375.499336622481,17.28,1.165,0.209,0,9958,1927,1,0,0,0
1,0,0.0571686,0.4556558203537662,1.735658555623389,0.9447956326067806,20.1558389894616,835.2084259004524,18.19,0.654,0.198,0,9795,539,0,1,0,0
1,0,0.221142,0.6754242665277331,1.366552401568929,0.4435497480675227,20.3178707468857,583.4959707856502,18.09,0.614,0.268,0,9903,451,0,1,0,0
1,0,0.110313,0.7276851486821796,2.106014473744938,0.5734990182910307,8.542182935257797,1116.324494670121,18.64,1.165,0.209,0,6867,333,0,1,0,0
1,0,0.0518699,0.6403051379372627,1.701209993199184,0.6119164938435306,13.5733417232289,810.4669596249759,18.51,1.165,0.209,0,8062,542,0,1,0,0
1,0,0.0655267,0.4325908998406626,1.903389461959594,1.080000501863258,13.48275359957033,959.157479267254,18.65,1.165,0.209,0,9387,7322,1,0,0,0
1,0,0.312007,0.3474020760483354,1.963125136168876,1.281131388321137,6.935063452656532,1004.662987117832,17.94,1.165,0.209,0,9363,936,1,0,0,0
1,0,0.365604,0.5404532272390138,1.299454872019408,0.5971602927850593,36.95417201117766,541.0535233227474,17.58,1.165,0.209,0,9154,358,0,1,0,0
1,0,0.166101,0.4214852518550443,1.987988472456446,1.150080650458216,8.831047881241968,1023.809651921279,18.84,1.165,0.209,0,9180,238,1,0,0,0
1,0,0.256922,0.3596005831002994,1.882703976112838,1.205682528497409,33.81673636313852,943.564268912852,17.98,1.165,0.209,0,8956,401,1,0,0,0
1,0,0.0885637,0.506551417471242,2.191652057788925,1.08146760131218,53.14651113213453,1185.102292504107,16.71,1.044,0.407,0,8916,1049,1,0,0,0
1,0,0.216455,0.7894331863543962,1.785336389921869,0.3759325949113932,25.84155259046918,871.3216648189574,17.96,1.165,0.209,0,8820,494,0,1,0,0
1,0,0.148186,0.526062186386985,0.9113216811756246,0.4319098050745127,31.3227052599929,317.7649417661731,19.29,1.165,0.209,0,8045,459,0,0,1,0
1,1,0.0424699,0.4827259412891806,1.047217599094455,0.5416984978369883,2.8125624061984,391.4297452117892,21.24,1.165,0.209,0,7237,160,0,1,0,0
1,0,0.098792,0.5614871225625787,0.952932503447218,0.4178731740902849,14.73039518981703,339.7751693546149,20.87,1.165,0.209,0,6628,124,0,0,1,0
1,0,0.0512824,0.3766319375115266,1.489890920874561,0.9287504166647428,36.78219298639628,664.2478193501676,18.41,1.165,0.209,0,8766,281,0,1,0,0
1,0,0.321729,0.3274078456880913,1.764677927290051,1.186908528782689,15.28407930299547,856.242158399015,19.14,1.165,0.209,0,7678,253,1,0,0,0
1,0,0.194062,0.7966477408561482,0.6402107276400462,0.1301882977937326,23.79356259697198,187.1039032151221,18.67,1.165,0.209,0,7694,258,0,0,1,0
1,1,0.0385871,0.6377772784757131,2.319883143096861,0.8403143857108616,4.9189018015702,1290.617622132266,18.53,1.165,0.209,0,7927,140,0,1,0,0
1,1,0.0200582,0.5932101668972348,2.084729593302518,0.8480468033239268,4.488410426199341,1099.443773135288,17.49,1.165,0.209,1,7265,94,0,1,0,0
1,0,0.465873,0.5806286982659674,1.202868629841287,0.5044485831115728,30.26356747925051,481.865379981806,18.11,1.165,0.209,0,7991,562,0,1,0,0
1,1,7.88966e-05,0.3117877024034479,1.41188033591633,0.9716734099123692,2.518158393028326,612.7668483765779,19.39,1.165,0.209,0,9098,572,0,1,0,0
1,0,0.0922139,0.7676302678421264,2.530175170741384,0.5879361267376775,6.083510268825796,1470.023614203597,18.48,1.165,0.209,0,7561,623,0,1,0,0
1,0,0.0204161,0.3690840764387515,1.577984003835454,0.9955752351447223,2.008192925206797,724.0229314241903,22.64,1.165,0.209,0,2922,136,0,1,0,0
1,1,0.0437237,0.4079779894651361,1.565819601180114,0.9269996684255496,36.01519512853759,715.667037687907,17.04,0.74,0.425,0,6471,1912,0,1,0,0
1,0,0.140006,0.5244853182435536,1.659025891598208,0.7888911688690264,47.38530198447562,780.5094627163346,18.24,1.165,0.209,0,6224,156,0,1,0,0
1,1,0.00623655,0.7906998774776309,2.444943797025381,0.5117270362777184,1.973913972501004,1396.373978961928,16.92,1.199,0.234,0,10960,500,0,1,0,0
1,1,0.000680128,0.4144607821704709,1.272805496280229,0.7452775347410511,16.08256380060633,524.4951660433655,19.29,0.32,0.209,0,9460,586,0,1,0,0
1,1,0.0194045,0.4668580174981959,0.8114759886710128,0.4326319173526753,10.34208851067938,267.0004156424574,18.51,0.407,0.388,0,9199,1260,0,0,1,0
1,0,0.125685,0.4658242279836662,1.290455444515966,0.6893300333269976,25.83355112569664,535.4426338316775,18.23,0.622,0.288,0,6984,313,0,1,0,0
1,0,0.086084,0.545507299298917,1.508978204436906,0.6858195794336005,5.365198929847709,677.0533280926176,18.41,1.165,0.209,0,6291,725,0,1,0,0
1,1,0.012142,0.5266317306880081,1.641935422990942,0.7772401295032754,0.9285877078622022,768.4799401479224,19.7,0.4,0.209,0,12498,188,0,1,0,0
1,0,0.205979,0.4893867670168458,1.688299828712346,0.8620682337837162,56.37271746954053,801.2587616174554,18.81,1.165,0.209,0,8981,257,0,1,0,0
1,0,0.354114,0.6454496358687257,1.268238761656022,0.449654514750539,29.49728417122341,521.6749231110927,19.02,1.165,0.209,0,8490,207,0,1,0,0
1,1,0.0276028,0.7776005553854728,0.7966658220677734,0.1771780363712485,25.36074522025352,259.7243724401431,20.0,1.165,0.209,0,8428,298,0,0,1,0
1,0,0.0573747,0.3021537514026502,1.147745277758558,0.8009497364291329,11.27634088058814,449.1244504049304,19.39,1.165,0.209,0,7753,634,0,1,0,0
1,0,0.141276,0.5809709896310605,2.689584143820407,1.127013782089056,10.1603948112945,1611.113476871847,17.47,1.165,0.209,0,8231,1075,1,0,0,0
1,0,0.291571,0.1811760738053149,1.469860339643149,1.203556814264457,12.11179967622523,650.8973966085092,19.68,1.165,0.209,0,8294,215,1,0,0,0
1,0,0.294789,0.2800765938422402,1.727387923942957,1.243586997960795,23.50177053493857,829.2457332260706,19.69,1.165,0.209,0,7821,116,1,0,0,0
1,0,0.0661833,0.4422468707626022,1.472751060894908,0.8214315128018326,16.96935775936975,652.8184849770292,18.81,1.165,0.209,0,7504,401,0,1,0,0
1,1,0.0136574,0.540782901409711,1.388771479926945,0.6377476096169933,25.79708361486987,597.7844458125521,19.11,1.165,0.209,0,8414,440,0,1,0,0
1,0,0.117926,0.3955027528954219,1.876719971473617,1.134472056341984,1.6103450271378,939.0692945861574,19.45,1.165,0.209,0,8416,591,1,0,0,0
1,0,0.462316,0.445489250367631,2.25754981974496,1.251835642879197,21.36568910884565,1238.951887259503,16.72,1.504,0.163,0,8886,3089,1,0,0,0
1,0,0.112449,0.5743499325626137,1.768719671007949,0.7528556472423652,28.49171929065927,859.1854933743166,18.02,0.817,0.084,0,8107,529,0,1,0,0
1,0,0.106503,0.6569097513754298,0.9040721605862072,0.3101783423500741,15.90529729101886,313.9807850305303,17.91,1.165,0.209,0,7014,506,0,0,1,0
1,0,0.20619,0.3103763899067669,1.094088985953728,0.7545095962566544,13.22963272634271,418.0010724002576,18.67,1.165,0.209,0,8797,725,0,1,0,0
1,0,0.09215,0.6280715983507502,2.014183209822135,0.7491319418579021,6.596970350641844,1044.111511460967,18.27,1.165,0.209,0,7644,358,0,1,0,0
1,1,0.0409661,0.3306475922260459,1.269279213109855,0.8495950974325114,7.291508523179973,522.3170207457617,20.51,0.187,0.317,0,7584,301,0,1,0,0
1,0,0.308139,0.4887246370058614,1.125561995835031,0.5754721179929627,19.12871798293585,436.1667529857627,19.04,1.165,0.209,0,9205,446,0,1,0,0
1,0,0.305231,0.2506887054523879,1.642873661668611,1.231023790203083,21.23205074485992,769.1387242124697,19.15,1.165,0.209,0,6956,129,1,0,0,0
1,0,0.153565,0.3495615041851659,1.754572560245377,1.141241536883985,33.69908537194163,848.8978362039159,17.83,2.054,0.033,0,7194,239,1,0,0,0
1,0,0.190051,0.3391800372503922,1.171832434683904,0.7743702658366001,36.05488847941687,463.3366972647742,18.85,1.165,0.209,0,8848,526,0,1,0,0
1,1,0.0306445,0.3101143794416916,1.411805886355429,0.973984580016188,21.04013345739993,612.7183814985084,18.91,0.78,0.08,0,9093,366,0,1,0,0
1,0,0.118674,0.5041150848780294,1.417537248464477,0.7029353381370389,9.410290730474118,616.4532496277351,19.17,1.165,0.209,0,8085,302,0,1,0,0
1,0,0.524102,0.5126462667839967,2.640982277160998,1.287092572131714,26.61049037892364,1567.641157367779,16.16,1.165,0.209,0,12771,1468,1,0,0,0
1,0,0.0520243,0.7407704902217048,2.539183252069194,0.6582312296711545,3.765477432891199,1477.881096817112,15.68,1.165,0.209,0,23669,234,0,1,0,0
1,1,0.0173852,0.5514589305275425,0.8757528411569717,0.3928111159660913,2.06604548795592,299.3441389911295,21.52,1.165,0.209,0,11719,208,0,0,1,0
1,0,0.302981,0.5322665393327712,2.481921640270968,1.160877797908825,29.11730532189257,1428.17203690002,17.48,1.165,0.209,0,10031,136,1,0,0,0
1,0,0.317493,0.4317032047272864,1.838535659018337,1.044833923014728,30.95726944254453,910.5556913444713,18.64,0.476,0.379,0,9340,624,1,0,0,0
1,0,0.353163,0.5143158194467002,2.364467981400692,1.14838469399111,18.70761141373425,1328.00155302772,18.5,1.165,0.209,0,8207,2303,1,0,0,0
1,0,0.376287,0.3562521610064225,1.790070354784565,1.15235392253903,28.48538446539073,874.7895316672048,18.73,1.165,0.209,0,8795,374,1,0,0,0
1,0,0.284481,0.5134061601605298,2.659709684404793,1.294198348192754,3.860128977306204,1584.345077328994,17.31,1.165,0.209,0,8093,361,1,0,0,0
1,1,0.0185551,0.753196375534697,2.889804898315709,0.7132143229019033,39.21258023685895,1794.32542584671,18.14,1.165,0.209,0,3653,206,0,1,0,0
1,0,0.142714,0.2490048240570004,1.308984850416407,0.9830413080451909,14.97618527276694,547.0164128766936,20.65,0.282,0.117,0,8804,612,0,1,0,0
