spkid,pdes,full_name,neo,pha,class,moid,e,a,q,i,per,H,diameter,albedo,condition_code,data_arc,n_obs_used
20000433,433,   433 Eros (A898 PA),Y,N,AMO,.148798,.2228779627700761,1.458243716760167,1.133233327946397,10.82854410314273,643.1963890927677,10.40,16.84,0.25,0,46582,9130
20000719,719,   719 Albert (A911 TB),Y,N,AMO,.201591,.54659281141853,2.636949566436567,1.19561188934913,11.57235893021322,1564.051907966961,15.59,,,0,41869,2147
20000887,887,   887 Alinda (A918 AA),Y,N,AMO,.080116,.5710841391815443,2.473998953398223,1.061137390760757,9.399997659652634,1421.339070216299,13.82,4.2,0.31,0,39281,5843
20001036,1036,  1036 Ganymed (A924 UB),Y,N,AMO,.341955,.5335006672216854,2.664068815977234,1.242786325128894,26.68765340379128,1588.241666709427,9.17,37.675,0.238,0,37140,13637
20001221,1221,  1221 Amor (1932 EA1),Y,N,AMO,.10902,.4347308667088409,1.919716404373496,1.085156428065026,11.87012944935086,971.5251348152979,17.37,1.0,,0,34521,698
20001566,1566,  1566 Icarus (1949 MA),Y,Y,APO,.0338047,.8270188506942974,1.077994212576463,.1864726778363724,22.8016402405493,408.8114685792443,16.53,1.0,0.51,0,28192,1796
20001580,1580,  1580 Betulia (1950 KA),Y,N,AMO,.134079,.487636671923457,2.194758150792221,1.124513590463021,52.19064411003266,1187.622543274412,14.54,5.8,0.08,0,26722,2255
20001620,1620,  1620 Geographos (1951 RA),Y,Y,APO,.0295314,.335517777566295,1.245803622715614,.8278143599380324,13.33675506000249,507.8936827289096,15.27,2.56,0.290,0,27398,9749
20001627,1627,  1627 Ivar (1929 SH),Y,N,AMO,.11013,.3973348248655494,1.863110322449203,1.122831708773652,8.456346737455203,928.8728838517851,12.79,9.12,0.15,0,35420,14519
20001685,1685,  1685 Toro (1948 OA),Y,N,APO,.0509443,.4359922205676111,1.367859437151767,.7714833637236056,9.381775895521885,584.3332957850312,14.26,3.4,0.31,0,28547,5547
20001862,1862,  1862 Apollo (1932 HA),Y,Y,APO,.0263183,.5601800481295997,1.470715141636512,.6468498628096396,6.352178986018433,651.4652763535555,16.09,1.5,0.25,0,34822,3701
20001863,1863,  1863 Antinous (1948 EA),Y,N,APO,.18805,.6062316466560668,2.259383587112934,.8896737546697689,18.38388305949451,1240.461761476916,15.32,2.1,0.24,0,28683,1996
20001864,1864,  1864 Daedalus (1971 FA),Y,N,APO,.269358,.6144605486502296,1.4608806795516,.5632271356818037,22.21679138437392,644.9418293015603,14.83,3.7,0.273,0,20100,6597
20001865,1865,  1865 Cerberus (1971 UA),Y,N,APO,.156476,.4668681386877623,1.079953205238556,.5757574624389485,16.10126663958231,409.9263480320066,16.77,1.2,0.22,0,20034,2530
20001866,1866,  1866 Sisyphus (1972 XA),Y,N,APO,.103376,.5381206218639839,1.893368722611666,.8745079681820592,41.20629883894316,951.592969348315,12.47,8.48,0.15,0,26128,10700
20001915,1915,  1915 Quetzalcoatl (1953 EA),Y,N,AMO,.110002,.5702559710993432,2.545292592499507,1.093824293431736,20.3996833772342,1483.218033890223,18.38,0.5,0.21,0,24702,55
20001916,1916,  1916 Boreas (1953 RA),Y,N,AMO,.253215,.4490840861315141,2.273307845768517,1.252401469355961,12.87755556909336,1251.946594276505,14.93,3.5,,0,26515,4171
20001917,1917,  1917 Cuyo (1968 AA),Y,N,AMO,.071792,.5054274556087749,2.149231527449262,1.062950905016421,23.95606773979055,1150.86194819042,14.38,5.7,0.195,0,26337,4305
20001943,1943,  1943 Anteros (1973 EC),Y,N,AMO,.0625541,.2561964014485422,1.431020514064791,1.064398207962348,8.708585797499484,625.2694588364014,15.66,2.3,0.17,0,19548,7492
20001980,1980,  1980 Tezcatlipoca (1950 LA),Y,N,AMO,.244922,.3646568494036361,1.709553121896733,1.08615286657772,26.86860047014339,816.4363406613376,13.80,4.3,0.25,0,27850,9906
20001981,1981,  1981 Midas (1973 EA),Y,Y,APO,.00384584,.6504314469810176,1.776231868547232,.620914804114259,39.82205969987218,864.6650668867737,15.28,3.4,,0,19295,2498
20002059,2059,  2059 Baboquivari (1963 UA),Y,N,AMO,.245255,.5314016016636036,2.642125049017742,1.238095566174187,11.01873885953402,1568.658761683946,15.98,,,0,22830,1561
20002061,2061,  2061 Anza (1960 UA),Y,N,AMO,.0548512,.535915382136695,2.265042877034124,1.051171558032383,3.801523678001481,1245.125330080632,16.70,2.6,,0,23892,2041
20002062,2062,  2062 Aten (1976 AA),Y,N,ATE,.113307,.1828582815030813,.9669667478344453,.7901488700548153,18.93555636228816,347.3087592635159,17.11,1.1,0.26,0,23339,1024
20002063,2063,  2063 Bacchus (1977 HB),Y,N,APO,.0669776,.3492309859328742,1.07750077173387,.7012041148778181,9.432222639330311,408.5308067903,17.21,1.024,0.203,0,17584,1561
20002100,2100,  2100 Ra-Shalom (1978 RA),Y,N,ATE,.149703,.436499569805015,.8320380956623273,.4688538248443376,15.75910219462338,277.2127772732746,16.24,2.3,0.13,0,18599,4245
20002101,2101,  2101 Adonis (1936 CA),Y,Y,APO,.0114957,.7641209908755124,1.873783680426323,.4419862378525967,1.319989940107121,936.8662739043245,18.69,0.6,,0,32656,155
20002102,2102,  2102 Tantalus (1975 YA),Y,Y,APO,.0425508,.2993525411875109,1.290074865084854,.9038876758995675,64.00427834487186,535.2057832353406,15.99,1.649,0.245,0,18481,2349
20002135,2135,  2135 Aristaeus (1977 HA),Y,Y,APO,.00967484,.5030586306182083,1.599739533568636,.7949767544657869,23.07163208204,739.0474843492262,18.05,,,1,15749,61
20002201,2201,  2201 Oljato (1947 XC),Y,Y,APO,.00270585,.7108613720406038,2.178570754316267,.6299089588154722,2.521727702918088,1174.507868823981,15.32,1.80,0.4328,0,34619,1897
20002202,2202,  2202 Pele (1972 RA),Y,N,AMO,.143086,.5127886077176332,2.290566107544751,1.11598990237168,8.742829310334674,1266.230214751645,16.99,,,0,19571,1409
20002212,2212,  2212 Hephaistos (1978 SB),Y,N,APO,.111867,.8346014015275484,2.167363839741866,.3584789414731759,11.20080397938433,1165.456750920303,13.45,5.7,0.163,0,17521,5464
20002329,2329,  2329 Orthos (1976 WA),Y,N,APO,.0936745,.6532406969716966,2.412437431614276,.8365351223859566,24.49648504200215,1368.618841294837,14.57,,,0,18174,1999
20002340,2340,  2340 Hathor (1976 UA),Y,Y,ATE,.00639696,.4499561430699934,.8437498723561032,.4640994340749517,5.860185941757463,283.0864009980471,20.41,0.3,,0,16477,572
20002368,2368,  2368 Beltrovata (1977 RA),Y,N,AMO,.232044,.4134502338181753,2.105026849801995,1.234703006557823,5.223867907368374,1115.539329459112,15.18,2.3,0.27,0,17908,3129
20002608,2608,  2608 Seneca (1978 DA),Y,N,AMO,.154252,.5647258381437779,2.530532335321208,1.101475341307007,14.42900309972171,1470.334892391608,17.48,0.9,0.21,1,16284,83
20003102,3102,  3102 Krok (1981 QA),Y,N,AMO,.183852,.4491524842840965,2.15144224140984,1.185116613886866,8.442490783035382,1152.638081205689,16.16,1.6,,0,16182,2950
20003103,3103,  3103 Eger (1982 BB),Y,N,APO,.0791329,.3541203011082182,1.404035848121937,.9068382508182643,20.9308985440047,607.6670970313172,15.30,1.5,0.64,0,16309,8974
20003122,3122,  3122 Florence (1981 ET3),Y,Y,AMO,.0438758,.4232224394609472,1.768952762122564,1.020292258845872,22.14242023332167,859.3553408964168,14.08,4.9,0.231,0,17341,10321
20003199,3199,  3199 Nefertiti (1982 RA),Y,N,AMO,.21537,.2840602814848024,1.574519771795496,1.127261242215881,32.96059209172675,721.6400115028317,14.99,2.2,0.42,0,15656,4141
20003200,3200,  3200 Phaethon (1983 TB),Y,Y,APO,.0187322,.8896722843692159,1.271464620920411,.1402777871315099,22.31052728047163,523.6665664767817,14.38,6.25,0.1066,0,15468,8544
20003271,3271,  3271 Ul (1982 RB),Y,N,AMO,.276766,.3954280471617143,2.102524097780285,1.271127099684582,25.07675705943864,1113.550455807777,16.55,,,0,15854,315
20003288,3288,  3288 Seleucus (1982 DV),Y,N,AMO,.10629,.4545391298517582,2.03442342547713,1.109698371910722,5.925642409381862,1059.88915582437,15.34,2.8,0.22,0,16271,2860
20003352,3352,  3352 McAuliffe (1981 CW),Y,N,AMO,.20252,.3691300172873332,1.879004392730827,1.185407468759122,4.771338167685934,940.7844272973002,15.93,,,0,16656,3199
20003360,3360,  3360 Syrinx (1981 VA),Y,N,APO,.108698,.7483300902564326,2.465019623155354,.6203712660756305,21.01136495171533,1413.608012731935,16.03,1.8,0.17,0,16137,674
20003361,3361,  3361 Orpheus (1982 HR),Y,Y,APO,.0144865,.3227822723951292,1.20947959321331,.819081021700381,2.646502985515577,485.8433298202351,19.50,0.3,0.357,0,16130,3216
20003362,3362,  3362 Khufu (1984 QA),Y,Y,ATE,.0131588,.4684921922708827,.9894947733584522,.5259241977471707,9.916160128995658,359.5163812770006,18.52,0.7,0.21,1,7394,262
20003551,3551,  3551 Verenia (1983 RD),Y,N,AMO,.0748749,.4867838764551089,2.092883885069048,1.074101754524708,9.506834607156563,1105.900687011865,16.72,0.9,0.37,0,15268,667
20003552,3552,  3552 Don Quixote (1983 SA),Y,N,AMO,.342279,.7074018380419645,4.270699442924407,1.249598807274887,31.05272514571933,3223.642994333793,13.02,19.0,0.03,0,15629,1774
20003553,3553,  3553 Mera (1985 JA),Y,N,AMO,.294773,.3200395912091968,1.644547799866735,1.118227394273401,36.77462230182003,770.3146872789956,16.41,,,0,14686,2315
20003554,3554,  3554 Amun (1986 EB),Y,N,ATE,.250998,.2805217507729986,.973883075576286,.7006876901674337,23.35744549740459,351.0416561135376,15.91,3.341,0.074,0,12044,1979
20003671,3671,  3671 Dionysus (1984 KD),Y,Y,APO,.0157607,.5440374412790023,2.196563341845621,1.001550641740675,13.53117977687433,1189.088075842883,16.50,1.5,0.16,0,15365,1193
20003691,3691,  3691 Bede (1982 FT),Y,N,AMO,.351782,.284388855255744,1.774306832554475,1.269713743571863,20.34936449505564,863.2597940158294,14.93,4.3,0.515,0,18500,8374
20003752,3752,  3752 Camillo (1985 PA),Y,N,APO,.0785208,.3015634157435217,1.41359619005139,.9873072944974646,55.56328509774884,613.8842283899573,15.14,2.306,0.210,0,18145,3246
20003753,3753,  3753 Cruithne (1986 TO),Y,N,ATE,.0707397,.5149036013028605,.9977971735251305,.4840278155072256,19.80238133612434,364.0506668686161,15.42,2.071,0.365,0,19322,1711
20003757,3757,  3757 Anagolay (1982 XB),Y,Y,APO,.0367265,.4457663618105244,1.834728451786492,1.016868224923371,3.866093774317779,907.7288120607491,19.01,0.5,0.18,0,15208,211
20003838,3838,  3838 Epona (1986 WA),Y,N,APO,.158724,.7026134933546405,1.505039309871124,.4475783827265162,29.18109139785659,674.4040844610785,15.67,,,0,14334,2489
20003908,3908,  3908 Nyx (1980 PA),Y,N,AMO,.0563943,.4590009472127612,1.927880155865519,1.04298133821056,2.186308372065981,977.7289542172368,17.45,1.0,0.23,0,16395,1985
20003988,3988,  3988 Huma (1986 LA),Y,N,AMO,.177612,.3168657498062116,1.544408997438367,1.055038682457599,10.7664828821464,701.0385678838142,17.95,0.7,,0,14563,714
20004015,4015,  4015 Wilson-Harrington (1979 VA),Y,Y,APO,.0430642,.6307928317562872,2.626684973602551,.9697909209721096,2.798440660752119,1554.928455573931,16.16,4,0.05,0,27524,1522
20004034,4034,  4034 Vishnu (1986 PA),Y,Y,APO,.0191649,.4440100931741494,1.059369528428575,.5889987654051491,11.16925767742132,398.2627076653704,18.50,0.42,0.52,0,14574,1333
20004055,4055,  4055 Magellan (1985 DO2),Y,N,AMO,.239407,.3259345106487777,1.820641193442069,1.227231396990522,23.256261400646,897.2944344592394,14.90,2.49,0.31,0,15053,11571
20004179,4179,  4179 Toutatis (1989 AC),Y,Y,APO,.00650597,.6246302247178447,2.543047155641573,.9545830393451017,.4480836624628189,1481.255742120098,15.29,5.4,0.405,0,33698,7141
20004183,4183,  4183 Cuno (1959 LM),Y,Y,APO,.0283573,.6361990547321602,1.981068726814554,.7207146754556908,6.669563434148015,1018.468825754709,14.18,3.651,0.097,0,24564,5434
20004197,4197,  4197 Morpheus (1982 TA),Y,N,APO,.0985848,.7725116534115526,2.295543878275251,.522209481390069,12.6052340962325,1270.36004108762,14.97,1.8,0.37,0,26309,1226
20004257,4257,  4257 Ubasti (1987 QA),Y,N,APO,.169849,.4683069010184027,1.646995567992124,.8756961775546888,40.72277892155725,772.035147929048,15.97,,,0,14220,3317
20004341,4341,  4341 Poseidon (1987 KF),Y,N,APO,.194193,.6801492860539621,1.834085045080947,.5866334111068919,11.83999699175213,907.251367348489,16.07,3.177,0.054,0,14357,1027
20004401,4401,  4401 Aditi (1985 TB),Y,N,AMO,.334483,.5633499354323268,2.583781328450095,1.128208283896482,26.62056703796799,1516.987702314169,16.12,1.801,0.343,0,14946,1324
20004450,4450,  4450 Pan (1987 SY),Y,Y,APO,.028861,.5865739819170429,1.442178472395645,.5962341032074933,5.524126776230638,632.5967255917312,17.27,,,0,32459,1594
20004486,4486,  4486 Mithra (1987 SB),Y,Y,APO,.0458128,.6598497281232912,2.205244726339535,.7501145932190711,3.029603411273411,1196.144410344207,15.62,1.849,0.297,0,14311,2070
20004487,4487,  4487 Pocahontas (1987 UA),Y,N,AMO,.21877,.2964137571780194,1.730411750823765,1.217493902297098,16.40530542387503,831.4241025483836,17.48,,,0,13752,814
20004503,4503,  4503 Cleobulus (1989 WM),Y,N,AMO,.304515,.5247451445179323,2.703835059677735,1.28501074053449,2.512647299323886,1623.935289504667,15.82,,,0,16634,1482
20004544,4544,  4544 Xanthus (1989 FB),Y,N,APO,.173744,.2501917581009011,1.042050596373649,.7813381256368336,14.14307043766967,388.5363326394062,17.39,1.3,,0,13548,2942
20004581,4581,  4581 Asclepius (1989 FC),Y,Y,APO,.00382456,.3563837704716197,1.021277692858941,.6573108979793151,4.926001892399088,376.9764287280456,20.74,,,0,11706,424
20004596,4596,  4596 (1981 QB),Y,N,AMO,.295619,.5200426541050736,2.238921153665981,1.074586654581531,37.07711754876125,1223.648342693344,16.47,,,0,16301,972
20004660,4660,  4660 Nereus (1982 DB),Y,Y,APO,.00401855,.3587435768252949,1.485112611970113,.9523380015635986,1.453541710528756,661.0548657564201,18.75,0.33,0.55,0,16336,5002
20004688,4688,  4688 (1980 WF),Y,N,AMO,.108286,.5177956101234057,2.233129366077539,1.076824783484926,6.373928529711114,1218.903294429666,19.60,0.6,0.18,0,14739,332
20004769,4769,  4769 Castalia (1989 PB),Y,Y,APO,.0204067,.4831758015789954,1.06308849137437,.5494298574051537,8.885190449241405,400.3617250634425,17.38,1.4,0.092,0,13488,746
20004947,4947,  4947 Ninkasi (1988 TJ1),Y,N,AMO,.149136,.168426221270548,1.370024661483262,1.139276584702175,15.6521252015807,585.7212818479187,18.07,,,0,17619,994
20004953,4953,  4953 (1990 MU),Y,Y,APO,.0250784,.6575602718119959,1.621370182800284,.5552215646902638,24.37799071792659,754.0874271903957,14.88,,,0,19050,3413
20004954,4954,  4954 Eric (1990 SQ),Y,N,AMO,.19442,.4492204960540955,2.001573534172653,1.102425678262865,17.42560833907145,1034.321975095657,12.54,10.8,0.176,0,18725,7741
20004957,4957,  4957 Brucemurray (1990 XJ),Y,N,AMO,.424839,.2187889581929699,1.565536731572782,1.223014581059146,35.01026378634435,715.4731156256394,15.05,3.499,0.132,0,18271,2654
20005011,5011,  5011 Ptah (6743 P-L),Y,Y,APO,.0245205,.5001928386152668,1.635948502674329,.8176587772932609,7.409734888368719,764.2806595931344,16.64,,,0,24003,782
20005131,5131,  5131 (1990 BG),Y,N,APO,.27446,.5687782271971854,1.486175130164228,.640871074324872,36.44619188415664,661.7644164303739,14.82,,,0,13380,2883
20005143,5143,  5143 Heracles (1991 VL),Y,N,APO,.0575004,.7712670666705758,1.834647992354625,.4196444169182125,8.978847882811124,907.6691019627386,14.04,4.843,0.227,0,26587,5318
20005189,5189,  5189 (1990 UQ),Y,Y,APO,.0448382,.4781415322922896,1.551961739894477,.809904375522324,3.580830232894204,706.1873644576432,17.85,,,0,12870,1635
20005324,5324,  5324 Lyapunov (1987 SL),Y,N,AMO,.219814,.607297136881764,2.97743784246732,1.1692483654935,19.70195232007777,1876.560120070553,15.35,,,0,13671,394
20005332,5332,  5332 Davidaguilar (1990 DA),Y,N,AMO,.306129,.4554771492842746,2.163641930349088,1.17815247184176,25.52473411296737,1162.455966113859,14.96,3.6,,0,19284,7457
20005370,5370,  5370 Taranis (1986 RA),Y,N,AMO,.211043,.6372354413711798,3.317690134186854,1.203540397195485,19.18035454762233,2207.25321898929,15.23,3.6,0.037,0,14437,362
20005381,5381,  5381 Sekhmet (1991 JY),Y,N,ATE,.112673,.2964041668502215,.947488059258586,.6666486504535115,48.96564104092601,336.867446900476,16.75,0.935,0.507,0,12875,1473
20005496,5496,  5496 (1973 NA),Y,N,APO,.0959476,.6340597671490722,2.436135611800325,.8914800330386484,68.01052074505564,1388.834887632208,16.18,,,0,19427,374
20005587,5587,  5587 (1990 SB),Y,N,AMO,.311583,.5443213217693557,2.399730738679061,1.093506131110722,18.06037356462882,1357.819991633738,13.89,3.57,0.32,0,26347,5086
20005590,5590,  5590 (1990 VA),Y,N,ATE,.121377,.2800900105540222,.9863743467753586,.7101007455768317,14.17852412882268,357.8170905051471,19.91,,,2,2218,67
20005604,5604,  5604 (1992 FE),Y,Y,ATE,.0334266,.4065044367890649,.9299484385603628,.5519202723005122,4.697971083283851,327.5568840908452,17.32,0.55,0.48,0,15082,1572
20005620,5620,  5620 Jasonwheeler (1990 OA),Y,N,AMO,.237747,.4225939602732378,2.158779222541953,1.246492161532368,7.873285077894109,1158.539301544136,17.11,,,0,25779,938
20005626,5626,  5626 Melissabrucker (1991 FE),Y,N,AMO,.21269,.4545193795402496,2.194893306460869,1.197271762651228,3.848863069431304,1187.732247655744,14.33,,,0,20154,4612
20005645,5645,  5645 (1990 SP),Y,N,APO,.0541506,.3872528532541989,1.354619688468661,.8300393490348578,13.50425218128908,575.8700631111893,17.23,1.668,0.121,0,18965,1745
20005646,5646,  5646 (1990 TR),Y,N,AMO,.209982,.4363378720313265,2.143573937729181,1.208251447198619,7.909822071880837,1146.320684599034,15.51,4.3,0.223,0,13131,2656
20005653,5653,  5653 Camarillo (1992 WD5),Y,N,AMO,.282577,.3044657686535792,1.793946055389065,1.247750890711977,6.875066095260379,877.6320932508123,16.22,1.537,0.271,0,18857,3939
20005660,5660,  5660 (1974 MA),Y,N,APO,.16288,.7618907432461015,1.785646028509576,.4251788486739657,38.14512392650171,871.5483502566462,15.38,,,0,19004,729
20005693,5693,  5693 (1993 EA),Y,Y,APO,.00586101,.5851655760134417,1.270525519525638,.5270577220526407,5.05882729389157,523.0865048956409,16.78,,,0,15464,3139
20005731,5731,  5731 Zeus (1988 VP4),Y,N,APO,.0648789,.6524582236064211,2.265275544552106,.7872778867745707,11.20074540896802,1245.317185825955,15.47,5.231,0.031,0,13554,1607
20005751,5751,  5751 Zao (1992 AC),Y,N,AMO,.240583,.42534540468572,2.101778100459373,1.207796443759897,16.07390124948854,1112.957859532061,14.94,2.3,0.36,0,13645,3021
20005786,5786,  5786 Talos (1991 RC),Y,N,APO,.188671,.8268450804754939,1.081560089436096,.1872774502472248,23.22382797590015,410.8415948200535,17.14,,,0,12797,1764
20005797,5797,  5797 Bivoj (1980 AA),Y,N,AMO,.0698424,.4443584504377997,1.893629223123532,1.052179075832625,4.190290047534458,951.7893645187285,18.89,0.4,,0,15950,458
20005828,5828,  5828 (1991 AM),Y,N,APO,.39902,.6948904963976095,1.697783698832743,.5180099415750886,30.18374810101211,808.0197311279801,15.98,1.457,0.331,0,12915,1699
20005836,5836,  5836 (1993 MF),Y,N,AMO,.178092,.5393378303038056,2.43722658251542,1.122738085542794,7.930969194261721,1389.767931633617,14.99,2.754,0.156,0,16387,2386
20005863,5863,  5863 Tara (1983 RB),Y,N,AMO,.23089,.5073761473347854,2.220585295778855,1.093913283578305,19.51013914837657,1208.647384019009,15.81,1.345,0.488,0,15741,3300
20005869,5869,  5869 Tanith (1988 VN4),Y,N,AMO,.309831,.3213240358639131,1.812151163103312,1.229863437779471,17.92433557053161,891.0253500265154,17.22,,,0,18023,998
20005879,5879,  5879 Almeria (1992 CH1),Y,N,AMO,.167927,.2891859648793941,1.624658046007323,1.154829741373624,21.57626338985925,756.382331364743,17.61,,,0,12195,1878
20006037,6037,  6037 (1988 EG),Y,Y,APO,.0240421,.4995504442880637,1.27158108859823,.6363621908406846,3.510519020209468,523.7385208488719,18.86,,,0,13995,1102
20006047,6047,  6047 (1991 TB1),Y,N,APO,.140274,.3521184678015599,1.454567479532151,.9423874073253131,23.47455739718466,640.7656723321919,17.84,,,0,15155,911
20006050,6050,  6050 Miwablock (1992 AE),Y,N,AMO,.267464,.4371455028173548,2.201721546368184,1.23924887391726,6.405196390762354,1193.279049193384,14.94,2.884,0.257,0,26777,3331
20006053,6053,  6053 (1993 BW3),Y,N,APO,.222619,.5282581450838897,2.147373167894682,1.013005801419721,21.57952736206195,1149.369610426788,15.10,3.720,0.140,0,18301,3318
20006063,6063,  6063 Jason (1984 KB),Y,N,APO,.0763003,.76254117469502,2.2196365923745,.5270722978291974,4.963007597343013,1207.872908876988,16.02,1.4,0.21,0,23683,1328
20006178,6178,  6178 (1986 DA),Y,N,AMO,.178796,.5850216205840131,2.813340461394559,1.167475465414939,4.315056631765342,1723.581663945762,15.71,2.3,0.15,0,17660,1394
20006239,6239,  6239 Minos (1989 QF),Y,Y,APO,.0261237,.4123646091939666,1.150937466175489,.6763315877293392,3.941399682182683,450.9994565197626,18.59,,,0,15939,2120
20006455,6455,  6455 (1992 HE),Y,N,APO,.288587,.5728547826278699,2.240054041084497,.956828370304356,37.34032612714677,1224.577203780343,14.08,4.626,0.227,0,13501,5457
20006456,6456,  6456 Golombek (1992 OM),Y,N,AMO,.284315,.4083978841997365,2.194701715407338,1.298390178385449,8.225149277410683,1187.576736288044,16.07,,,0,16955,2139
20006489,6489,  6489 Golevka (1991 JX),Y,Y,APO,.0225458,.6190939112625774,2.474378474226095,.9425058266735333,2.260612192245343,1421.666140969651,19.22,0.53,0.151,0,8968,1017
20006491,6491,  6491 (1991 OA),Y,Y,AMO,.0377293,.5918129713306689,2.501428582691071,1.021050700597204,6.157352886760133,1445.042395641496,18.72,,,0,11898,202
20006569,6569,  6569 Ondaatje (1993 MO),Y,N,AMO,.254487,.2208232290279808,1.626146566066653,1.267055630475052,22.6432631415734,757.4220715021603,16.63,,,0,15560,6285
20006611,6611,  6611 (1993 VW),Y,N,APO,.060318,.4846404817921628,1.695832830736638,.8739635906094666,8.701504998434007,806.6274274453402,16.82,1.408,0.158,0,16011,1946
20007025,7025,  7025 (1993 QA),Y,N,APO,.0627512,.3150489834196643,1.4757301927371,1.010802895713571,12.61054314785136,654.8003021095871,18.08,0.498,0.340,0,10919,963
20007088,7088,  7088 Ishtar (1992 AA),Y,N,AMO,.224703,.3902407804048437,1.981030967945621,1.207951897008359,8.298656522707599,1018.439708101842,16.83,1.298,0.260,0,16545,1484
20007092,7092,  7092 Cadmus (1992 LC),Y,N,APO,.101048,.6937709573055253,2.545307171291791,.7794469784280664,17.78648860497701,1483.230777155175,15.12,6.319,0.046,0,16902,1469
20007236,7236,  7236 (1987 PA),Y,N,AMO,.180171,.5651804045710962,2.715541695627298,1.180770741462981,16.79967524963814,1634.493282966949,18.32,,,0,13249,274
20007335,7335,  7335 (1989 JA),Y,Y,APO,.0226487,.4846564288797887,1.772338398035787,.9133631992772367,15.15630744776688,861.8236283862036,17.70,1.8,0.448,0,13444,2578
20007336,7336,  7336 Saunders (1989 RS1),Y,N,AMO,.187921,.4822253613486044,2.304982370361397,1.193461413911709,7.203012429822727,1278.203018864155,18.80,,,0,15430,1343
20007341,7341,  7341 (1991 VK),Y,Y,APO,.0478435,.5061513698995427,1.841520033895512,.9094321460418464,5.409870633853325,912.7736591972223,16.96,0.982,0.235,0,12787,2475
20007350,7350,  7350 (1993 VA),Y,N,APO,.0805722,.3911115870261316,1.356027828768104,.8256696326070113,7.263515407642757,576.7682301941421,17.16,1.921,0.069,0,22980,2206
20007358,7358,  7358 Oze (1995 YA3),Y,N,AMO,.12258,.5026227075552254,2.197736082606382,1.093104022274948,4.661153633679493,1190.040480542994,14.73,,,0,24254,8651
20007474,7474,  7474 (1992 TC),Y,N,AMO,.167186,.2920795493572424,1.565689197613658,1.108383402341158,7.088155651589964,715.577636976347,18.11,,,0,12732,567
20007480,7480,  7480 Norwan (1994 PC),Y,N,AMO,.16127,.3168659706894799,1.567814996860509,1.07102777601878,9.453796417273109,717.0354843836232,17.24,,,0,15764,1289
20007482,7482,  7482 (1994 PC1),Y,Y,APO,.000613959,.3295321759502599,1.348658955990375,.9042324356080607,33.46934749204918,572.0732463531484,16.58,1.052,0.277,0,18595,2081
20007753,7753,  7753 (1988 XB),Y,Y,APO,.00651474,.4814931823071283,1.467222571734466,.7607649065171892,3.124762482067461,649.1460610843109,18.01,,,0,13289,1335
20007822,7822,  7822 (1991 CS),Y,Y,APO,.0219192,.1645913305886299,1.122704459359489,.9379170385357222,37.12309321232198,434.5068208532933,17.34,1.602,0.075,0,11845,3809
20007839,7839,  7839 (1994 ND),Y,N,AMO,.135761,.5186338477747012,2.165308329926131,1.04230613915793,27.11494888134389,1163.799179867407,17.83,0.784,0.181,0,10752,202
20007888,7888,  7888 (1993 UC),Y,N,APO,.0858914,.6632265673070146,2.438610266234351,.8212591503600974,26.08262756200157,1390.951616513545,15.19,2.298,0.257,0,13461,1446
20007889,7889,  7889 (1994 LX),Y,N,APO,.15475,.3462581654927522,1.261455731026857,.8246663837511791,36.90977990484043,517.4953456956878,15.24,1.680,0.452,0,17894,6502
20007977,7977,  7977 (1977 QQ5),Y,N,AMO,.355939,.4660853523888435,2.225799333921492,1.18838686702384,25.16575787797476,1212.906822804496,15.15,,,0,26031,2069
20008013,8013,  8013 Gordonmoore (1990 KA),Y,N,AMO,.245141,.4321458610531498,2.199591695256853,1.249047248144723,7.597766975109568,1191.547977447778,17.07,2.3,,0,27409,1142
20008014,8014,  8014 (1990 MF),Y,Y,APO,.0167195,.4563665089347919,1.747337951716794,.9499114307625308,1.867585576891053,843.6528763443361,18.88,0.7,,0,13005,1297
20008034,8034,  8034 Akka (1992 LR),Y,N,AMO,.0731015,.4093917654679179,1.830093012368243,1.080868003064308,2.022777634142611,904.2909220359032,18.02,,,0,12327,742
20008035,8035,  8035 (1992 TB),Y,N,APO,.272448,.4623867606130541,1.342125943829392,.7215446763273814,28.30430547557324,567.9215312975311,17.09,,,0,12403,1895
20008037,8037,  8037 (1993 HO1),Y,N,AMO,.20084,.4177364229364259,1.986505484220767,1.156669789098791,5.907560628314966,1022.664262119643,16.62,,,0,17007,1976
20008176,8176,  8176 (1991 WA),Y,N,APO,.192109,.6433140282714381,1.575015433276224,.5617859103056119,39.57376334726865,721.9807985591831,16.99,,,0,12475,1001
20008201,8201,  8201 (1994 AH2),Y,N,APO,.100656,.706136675396694,2.540218482782232,.7464770485691524,9.540098665988994,1478.784992093634,15.92,1.859,0.154,0,16137,1010
20008507,8507,  8507 (1991 CB1),Y,N,APO,.220922,.5950631852285327,1.686860936385938,.6830720945425364,14.60636889690043,800.2346431131537,17.22,,,0,12820,808
20008566,8566,  8566 (1996 EN),Y,Y,APO,.022431,.4303842862505558,1.506278431810615,.8579998640411969,37.98278074873155,675.2371267007211,16.47,1.568,0.217,0,15282,3649
20008567,8567,  8567 (1996 HW1),Y,N,AMO,.121552,.4490435144655802,2.045539428905553,1.127003214771887,8.449304858262758,1068.587795279157,15.36,2.928,0.156,0,25599,5530
20008709,8709,  8709 Kadlu (1994 JF1),Y,N,AMO,.259094,.4945951790362951,2.520585758412972,1.273916193954372,3.537572849973757,1461.674411175459,17.10,,,0,13035,619
20009058,9058,  9058 (1992 JB),Y,N,APO,.084914,.3598204385041983,1.557173328554624,.996870538647057,16.08904926747977,709.7474838465487,17.82,,,0,12273,2309
20009162,9162,  9162 Kwiila (1987 OA),Y,N,APO,.0807838,.5954965442623915,1.496741472648458,.6054370980320986,9.010105307008864,668.8344210895077,18.01,1.127,0.088,0,13862,786
20009172,9172,  9172 Abhramu (1989 OB),Y,N,AMO,.249991,.5533621269458356,2.709298364968318,1.210075259198575,7.840195220244378,1628.859702914062,16.64,,,0,13394,471
20009202,9202,  9202 (1993 PB),Y,N,APO,.37359,.6078720184389781,1.423768109873002,.5582993151354517,40.80320751203173,620.5221930179629,16.10,1.617,0.332,0,12086,2236
20009400,9400,  9400 (1994 TW1),Y,N,AMO,.285169,.5805517770086339,2.588361823549431,1.085683767346501,35.98017743655628,1521.023434747099,14.84,3.698,0.155,0,12430,2285
20009856,9856,  9856 (1991 EE),Y,Y,APO,.0225618,.6253872584329812,2.243591562145471,.8404779860519456,9.828894877652109,1227.479149934783,17.08,1.0,0.3,0,12747,1365
20009950,9950,  9950 ESA (1990 VB),Y,N,AMO,.278792,.5333600040139738,2.437574012287096,1.137469527309293,14.58987901881722,1390.065112022485,16.20,,,0,12932,850
20010115,10115, 10115 (1992 SK),Y,Y,APO,.0454208,.3248821551152989,1.248516024397156,.8428954476950227,15.31841222175664,509.5532876938753,17.14,0.938,0.318,0,26031,2899
20010145,10145, 10145 (1994 CK1),Y,N,APO,.0627749,.6327414332678227,1.899779910582117,.6977104470669722,4.546645824686357,956.4303813410896,17.00,,,0,11745,1616
20010150,10150, 10150 (1994 PN),Y,N,AMO,.22383,.5443858095812014,2.373742852662802,1.081510928078372,45.96393859001227,1335.82304672484,15.45,,,0,11505,1285
20010165,10165, 10165 (1995 BL2),Y,N,APO,.376459,.5037946046076193,1.234715170667993,.6126723294582824,23.90199081697315,501.1279239446766,17.36,0.829,0.372,0,12767,1388
20010302,10302, 10302 (1989 ML),Y,N,AMO,.0818345,.1368708207950084,1.272772361338378,1.098566963556793,4.379082407736592,524.4746849049228,19.48,,,0,13393,1419
20010563,10563, 10563 Izhdubar (1993 WD),Y,N,APO,.144465,.266196921611605,1.006801634917823,.7387941390291678,63.46447629951305,368.9897438732709,16.94,,,0,11187,659
20010636,10636, 10636 (1998 QK56),Y,N,APO,.110901,.5127744449940596,1.884706803046581,.9182773181378423,13.57578012106713,945.0703196191107,17.70,0.533,0.645,0,26017,880
20010860,10860, 10860 (1995 LE),Y,N,AMO,.107528,.5764203097200842,2.575357151071032,1.090868984410834,4.139721507276859,1509.57475804315,17.02,,,0,10807,1018
20011054,11054, 11054 (1991 FA),Y,N,AMO,.122911,.4464326419493314,1.979343865919464,1.095700154530834,3.077901529027569,1017.138987024164,17.07,,,0,32436,1647
20011066,11066, 11066 Sigurd (1992 CC1),Y,N,APO,.118778,.375345025616139,1.391610062622502,.869276148019782,36.87743145221111,599.6181463764807,15.17,2.104,0.190,0,18013,2680
20011284,11284, 11284 Belenus (1990 BA),Y,N,AMO,.168537,.3374214606403816,1.73995135124983,1.152854424867906,1.991779496725371,838.3089162690331,18.25,,,0,27274,814
20011311,11311, 11311 Peleus (1993 XN2),Y,N,APO,.095124,.5357232022544138,2.116565607634877,.9826723025311612,25.49282997471792,1124.724173033631,15.74,,,0,11846,1213
20011398,11398, 11398 (1998 YP11),Y,N,AMO,.203332,.3890888483002607,1.721006836104945,1.051382268327996,15.02181724657535,824.6550445945493,16.36,1.316,0.318,0,15952,5433
20011405,11405, 11405 (1999 CV3),Y,N,APO,.117751,.3938493140798281,1.459442159849555,.8846418662536252,22.86509787811098,643.9894588101597,15.22,3.621,0.112,0,16953,7282
20011500,11500, 11500 Tomaiyowit (1989 UR),Y,Y,APO,.0342305,.3558264880117015,1.079830693627154,.695598330266564,10.31047606189567,409.8565959637182,18.38,0.738,0.142,0,13478,1269
20011885,11885, 11885 Summanus (1990 SS),Y,N,APO,.0670836,.4745697295028709,1.703131743300387,.8948769725745697,19.43286060666779,811.8406478308793,18.52,1.298,0.033,0,12032,397
20012538,12538, 12538 (1998 OH),Y,Y,APO,.0287053,.4059746714909222,1.54151556458099,.9156992896520791,24.53702378696844,699.0694091151104,15.96,1.663,0.232,0,13981,11576
20012711,12711, 12711 Tukmit (1991 BB),Y,N,APO,.111421,.2720743781035213,1.186281932134564,.8635250131936091,38.49128907468662,471.9329501573839,16.02,,,0,13029,3772
20012923,12923, 12923 Zephyr (1999 GK4),Y,Y,APO,.0196294,.4930608984502026,1.961768020564558,.9944969177941217,5.311806198807854,1003.621376377234,15.80,2.060,0.199,0,25930,3011
20013553,13553, 13553 Masaakikoyama (1992 JE),Y,N,AMO,.191325,.4631927936208146,2.19139481969878,1.17635653123632,5.874289360926586,1184.893652288753,16.54,,,0,17006,2176
20013651,13651, 13651 (1997 BR),Y,Y,APO,.0145228,.3055700479680548,1.335598603237952,.927479673980464,17.25133100963922,563.7834996775716,17.86,0.562,0.511,0,16820,1174
20014402,14402, 14402 (1991 DB),Y,N,AMO,.103208,.4017469744114566,1.714784359721659,1.025874931435396,11.41124013701595,820.1866525806931,18.77,0.6,0.14,0,12696,700
20014827,14827, 14827 Hypnos (1986 JK),Y,Y,APO,.017744,.6614190789865951,2.858928574380595,.9679786698253224,1.945410625718728,1765.644983736571,18.81,0.9,,0,14112,378
20015745,15745, 15745 Yuliya (1991 PM5),Y,N,AMO,.295816,.2551997077565503,1.719834689805473,1.280933379577539,14.43029656161941,823.8127018446112,17.40,,,0,15849,1720
20015817,15817, 15817 Lucianotesi (1994 QC),Y,N,AMO,.247936,.1180821321551418,1.32440528304504,1.168016683385547,13.87314413183647,556.7109756676836,18.47,,,0,11706,2455
20016064,16064, 16064 Davidharvey (1999 RH27),Y,N,AMO,.203837,.5891185163163288,2.85097653252222,1.171413467630058,4.538228230388974,1758.283459337877,16.86,4.106,0.020,0,10726,1054
20016636,16636, 16636 (1993 QP),Y,N,AMO,.23903,.4684499284642309,2.310994350959681,1.228409212571377,7.207235338913958,1283.207096428762,18.78,,,0,11814,990
20016657,16657, 16657 (1993 UB),Y,N,AMO,.253372,.4605229212349392,2.276925571750328,1.228349156013333,24.94116670805823,1254.936291329736,16.55,,,0,11889,1001
20016816,16816, 16816 (1997 UF9),Y,N,APO,.379895,.6037243912849568,1.442496755241994,.571626279752996,25.91743965897374,632.8061543817637,16.24,,,0,10551,1981
20016834,16834, 16834 (1997 WU22),Y,N,APO,.145938,.442086278608444,1.467961993226417,.8189961385023166,15.99686865603318,649.6368383808975,15.75,1.87,0.22,0,13630,4982
20016912,16912, 16912 Rhiannon (1998 EP8),Y,N,AMO,.320674,.2726912399178343,1.751132902868836,1.273614300324617,24.52206667562004,846.4027958845113,17.90,,,0,12278,333
20016960,16960, 16960 (1998 QS52),Y,Y,APO,.018079,.8591108377053627,2.200560760987559,.3100351621939868,17.5148851777146,1192.33549779786,14.32,,,0,15800,3529
20017181,17181, 17181 (1999 UM3),Y,N,APO,.0716901,.6740611503117545,2.370746703311184,.7727184533794474,10.65318272529098,1333.294721797033,16.77,,,0,25837,1167
20017182,17182, 17182 (1999 VU),Y,N,APO,.14361,.5534011145993176,1.387152275635407,.6195006601797928,9.265564091816422,596.7392922749367,17.13,2.885,0.028,0,17939,1693
20017188,17188, 17188 (1999 WC2),Y,N,APO,.0645639,.6365901143825305,2.216560249860149,.8055199068659064,29.4510322865503,1205.362671620876,16.42,1.819,0.147,0,13155,821
20017274,17274, 17274 (2000 LC16),Y,N,AMO,.207384,.5543410018751942,2.730691563116589,1.216957266206399,5.572826898577681,1648.190473635,16.86,3.183,0.037,0,25719,1934
20017511,17511, 17511 (1992 QN),Y,N,APO,.132149,.3586808024692958,1.18966890974354,.7629575105239547,9.580143238438399,473.9555301288756,17.32,,,0,12435,2812
20018106,18106, 18106 Blume (2000 NX3),Y,N,AMO,.194161,.5119986571776927,2.443021865596967,1.192197950955578,4.220492843747773,1394.727801516187,17.78,,,0,16923,585
20018109,18109, 18109 (2000 NG11),Y,N,AMO,.190839,.3675691580947794,1.881038247622966,1.189626602600113,.8074098423874633,942.3123135814038,17.19,,,0,26852,1580
20018172,18172, 18172 (2000 QL7),Y,N,AMO,.365526,.5109393100555013,2.425772850497567,1.186350143912973,17.82927666757282,1379.982641321735,15.69,,,0,17914,4582
20018736,18736, 18736 (1998 NU),Y,N,AMO,.208291,.4911145545880303,2.349867120022504,1.195813176031594,2.806118888920614,1315.719719202105,15.98,,,0,26296,2110
20018882,18882, 18882 (1999 YN4),Y,N,AMO,.430897,.2321096870868804,1.68521666620577,1.294061553139153,36.81440294522665,799.0648834411962,16.14,,,0,26330,3183
20019356,19356, 19356 (1997 GH3),Y,N,AMO,.121552,.5579079621665085,2.512063670838808,1.11056334740861,3.014071581579442,1454.267809853028,17.00,0.91,0.34,0,11942,591
20019764,19764, 19764 (2000 NF5),Y,N,AMO,.221716,.4450281219336775,2.231468504984255,1.238402267056961,1.329941058685857,1217.543731948736,16.11,1.572,0.342,0,12990,3234
20020086,20086, 20086 (1994 LW),Y,N,AMO,.294569,.6298336249550766,3.166492544212312,1.172129066697848,21.61760667312188,2058.098383460371,16.68,,,0,10789,538
20020236,20236, 20236 (1998 BZ7),Y,Y,APO,.0499154,.5609581811822534,2.033403790480453,.8927492985634383,6.50656009317443,1059.09244508925,17.72,,,0,10162,368
20020255,20255, 20255 (1998 FX2),Y,N,AMO,.102373,.49191664420604,2.151653274856077,1.093219216393939,9.958214833697639,1152.80767754439,18.45,,,0,9044,676
20020425,20425, 20425 (1998 VD35),Y,Y,APO,.00357264,.4766670197508144,1.56469421893207,.8188560887723918,6.989238408816909,714.8956324939558,20.51,,,1,6122,54
20020429,20429, 20429 (1998 YN1),Y,N,APO,.0565469,.4639863709778118,1.556029718167038,.8340531361010868,6.301137676910375,708.9657543477177,17.76,,,0,9892,743
20020460,20460, 20460 Robwhiteley (1999 LO28),Y,N,AMO,.32957,.4118678698971713,1.876580530704813,1.103677304832918,33.95508952342889,938.9646369008967,15.41,2.716,0.199,0,26190,5550
20020790,20790, 20790 (2000 SE45),Y,N,AMO,.239713,.5561765317058341,2.753128543662385,1.221903058907905,8.296754597369517,1668.545909036704,16.64,,,0,11747,936
20020826,20826, 20826 (2000 UV13),Y,N,APO,.092331,.6366703662726939,2.417343290236961,.878292452234956,31.93452159542741,1372.795734821516,13.85,3.687,0.123,0,26646,3808
20021088,21088, 21088 Chelyabinsk (1992 BL2),Y,N,AMO,.307313,.2388112962125414,1.70638510542341,1.298881066559471,38.46253332078575,814.167953879362,14.33,2.793,0.206,0,13378,8201
20021277,21277, 21277 (1996 TO5),Y,N,AMO,.313255,.5203376226035734,2.377785884323656,1.140534430214349,20.94845375909073,1339.237321719358,16.18,,,0,12548,1023
20021374,21374, 21374 (1997 WS22),Y,N,AMO,.109294,.1206993338432883,1.269413386826883,1.116196036665126,23.97971150583253,522.399843028791,17.45,,,0,18416,2351
20022099,22099, 22099 (2000 EX106),Y,N,APO,.167751,.2764328750759454,1.10465471357553,.7992918351356513,9.848369644079112,424.0706851716993,18.09,0.524,0.444,0,11016,2345
20022753,22753, 22753 (1998 WT),Y,Y,APO,.0337203,.5698609189126077,1.218915298512788,.5243031064256553,3.205277689404138,491.5398342382602,17.68,,,0,25672,1466
20022771,22771, 22771 (1999 CU3),Y,N,APO,.063708,.5239828354040134,1.576229003804542,.7503120611449947,11.40517799839807,722.8154031176867,16.96,,,0,9843,2777
20023183,23183, 23183 (2000 OY21),Y,N,AMO,.256513,.4008870669335677,1.823951960121236,1.092753208600502,40.97777803994818,899.7430904527962,16.06,1.098,0.640,0,11749,1525
20023187,23187, 23187 (2000 PN9),Y,Y,APO,.0139315,.5893723822579924,1.846972271606353,.758417823925261,51.33619490892929,916.8303683483593,16.04,,,0,13096,2706
20023548,23548, 23548 (1994 EF2),Y,N,AMO,.240689,.517876855421969,2.289790061045959,1.103960784654999,23.43967418554438,1265.586768824124,17.28,,,0,11207,303
20023606,23606, 23606 (1996 AS1),Y,N,AMO,.101965,.3610810674047761,1.750306302763282,1.118303834676209,14.36276677705962,845.8035660352609,18.38,0.866,0.123,0,14820,762
20023714,23714, 23714 (1998 EC3),Y,N,AMO,.079531,.5165155918450801,2.128134645004065,1.028919919313771,8.438124423510564,1133.958288294453,16.87,,,0,10426,2426
20024443,24443, 24443 (2000 OG),Y,N,APO,.15055,.8223240980730134,2.310363449056022,.4104959095901722,25.73582375070747,1282.681658616667,16.42,,,0,11315,625
20024445,24445, 24445 (2000 PM8),Y,N,APO,.0817839,.5456999370344365,2.210942790120874,1.004431448765172,23.76906241312448,1200.783424706213,14.71,,,0,12943,3203
20024475,24475, 24475 (2000 VN2),Y,N,AMO,.151029,.441623172283598,1.974739257808194,1.102648642341982,14.63142000498051,1013.591749783691,16.43,,,0,9371,2176
20024761,24761, 24761 Ahau (1993 BW2),Y,N,APO,.100546,.3056824073941979,1.334800252725819,.9267752980822072,21.92469130836329,563.2780750947013,17.37,,,0,12283,1376
20025143,25143, 25143 Itokawa (1998 SF36),Y,Y,APO,.0130471,.2801776414987972,1.324052284342771,.9530824380945183,1.620940810523569,556.4884171058932,19.26,0.33,,0,9588,1025
20025330,25330, 25330 (1999 KV4),Y,N,APO,.173045,.3708425951258621,1.540507818695234,.9692219013986123,14.32777170996191,698.3840097708068,16.74,3.21,0.052,0,17044,3900
20025916,25916, 25916 (2001 CP44),Y,N,AMO,.273801,.4998821721278092,2.557844060522811,1.279223415584453,15.76385146245839,1494.202721272978,13.75,5.683,0.177,0,10166,4937
20026166,26166, 26166 (1995 QN3),Y,N,AMO,.271838,.6445516679262797,3.301604876913667,1.173549946665424,14.7881871646641,2191.220452715978,16.79,,,0,26388,548
20026310,26310, 26310 (1998 TX6),Y,N,AMO,.155285,.4695779034475392,2.138902148650338,1.134520962007675,5.37657141660535,1142.57522284342,19.28,,,0,27385,399
20026379,26379, 26379 (1999 HZ1),Y,N,APO,.130934,.5762265547823109,1.606206547150777,.6806676822172933,8.679651428159868,743.5334556875189,18.20,,,0,8407,73
20026663,26663, 26663 (2000 XK47),Y,Y,APO,.0349296,.4716796888989747,1.545652693614059,.8165997119443174,13.53154632175524,701.8855467208723,18.12,,,0,19027,906
20026760,26760, 26760 (2001 KP41),Y,N,AMO,.260858,.5569713563969825,2.853632133836094,1.264240773595389,11.01481282499635,1760.740715810447,15.50,5.400,0.042,0,10857,2232
20026817,26817, 26817 (1987 QB),Y,N,AMO,.130229,.5931642407996314,2.809073882261402,1.142831705539744,3.501514189480433,1719.662297172343,19.49,1.172,0.027,0,12226,108
20027002,27002, 27002 (1998 DV9),Y,Y,APO,.00295266,.4334634784229481,1.744038560536442,.9880615395825647,8.698256878132389,841.2644776557507,18.31,,,0,10345,522
20027031,27031, 27031 (1998 RO4),Y,N,AMO,.23167,.4264204630521733,2.138488810926936,1.22659342193958,5.356381109978236,1142.244038952128,17.89,,,0,27344,1145
20027346,27346, 27346 (2000 DN8),Y,N,AMO,.443332,.3989591606117214,1.874892432254218,1.126886921244806,36.94928556464895,937.6979380805467,15.88,1.802,0.256,0,17470,1521
20029075,29075, 29075 (1950 DA),Y,Y,APO,.0392216,.5075684253580967,1.698452772904173,.836371773416109,12.15583900338491,808.4974229960336,17.28,1.3,0.070,0,27964,1180
20030825,30825, 30825 (1990 TG1),Y,N,APO,.0694896,.6808410808193444,2.436354641885855,.7775843142450628,8.735234675791963,1389.022194607324,14.73,,,0,12899,3476
20030997,30997, 30997 (1995 UO5),Y,N,APO,.402976,.6431579270964808,1.559853019095078,.5566211847587005,36.25184568412934,711.5803449487781,17.27,,,0,11278,303
20031210,31210, 31210 (1998 BX7),Y,N,AMO,.356114,.5019346210300114,2.606369969443488,1.298142646566868,8.956735907052892,1536.924456653609,16.40,,,0,25863,1565
20031221,31221, 31221 (1998 BP26),Y,N,AMO,.292329,.2570678831176565,1.72322093747499,1.280236178934271,20.21905966755722,826.2469531380151,17.23,,,0,10461,1329
20031345,31345, 31345 (1998 PG),Y,N,AMO,.233551,.3913141330859272,2.015288881799708,1.226677860100548,6.503588756330513,1044.971366153451,17.61,,,0,17386,1721
20031346,31346, 31346 (1998 PB1),Y,N,AMO,.142737,.4296660114541036,2.031259426850564,1.158496290687134,5.966514083039063,1057.417558522377,17.16,,,0,10040,1044
20031662,31662, 31662 (1999 HP11),Y,N,APO,.124959,.5478653719983159,1.597700727319845,.7223758240047783,18.81496408342866,737.6351033827344,19.54,,,0,8765,68
20031669,31669, 31669 (1999 JT6),Y,Y,APO,.0012154,.5778302081684207,2.136837216908367,.9021081230401765,9.536811301753927,1140.921030538331,16.19,,,0,11053,1701
20032906,32906, 32906 (1994 RH),Y,N,AMO,.452139,.4403229364048001,2.247074662581712,1.257636148832907,18.94052312030505,1230.338689192433,16.04,,,0,15187,2611
20033342,33342, 33342 (1998 WT24),Y,Y,ATE,.0103337,.4176323341477639,.7186981142905206,.418546543271774,7.368421100520266,222.5451760911951,18.02,0.432,0.654,0,9571,1983
20034613,34613, 34613 (2000 UR13),Y,N,AMO,.283556,.3857439062865109,2.070063982526224,1.271549415643547,6.180999219896055,1087.862685631761,16.09,,,0,33715,1796
20035107,35107, 35107 (1991 VH),Y,Y,APO,.0264548,.1437417409888352,1.136585170327209,.9732104391622846,13.91995440611548,442.5898039512099,16.86,0.929,0.408,0,12673,6255
20035396,35396, 35396 (1997 XF11),Y,Y,APO,.000159853,.4840078498465715,1.442137239126447,.7441314948331845,4.09944465209178,632.569595962698,17.01,0.704,0.772,0,13144,2664
20035432,35432, 35432 (1998 BG9),Y,N,AMO,.152289,.5456542819504405,2.500436428691595,1.136062584631159,13.14576903244401,1444.182749420674,19.39,,,0,10312,301
20035670,35670, 35670 (1998 SU27),Y,N,APO,.0727215,.5963282872769468,2.122129000238481,.8566434481455281,7.141949716888681,1129.161591939767,19.57,,,0,10214,126
20036017,36017, 36017 (1999 ND43),Y,N,AMO,.0780828,.3141673968920492,1.523508904086432,1.044872077547739,5.549188067074569,686.8563569309437,19.29,,,0,9451,972
20036183,36183, 36183 (1999 TX16),Y,N,AMO,.134657,.3322972359331673,1.551384238039637,1.035863543868782,38.22151576561981,705.7932311220541,16.30,2.339,0.089,0,10516,1917
20036236,36236, 36236 (1999 VV),Y,N,APO,.229004,.4238250278310883,1.332488731631786,.7677466578633328,58.03372233316932,561.8155357060812,15.95,,,0,16868,2090
20036284,36284, 36284 (2000 DM8),Y,N,APO,.268146,.5538375379177711,1.484214067001907,.6622006023906488,46.77845441781262,660.4550146100939,15.04,,,0,9219,3108
20037336,37336, 37336 (2001 RM),Y,N,AMO,.351332,.483173100979611,2.25368814204102,1.164766653810082,36.66224342294702,1235.774292082759,15.78,,,0,17771,1446
20037638,37638, 37638 (1993 VB),Y,Y,APO,.000823398,.5199562324746126,1.912980460347092,.9183143473874681,5.078815281156209,966.4162591007372,19.28,,,0,10788,956
20037655,37655, 37655 Illapa (1994 PM),Y,Y,APO,.0249038,.7523782827017306,1.477814186965104,.3659388868240449,18.03420930483809,656.1878338970461,17.85,,,0,10923,658
20038071,38071, 38071 (1999 GU3),Y,Y,AMO,.0333305,.5068726609177846,2.090235892260814,1.030752463604715,12.73180833763459,1103.802512378517,19.57,,,0,8690,425
20038086,38086, 38086 Beowulf (1999 JB),Y,N,APO,.385709,.566276108013502,1.42008023843795,.6159227279484218,23.67485773842879,618.1128221949397,17.36,0.643,0.469,0,12507,1289
20038239,38239, 38239 (1999 OR3),Y,N,APO,.0541413,.5757477791133925,2.035312576974293,.8634858809797882,9.404511490434807,1060.584073839279,18.33,,,0,9339,195
20039557,39557, 39557 Gielgud (1992 JG),Y,N,AMO,.297871,.4262589793467195,2.263909771426183,1.298897902924993,5.547338815174093,1244.191121254777,17.01,,,0,12484,769
20039565,39565, 39565 (1992 SL),Y,N,AMO,.0918496,.3341991140200894,1.641922677479601,1.093193573376425,8.597398852403703,768.4709921856754,18.46,,,0,27140,426
20039572,39572, 39572 (1993 DQ1),Y,Y,AMO,.0270103,.4927932996722058,2.036180465891058,1.032764375376514,10.02899374051598,1061.262520451371,16.56,1.554,0.184,0,12251,896
20039796,39796, 39796 (1997 TD),Y,N,AMO,.18584,.4691036907033987,2.250207374180624,1.19462679010449,12.94086524280102,1232.912461693762,15.69,2.131,0.205,0,14196,2317
20040263,40263, 40263 (1999 FQ5),Y,N,AMO,.256531,.1610829175871168,1.49495830553073,1.254146060004747,25.84460688350804,667.6395371239101,17.75,0.954,0.177,0,13786,1120
20040267,40267, 40267 (1999 GJ4),Y,N,APO,.156335,.8083922046414319,1.338831390975221,.2565305311816072,34.47857910506809,565.8316766018293,15.54,1.641,0.214,0,25983,3897
20040329,40329, 40329 (1999 ML),Y,N,AMO,.22572,.4550947167732494,2.265056097421953,1.234241034290188,2.522075048597682,1245.136231241012,17.70,,,0,9863,776
20041429,41429, 41429 (2000 GE2),Y,Y,APO,.0112031,.5557408831209493,1.592574408003503,.7075157000638133,2.17439082765569,734.0878324057505,20.66,0.204,0.267,0,10197,444
20041440,41440, 41440 (2000 HZ23),Y,N,AMO,.236659,.2114738925008628,1.575585658371247,1.242390426226945,15.10508576722792,722.372917411937,19.88,,,0,9686,215
20042286,42286, 42286 (2001 TN41),Y,N,APO,.109996,.3915499270280274,1.419399496682514,.8636337273328568,24.07659256361232,617.6684197249687,16.70,,,0,17921,2116
20048603,48603, 48603 (1995 BC2),Y,N,AMO,.136678,.4296121788574687,1.917918363814261,1.093957276665265,5.024915609166991,970.1605328630561,17.82,0.844,0.227,0,14567,573
20052340,52340, 52340 (1992 SY),Y,N,APO,.0995727,.5481022352647963,2.212564404770133,.9998529088482998,8.084776662524966,1202.104737723757,17.98,,,0,16864,2073
20052381,52381, 52381 (1993 HA),Y,N,AMO,.167872,.1441227829605507,1.278261560215621,1.09403494680585,7.725974002193582,527.871263644886,20.05,,,0,11843,447
20052387,52387, 52387 Huitzilopochtli (1993 OM7),Y,N,AMO,.0606571,.1896808163169712,1.282065747320134,1.038882469796423,24.15232096411907,530.2294833356639,17.75,0.890,0.171,0,11930,1761
20052689,52689, 52689 (1998 FF2),Y,N,AMO,.21134,.2925322631512681,1.561591903955766,1.104775890172888,10.98174253392998,712.7705542696623,19.13,,,0,9826,328
20052750,52750, 52750 (1998 KK17),Y,N,APO,.162129,.5248839500237265,1.426886544601311,.677936698835269,11.17360610959586,622.5619744234237,16.67,1.059,0.471,0,12436,2546
20052760,52760, 52760 (1998 ML14),Y,Y,APO,.0169976,.623885674110855,2.407796400022283,.905606719872691,2.426985493017353,1364.671331199724,17.52,1.0,,0,9768,708
20052761,52761, 52761 (1998 MN14),Y,N,AMO,.193303,.2242747909512439,1.554564504986612,1.205914875610516,19.48526421543156,707.9646088897662,17.96,,,0,9773,461
20052762,52762, 52762 (1998 MT24),Y,N,APO,.137191,.6533467920780569,2.415417109046628,.8373120893205594,33.86602187190875,1371.155260431807,14.82,6.742,0.051,0,26635,1331
20052768,52768, 52768 (1998 OR2),Y,Y,APO,.00717786,.5758477352677044,2.379215973678366,1.009149843522933,5.87999431740357,1340.445704480133,16.02,1.75,,0,14014,6132
20053110,53110, 53110 (1999 AR7),Y,N,AMO,.409293,.2146333316799784,1.644474124387471,1.291515164208673,40.62578924350147,770.2629228959836,16.72,,,0,9759,1538
20053319,53319, 53319 (1999 JM8),Y,Y,APO,.0256044,.6415851993577721,2.724307859013053,.976432258176218,13.83947332644614,1642.414239798789,15.35,7.,,0,10023,1701
20053409,53409, 53409 (1999 LU7),Y,N,APO,.0871648,.6280909803532769,2.100870478749085,.781332680156314,10.87619319218309,1112.237015842231,18.73,,,0,7620,117
20053426,53426, 53426 (1999 SL5),Y,Y,APO,.0268651,.5397498283093624,1.922293127809326,.884735742113975,22.76522914541405,973.481823377923,17.19,,,0,8871,1284
20053429,53429, 53429 (1999 TF5),Y,Y,APO,.0492856,.6410233694707833,2.021776933420006,.7257706712408063,26.77866782817879,1050.021720526444,19.02,,,0,9524,209
20053430,53430, 53430 (1999 TY16),Y,N,AMO,.291135,.4031852527945609,2.099029198646479,1.252731580567034,60.40374404728643,1110.775128172799,16.66,1.233,0.266,0,9834,991
20053435,53435, 53435 Leonard (1999 VM40),Y,N,AMO,.205346,.4828927595556637,2.311213233188695,1.195145097092638,15.34547596252752,1283.3894061864,14.73,,,0,18965,3335
20053550,53550, 53550 (2000 BF19),Y,Y,APO,.0466823,.4197554618527413,1.49518576569488,.8675733740599811,7.179047051384453,667.7919164656797,19.05,,,0,12130,441
20053789,53789, 53789 (2000 ED104),Y,Y,APO,.0476226,.2691823290049546,1.3706136695693,1.001668689828608,40.78349692236938,586.099046926182,17.35,0.843,0.222,0,26084,1308
20054071,54071, 54071 (2000 GQ146),Y,N,AMO,.125704,.1973917137394413,1.329319331691182,1.066922710701691,23.44272922005249,559.8122629903065,17.42,,,0,13828,2055
20054401,54401, 54401 (2000 LM),Y,N,AMO,.35509,.2623645516211907,1.710898241804351,1.262019191723869,18.94644701066137,817.4001195196287,17.22,1.189,0.181,0,13280,1218
20054509,54509, 54509 YORP (2000 PH5),Y,N,APO,.000498232,.2299839852065449,1.0058920794812,.7745530103544149,1.599355324389884,368.4898328610733,22.66,,,0,1826,550
20054660,54660, 54660 (2000 UJ1),Y,N,AMO,.0869682,.2806159691655519,1.47675560240813,1.062354397817714,46.68855802899976,655.4829016687243,17.92,,,0,9093,920
20054686,54686, 54686 (2001 DU8),Y,N,AMO,.433531,.3417082594530741,1.776824190155564,1.169668688783388,33.20688997896685,865.0976138763135,16.61,1.349,0.244,0,13803,1493
20054690,54690, 54690 (2001 EB),Y,N,AMO,.412909,.2564318342311533,1.629477150789439,1.211627336174749,35.36159839325154,759.750228463799,17.49,,,0,26843,602
20054789,54789, 54789 (2001 MZ7),Y,N,AMO,.292184,.2874686814621475,1.776005368771031,1.265459447140728,24.46599388504491,864.4996829039434,15.07,1.567,0.856,0,17221,9934
20055408,55408, 55408 (2001 TC2),Y,N,APO,.14581,.2245665852960851,1.099898842728285,.8528983154456783,30.38999762557383,421.3350071396661,18.88,0.461,0.342,0,16722,560
20055532,55532, 55532 (2001 WG2),Y,N,APO,.338484,.6951890215512284,1.794733035779669,.5470543326903351,38.53931638956901,878.2096649575271,16.18,1.306,0.376,0,26579,1404
20065674,65674, 65674 (1988 SM),Y,N,AMO,.131945,.3441722376804605,1.66467161811244,1.091737862303528,10.95189581097374,784.4970042377512,18.28,,,0,13661,375
20065679,65679, 65679 (1989 UQ),Y,Y,ATE,.0140368,.2645383350767826,.9147753357624494,.6727821914705462,1.30319645920924,319.5730126259692,19.62,0.918,0.033,0,25910,1164
20065690,65690, 65690 (1991 DG),Y,Y,APO,.0392026,.3632452160872446,1.427753958455449,.9091291632968805,11.14193685576332,623.1297500594842,19.07,,,0,12418,1183
20065706,65706, 65706 (1992 NA),Y,N,AMO,.0629441,.5551950179239633,2.397977012394691,1.066632122016969,9.632916971230419,1356.33181873381,16.57,,,0,12021,793
20065717,65717, 65717 (1993 BX3),Y,Y,APO,.0474859,.2808936726236798,1.395058419227764,1.003195336326293,2.809326978775386,601.8482728049472,20.87,,,0,12271,5611
20065733,65733, 65733 (1993 PC),Y,N,APO,.0659837,.4744122598080125,1.154345935719277,.6067100717545002,4.145046232511687,453.0043727332924,18.37,,,0,11984,1045
20065803,65803, 65803 Didymos (1996 GT),Y,Y,APO,.039575,.3831233242624545,1.642709608529702,1.013349242511927,3.413876519313629,769.0235207660371,18.11,0.78,,0,896,1869
20065909,65909, 65909 (1998 FH12),Y,Y,APO,.0128179,.539633907182865,1.091074784580512,.5022938355486277,3.560507611789375,416.2748811428256,19.31,,,0,9149,536
20065996,65996, 65996 (1998 MX5),Y,N,AMO,.192787,.6072569929620509,2.929288181206285,1.150457448767681,9.54760718004815,1831.224439951352,18.49,,,0,11113,1429
20066008,66008, 66008 (1998 QH2),Y,N,APO,.0765372,.3627844838624956,1.426115532648967,.9087429452086238,61.0079685320197,622.0574446020269,15.93,1.484,0.319,0,10714,1950
20066063,66063, 66063 (1998 RO1),Y,N,ATE,.0922145,.7200613522036359,.990935434854685,.2774011256867226,22.69213789572303,360.3018273971693,18.15,,,0,9064,1321
20066146,66146, 66146 (1998 TU3),Y,N,ATE,.0736999,.4836978970771527,.787569817732645,.4066239530939282,5.415278890435239,255.2889535700556,14.36,2.864,0.224,0,15994,2413
20066251,66251, 66251 (1999 GJ2),Y,N,AMO,.247171,.1981043891671686,1.535620631645133,1.231407444420572,11.27912400932974,695.0632624037995,17.00,1.222,0.187,0,15313,4079
20066253,66253, 66253 (1999 GT3),Y,N,APO,.193876,.837762937754494,1.334052473762867,.2164327542246376,19.49704546832352,562.8048037234009,18.40,,,0,10017,486
20066272,66272, 66272 (1999 JW6),Y,N,AMO,.408851,.1433801698902433,1.507498370988935,1.291352998447277,51.31378484660715,676.0576074710272,17.22,0.808,0.400,0,9546,1221
20066391,66391, 66391 Moshup (1999 KW4),Y,Y,ATE,.0132404,.6883840168509753,.6423893266185235,.2001787815786712,38.87861960632899,188.0597704133843,16.64,1.317,,0,10188,3871
20066400,66400, 66400 (1999 LT7),Y,N,ATE,.0590834,.5725100143583141,.855356746564645,.3656564433074393,9.063485260470253,288.9477750479243,19.27,0.411,0.182,0,13942,835
20066407,66407, 66407 (1999 LQ28),Y,N,AMO,.0953492,.1201623068468532,1.198627447995019,1.054597608793981,21.77081164534061,479.3191216312169,18.84,,,0,15562,695
20066959,66959, 66959 (1999 XO35),Y,N,AMO,.275657,.5652938896871075,2.538594922643077,1.10354272448223,20.61954967660752,1477.367488413603,16.94,,,0,8890,638
20067367,67367, 67367 (2000 LY27),Y,Y,AMO,.0463995,.2126112772705565,1.30849550283369,1.03029460267344,9.023738871794158,546.7096986999876,17.08,,,0,18299,730
20067381,67381, 67381 (2000 OL8),Y,Y,APO,.0181777,.5428170850830439,1.320146089790549,.603548237446665,10.67168270676032,554.027621540234,19.98,,,0,9287,312
20067399,67399, 67399 (2000 PJ6),Y,N,APO,.0513438,.3461813409756198,1.301206296150248,.8507529556630357,14.690595098006,542.1477515036393,18.41,,,0,26793,386
20068031,68031, 68031 (2000 YK29),Y,N,AMO,.229298,.1285910806345583,1.376417841779036,1.199422784099984,15.17340947568074,589.8259381513579,18.13,,,0,11597,1136
20068063,68063, 68063 (2000 YJ66),Y,N,AMO,.27221,.4581871243511472,2.333672404238548,1.26441375616286,5.719830461264612,1302.141747566278,15.57,2.301,0.211,0,13318,3492
20068216,68216, 68216 (2001 CV26),Y,Y,APO,.0243888,.326615401223688,1.319908047368223,.8888057508986762,17.99168617086987,553.8777788832484,16.57,0.994,0.449,0,8878,3052
20068267,68267, 68267 (2001 EA16),Y,N,APO,.0591428,.4272551671966267,1.509762881100152,.8647088889084459,38.82488278038864,677.581503719327,17.01,0.875,0.401,0,9085,794
20068278,68278, 68278 (2001 FC7),Y,N,AMO,.263126,.1142774499353794,1.435861042195958,1.271774503832248,2.621559024778656,628.4446674222769,18.47,0.942,0.087,0,10565,1829
20068346,68346, 68346 (2001 KZ66),Y,Y,APO,.0388684,.4165126854821235,1.507551202759908,.8796370027965732,16.69511822794217,676.0931474433797,16.92,0.736,0.291,0,16882,1249
20068347,68347, 68347 (2001 KB67),Y,Y,ATE,.0146687,.3799068755175077,.9616473933923201,.5963109368190882,17.13172014193466,344.4468480698986,19.92,,,0,7444,614
20068348,68348, 68348 (2001 LO7),Y,N,APO,.385308,.8407940290683571,2.155466584801472,.3431631504440308,25.34686713891884,1155.873664189549,14.27,3.512,0.299,0,26339,1637
20068350,68350, 68350 (2001 MK3),Y,N,AMO,.302253,.2475232677126092,1.669714086278353,1.256420999496961,29.56999642970509,788.0641900290794,16.11,1.794,0.219,0,26044,7571
20068359,68359, 68359 (2001 OZ13),Y,N,AMO,.278759,.1742788200559141,1.517188153816872,1.252774392566857,9.857107743297888,682.5863378205019,18.07,,,0,11099,2970
20068372,68372, 68372 (2001 PM9),Y,Y,APO,.00423587,.4156821917636686,1.618327575292986,.9456176218036144,8.105322232448865,751.9657815351412,18.95,,,0,8559,388
20068548,68548, 68548 (2001 XR31),Y,Y,APO,.0253827,.4367044386411098,1.707400123005336,.9617709107525289,22.71515285274391,814.8945052877955,16.57,1.182,0.289,0,11630,1389
20068950,68950, 68950 (2002 QF15),Y,Y,APO,.00610739,.3442881057690048,1.056954171251775,.6930574217468533,25.15147283752495,396.9014288861371,16.39,1.650,0.178,0,25963,2954
20069230,69230, 69230 Hermes (1937 UB),Y,Y,APO,.00465584,.6239316611845052,1.655092781152288,.6224279927934584,6.067204709668276,777.7355369637816,17.68,,,0,32466,2716
20085182,85182, 85182 (1991 AQ),Y,Y,APO,.0159703,.7775668486490369,2.220179896495621,.4938416109435761,3.118704309944379,1208.316415589199,17.13,1.1,0.242,0,12373,750
20085184,85184, 85184 (1991 JG1),Y,N,AMO,.146655,.1844505930500375,1.374045513597854,1.120602003736986,33.87870043430357,588.3017015919183,18.41,,,0,17503,1076
20085236,85236, 85236 (1993 KH),Y,Y,APO,.000365042,.3111169951456499,1.233777970028331,.8499286753162169,12.80616969785869,500.5574665367712,18.75,,,0,11938,1178
20085275,85275, 85275 (1994 LY),Y,N,AMO,.0643197,.4419112021084295,1.891267918440263,1.055495439093219,17.71289336883042,950.0096360385072,16.49,2.506,0.093,0,11572,10201
20085490,85490, 85490 (1997 SE5),Y,N,AMO,.276069,.6599048477639103,3.765107488959104,1.280494804642788,2.575579540629686,2668.483340131779,14.79,,,0,16220,1180
20085585,85585, 85585 Mjolnir (1998 FG2),Y,Y,APO,.021337,.3563524438492223,1.297617303550895,.8352082062494952,4.082462762793433,539.9062676369374,21.62,,,0,9985,206
20085628,85628, 85628 (1998 KV2),Y,N,AMO,.143012,.3314070654854003,1.591921294880436,1.064347330060392,13.02605171412307,733.6363057112831,17.28,0.775,0.461,0,10257,4639
20085640,85640, 85640 (1998 OX4),Y,Y,APO,.000783449,.4856769477034077,1.580376523687749,.8128240774409606,4.51581748762242,725.6701873534414,21.14,,,0,7584,277
20085709,85709, 85709 (1998 SG36),Y,N,AMO,.123454,.3376364478367749,1.645939031692191,1.090210023675739,24.83325085957611,771.2923842446539,15.93,2.230,0.141,0,9907,5988
20085713,85713, 85713 (1998 SS49),Y,Y,APO,.004487,.6388452374596194,1.923671601138509,.6947431603148519,10.78439587748917,974.5291344672836,15.77,3.484,0.076,0,10213,1516
20085770,85770, 85770 (1998 UP1),Y,N,ATE,.0833302,.3451936138336726,.9976760608731493,.6532846559850037,33.17703972157087,363.9843861580919,20.72,,,0,12791,468
20085774,85774, 85774 (1998 UT18),Y,Y,APO,.0356945,.3288710083978487,1.402887454748021,.941518442836348,13.58665222904914,606.9217120532106,19.09,0.939,0.042,0,13589,903
20085804,85804, 85804 (1998 WQ5),Y,N,AMO,.372335,.3542666651406706,1.721335989474245,1.111524028896588,27.663790466138,824.8916365930982,15.37,2.272,0.167,0,13284,4087
20085818,85818, 85818 (1998 XM4),Y,N,APO,.109809,.416079763929191,1.656573005351672,.9673065003534778,62.71788796154009,778.7791162135019,15.42,2.028,0.168,0,11841,1701
20085839,85839, 85839 (1998 YO4),Y,N,AMO,.240561,.2481318487511126,1.653401568826471,1.243139980825569,9.319690444167151,776.54377912492,16.58,1.140,0.405,0,11885,2886
20085867,85867, 85867 (1999 BY9),Y,N,AMO,.280962,.3021077910925504,1.830093871422066,1.277208254434731,.9453562680716887,904.2915587532663,18.32,,,0,11097,788
20085938,85938, 85938 (1999 DJ4),Y,Y,APO,.0238517,.4844119797573307,1.852760305914386,.9552610181106004,9.1390462979438,921.1434820525459,18.73,,,0,9259,647
20085953,85953, 85953 (1999 FK21),Y,N,ATE,.0708934,.703060429497521,.7388996449630427,.2194085432197601,12.59613380715973,231.9939255897559,18.09,0.59,0.32,0,20138,2132
20085989,85989, 85989 (1999 JD6),Y,Y,ATE,.0478721,.6328223978541245,.8830646990257738,.3242415787279528,17.06759913269018,303.1008908517695,17.07,1.462,0.056,0,12805,3852
20085990,85990, 85990 (1999 JV6),Y,Y,APO,.0313527,.3115668280302594,1.009080106095535,.6946842182109111,5.360648094219497,370.2430314357445,20.27,0.451,0.095,0,9026,1203
20086039,86039, 86039 (1999 NC43),Y,Y,APO,.0248171,.578844727082651,1.759780688401486,.741140916098408,7.133321005180862,852.6803369046169,15.94,2.22,0.14,0,9859,1822
20086067,86067, 86067 (1999 RM28),Y,N,AMO,.364265,.3233657996271045,1.817213475224895,1.229588786715647,30.54966107665891,894.7616253631002,16.45,1.245,0.314,0,13586,1562
20086324,86324, 86324 (1999 WA2),Y,N,AMO,.341935,.4344216713182186,1.966653162795234,1.112296408910468,34.60569281972951,1007.372495835549,15.83,2.102,0.191,0,9793,3565
20086326,86326, 86326 (1999 WK13),Y,N,AMO,.279147,.3625525505877431,1.844463104286087,1.17574830136218,34.31296842470558,914.9626906316117,17.35,1.348,0.098,0,17016,1154
20086450,86450, 86450 (2000 CK33),Y,N,ATE,.125149,.4148729905917015,.9680847444705668,.5664525313858596,18.11003335623268,347.9112653548574,18.44,,,0,9608,4250
20086666,86666, 86666 (2000 FL10),Y,N,APO,.0812612,.4269914942943743,1.463132427326067,.8383873258315546,29.01203481143463,646.4335381884231,16.88,1.165,0.228,0,9223,2114
20086667,86667, 86667 (2000 FO10),Y,N,ATE,.133305,.5945635502394542,.8594244408334459,.3484419941289546,14.28769039143156,291.011383248106,17.54,0.745,0.349,0,13186,2444
20086819,86819, 86819 (2000 GK137),Y,Y,APO,.0165109,.5058071974643612,1.995656261893172,.9862389609627833,10.06177329990732,1029.7387017424,17.48,0.802,0.301,0,11324,864
20086829,86829, 86829 (2000 GR146),Y,N,APO,.203319,.5750453456324024,1.462656855495335,.6215628384854173,14.37157342855701,646.118391801513,15.81,1.823,0.232,0,18665,2103
20086878,86878, 86878 (2000 HD24),Y,N,APO,.10279,.6185480251969145,1.341453266277098,.5116999975274482,9.472492185699856,567.4946188364597,17.65,,,0,15386,813
20087024,87024, 87024 (2000 JS66),Y,N,APO,.0967498,.1898110428216893,1.196532473967079,.9694173973133718,14.43336894461765,478.0630321593237,18.72,,,0,17201,3887
20087025,87025, 87025 (2000 JT66),Y,N,APO,.350714,.4835809819139221,1.226499009867458,.6333874143592996,25.32121448361517,496.1342736996132,18.09,,,0,9297,365
20087309,87309, 87309 (2000 QP),Y,N,ATE,.202133,.4631935889850706,.8474619765456335,.4549230221010797,34.74278775574265,284.9566255953034,17.59,0.568,0.499,0,18320,1157
20087311,87311, 87311 (2000 QJ1),Y,N,APO,.108465,.5121124157183469,1.590263051802437,.7758695987162604,7.697263280835349,732.4903032672703,16.50,1.948,0.142,0,16102,2673
20087684,87684, 87684 (2000 SY2),Y,Y,ATE,.0467917,.6427472570213498,.8586365365247793,.3067502578951654,19.22130245275723,290.6112842659101,15.96,,,0,17573,2531
20088188,88188, 88188 (2000 XH44),Y,N,AMO,.233512,.3913281110864821,2.007884441462599,1.222142815705104,11.34468926393319,1039.21761286243,16.08,1.371,0.374,0,12423,3661
20088213,88213, 88213 (2001 AF2),Y,N,ATE,.172189,.5953431754567626,.9539860883769896,.3860369811810568,17.81434486918558,340.338820389892,19.48,0.912,0.028,0,9207,364
20088254,88254, 88254 (2001 FM129),Y,Y,APO,.010087,.6294723580624813,1.182411609784792,.4381161855731046,1.522822954633807,469.6252668126487,17.77,0.800,0.252,0,17620,1001
20088263,88263, 88263 (2001 KQ1),Y,N,AMO,.374492,.4325339812299933,2.096870368739082,1.189902680025163,38.78547725945203,1109.06193769655,15.69,5.748,0.037,0,10337,2524
20088264,88264, 88264 (2001 KN20),Y,N,AMO,.168899,.453404290842178,2.147022338834963,1.173553197873182,12.07959088510603,1149.087952961053,17.01,,,0,10104,1506
20088710,88710, 88710 (2001 SL9),Y,N,APO,.197207,.2701092262478624,1.061474255080719,.7747602653588401,21.90005290313081,399.4501833105405,17.61,0.760,0.281,0,26224,2575
20088959,88959, 88959 (2001 TZ44),Y,N,APO,.0509695,.5636956575060357,1.723421532016894,.7519362983665718,53.83780010912363,826.3912284152283,17.45,,,0,7342,456
20089136,89136, 89136 (2001 US16),Y,Y,APO,.0286588,.2527708093178865,1.355898851000673,1.01316720108004,1.9060443130402,576.6859437084012,20.27,,,0,8874,1355
20089355,89355, 89355 (2001 VS78),Y,N,AMO,.444609,.3082656224421468,1.786949432449231,1.236094353382628,22.66286919147294,872.502783672503,15.80,2.038,0.246,0,17588,3744
20089830,89830, 89830 (2002 CE),Y,Y,AMO,.0276542,.5069959499804729,2.077441511494952,1.024187078845699,43.64692697979796,1093.683436871357,14.98,5.067,0.079,0,16110,3643
20089958,89958, 89958 (2002 LY45),Y,Y,APO,.000386186,.8863572148214808,1.641687253664004,.1865659118984516,9.901380474279671,768.305719584476,17.22,,,0,9473,1129
20089959,89959, 89959 (2002 NT7),Y,Y,APO,.000333015,.5283515667275085,1.73520889912276,.8184085586717347,42.36113116259965,834.8838811575067,16.55,1.407,0.224,0,26291,1971
20090075,90075, 90075 (2002 VU94),Y,Y,APO,.0261362,.5740759617542821,2.136714019549971,.9100778637829636,8.853744331137095,1140.822363852334,15.38,2.233,0.294,0,25753,3624
20090147,90147, 90147 (2002 YK14),Y,N,APO,.18753,.3314553011145456,1.474375799367563,.9856861248321886,27.99549803161757,653.8990665624274,18.31,,,0,13190,878
20090367,90367, 90367 (2003 LC5),Y,N,APO,.151697,.426221873323789,1.155466570206717,.6629814440901968,16.8817090519731,453.6641950977913,17.92,1.748,0.048,0,15319,1758
20090373,90373, 90373 (2003 SZ219),Y,N,AMO,.317041,.204389545165222,1.626849000310951,1.294338073084899,9.872047713010996,757.9128913297973,18.81,,,0,10432,462
20090403,90403, 90403 (2003 YE45),Y,Y,APO,.0367498,.2800085956067067,1.234423434655499,.8887742623336058,19.00837087479888,500.9503261922229,17.77,0.572,0.493,0,13517,2220
20090416,90416, 90416 (2003 YK118),Y,Y,APO,.00187826,.4922062760925185,1.695242208273342,.8608333538642627,7.826236825922405,806.2060674037831,18.83,0.968,0.062,0,12084,932
20096189,96189, 96189 Pygmalion (1991 NT3),Y,N,AMO,.332748,.3070230253546472,1.820527213666112,1.261583440785876,14.00137127075842,897.2101741846676,16.48,3.605,0.041,0,14786,1555
20096315,96315, 96315 (1997 AP10),Y,N,APO,.110516,.6434049496863911,1.443068835841093,.5145912041227555,6.654107575058427,633.1826391259427,17.04,,,0,10605,1342
20096536,96536, 96536 (1998 SO10),Y,N,APO,.449591,.7769534006159013,2.304772738814334,.5140717217457126,41.06072926274686,1278.028649471595,15.37,,,0,18192,1965
20096590,96590, 96590 (1998 XB),Y,N,ATE,.113632,.351190235754478,.9078587450146363,.5890276183211816,13.60318709642201,315.9554484002749,16.28,0.882,0.489,0,12365,3847
20096631,96631, 96631 (1999 FP59),Y,N,AMO,.246177,.259555622457119,1.698469544857002,1.257622224917183,1.767605206653097,808.5093987020992,18.17,,,0,14005,881
20096744,96744, 96744 (1999 OW3),Y,N,APO,.362513,.7791242676106881,2.095409255705397,.4628250540092725,34.72467609666307,1107.90293720034,14.78,,,0,9922,2303
20097725,97725, 97725 (2000 GB147),Y,N,AMO,.283026,.3089940593571795,1.798161764231324,1.242540461320619,18.18803309456615,880.7275158843549,18.75,,,0,9299,267
20098943,98943, 98943 Torifune (2001 CC21),Y,N,APO,.0830141,.2191666914570141,1.03218079466168,.8059611449102079,4.808321173612089,383.0293804342471,18.71,,,0,15801,2398
20099248,99248, 99248 (2001 KY66),Y,Y,APO,.0466999,.5078642903007358,1.866259181186678,.9184527866160733,10.61148261192053,931.2287226003311,16.54,1.115,0.429,0,12734,3607
20099799,99799, 99799 (2002 LJ3),Y,N,AMO,.120459,.2757426235043186,1.462136800010144,1.058963362853138,7.557827203435113,645.7738261477423,18.52,,,0,13582,2410
20099907,99907, 99907 (1989 VA),Y,N,ATE,.15425,.5946641738631883,.7283845507672464,.2952403536305323,28.79884462546406,227.0594154453588,17.96,1.4,,0,13198,1591
20099935,99935, 99935 (2002 AV4),Y,N,APO,.167817,.6450753732581186,1.653874200566391,.5870006833140538,12.77495462602139,776.8767703397748,16.15,,,0,26027,2659
20099942,99942, 99942 Apophis (2004 MN4),Y,Y,ATE,.000107917,.1911492279663492,.9223592206975018,.7460509677535309,3.340996879880978,323.5553366891694,19.09,0.34,0.35,0,6599,7370
20100004,100004,100004 (1983 VA),Y,N,APO,.174603,.7027087273007707,2.590008100552484,.7699868045145615,15.70271465318305,1522.47479135185,16.43,2.70,0.0668,0,15576,1375
20100085,100085,100085 (1992 UY4),Y,Y,APO,.0251337,.6186490636296388,2.651726946579533,1.011238554076624,2.639581586963602,1577.217654635017,17.89,,,0,15931,663
20100756,100756,100756 (1998 FM5),Y,N,APO,.0937935,.5545606007164121,2.265093066798553,1.008961694996167,11.57458640269885,1245.166715319175,16.34,1.809,0.163,0,13416,1686
20100926,100926,100926 (1998 MQ),Y,N,AMO,.128832,.4075812296692282,1.782708555379143,1.056110010235858,24.24405001266405,869.3986268746379,16.63,1.174,0.234,0,16953,1819
20101869,101869,101869 (1999 MM),Y,Y,APO,.00143149,.6106821659613537,1.624275824783987,.6323595459862378,4.765433636228654,756.1154243905688,19.48,,,0,7238,204
20101873,101873,101873 (1999 NC5),Y,N,AMO,.437832,.3931871935187137,2.029432033702897,1.231485347934279,45.79023251398016,1055.990943895102,16.39,,,0,15540,789
20101955,101955,101955 Bennu (1999 RQ36),Y,Y,APO,.0032228,.2037450762416414,1.126391025894812,.8968944004459729,6.03494377024794,436.6487281120201,20.21,0.48444,0.044,0,7693,554
20102873,102873,102873 (1999 WK11),Y,N,AMO,.141846,.4681270740444988,2.13194401491692,1.133923301187181,7.444435657030438,1137.00433550416,17.64,,,0,16571,368
20103067,103067,103067 (1999 XA143),Y,Y,APO,.0409757,.5812927815635156,1.843223521958707,.7717709938360302,38.5659705747296,914.0404864946544,16.80,1.282,0.246,0,11244,1694
20105140,105140,105140 (2000 NL10),Y,N,ATE,.355803,.8169742546291275,.9142911384249356,.1673388170962074,32.53808174864032,319.3193176723237,15.75,1.946,0.223,0,27025,3736
20105141,105141,105141 (2000 NF11),Y,N,AMO,.212615,.189065814711664,1.420854736528176,1.15221967817955,14.82623009405838,618.6185603089669,19.09,0.352,0.431,0,16954,516
20106538,106538,106538 (2000 WK63),Y,N,APO,.125987,.7657579311458844,2.418678929035555,.5665563562311451,10.33755584149337,1373.933644671456,16.29,,,0,9102,1129
20106589,106589,106589 (2000 WN107),Y,N,APO,.139214,.6177947275770279,2.145886221564728,.8201690279018492,14.37310456358429,1148.175997417827,16.01,,,0,9158,2023
20108519,108519,108519 (2001 LF),Y,N,AMO,.160061,.271054664016487,1.603366354154957,1.168766425734145,16.39948309928167,741.562185525523,17.94,1.423,0.060,0,12897,1083
20108906,108906,108906 (2001 PL9),Y,N,APO,.192315,.3604201205479486,1.235263697850504,.7900498069627206,20.92810391310839,501.4619031755068,17.90,,,0,9175,852
20111253,111253,111253 (2001 XU10),Y,Y,APO,.0307474,.4398615842203338,1.753377638817952,.9821341728709796,42.03945602434369,848.0307929877631,15.23,3.006,0.178,0,9718,2450
20112221,112221,112221 (2002 KH4),Y,N,AMO,.255002,.4435073256623375,2.271489804032151,1.264067435776584,58.66990759903995,1250.445058065684,15.52,,,0,11319,1170
20112985,112985,112985 (2002 RS28),Y,N,AMO,.413692,.4921038678187897,2.220384913693495,1.127724909618437,46.98193254113899,1208.483788083347,15.77,3.618,0.033,0,14863,3031
20115052,115052,115052 (2003 RD6),Y,N,AMO,.395846,.3181677964665241,1.668728343799065,1.137792723751284,31.31943146464418,787.3664235458697,17.46,,,0,15772,1377
20136564,136564,136564 (1977 VA),Y,N,AMO,.136519,.3942424046408806,1.865554795165534,1.130073986730148,2.985002357207399,930.7015590071495,19.28,0.4,,0,17420,302
20136582,136582,136582 (1992 BA),Y,N,AMO,.274989,.06786143891611222,1.341718936061908,1.250667958439752,10.49900181401886,567.6632124522195,19.86,,,0,12427,517
20136617,136617,136617 (1994 CC),Y,Y,APO,.0162127,.4174249722429326,1.637683450192343,.9540734814530942,4.681286225579768,765.4967782481175,17.97,,,0,13277,739
20136618,136618,136618 (1994 CN2),Y,Y,APO,.0124418,.3950416385168786,1.572937964853921,.9515619739326235,1.439376487435881,720.5528148311448,16.85,,,0,11801,1599
20136635,136635,136635 (1994 VA1),Y,N,AMO,.315247,.1749568492722409,1.573335736125472,1.298069872885537,7.639613234960225,720.8261568209139,19.12,,,0,11220,2118
20136745,136745,136745 (1995 WL8),Y,N,AMO,.29908,.4840737479213415,2.365117486013697,1.220226200284745,17.78373563054519,1328.548781224073,17.88,,,0,10708,253
20136770,136770,136770 (1996 PC1),Y,N,APO,.0890713,.4513791998938279,1.838627494390173,1.008709287069543,25.09702962708282,910.6239159646722,20.56,,,0,9304,253
20136773,136773,136773 (1996 TR6),Y,N,AMO,.379091,.1803116800965875,1.584630224532263,1.298902886415018,22.09976580883405,728.6019507547966,18.61,,,0,10315,429
20136793,136793,136793 (1997 AQ18),Y,N,APO,.186328,.465405640201022,1.14706706902903,.6132155854140643,17.37397264730844,448.7264242135913,18.35,,,0,9882,724
20136795,136795,136795 Tatsunokingo (1997 BQ),Y,Y,APO,.0355994,.4782407143000131,1.746949113870816,.911486921807462,10.99257749344882,843.3712829214841,18.11,,,0,10532,427
20136818,136818,136818 Selqet (1997 MW1),Y,N,ATE,.113088,.3463451201205434,.9374600263286392,.6127753209016389,12.78209888373398,331.5336113196661,18.96,,,0,10627,781
20136839,136839,136839 (1997 WT22),Y,N,AMO,.130368,.3058644169947375,1.48531785776653,1.031011977148898,8.158522948462817,661.1919093236588,18.85,,,0,13196,569
20136849,136849,136849 (1998 CS1),Y,Y,APO,.0196452,.5783451262917073,1.491398656954163,.6288555123467249,7.791444087965292,665.2563801677144,17.70,,,0,9868,760
20136874,136874,136874 (1998 FH74),Y,N,APO,.235626,.8839449105356291,2.202588708117617,.2556216295738033,21.13353144966683,1193.984089185931,15.74,3.398,0.073,0,11370,1529
20136897,136897,136897 (1998 HJ41),Y,N,AMO,.263256,.1246845545423276,1.363412652776672,1.19341615350784,38.87570219961804,581.486192683005,18.57,,,0,10075,711
20136900,136900,136900 (1998 HL49),Y,N,APO,.0840662,.6366321017402355,1.747559042799583,.6350068564669302,10.97814203796266,843.8130028051532,17.39,,,0,10328,898
20136923,136923,136923 (1998 JH2),Y,N,AMO,.217912,.4417902969514792,2.134090271444804,1.191269896701941,6.624555524421673,1138.721723738999,16.31,,,0,14475,1323
20136993,136993,136993 (1998 ST49),Y,N,APO,.0548971,.5954228586381666,2.308850576397736,.9341081660306173,24.47463933447198,1281.421976096909,17.85,,,0,10215,1067
20137032,137032,137032 (1998 UO1),Y,N,APO,.0596752,.7632181546384473,1.595674183096758,.3778266776694384,25.47429311020651,736.2321096838318,16.66,1.055,0.183,0,11761,1578
20137044,137044,137044 (1998 UC50),Y,N,AMO,.308004,.4293196196976805,2.268360793687188,1.294509000404276,4.381172960384054,1247.862188595376,16.80,,,0,9936,954
20137052,137052,137052 Tjelvar (1998 VO33),Y,N,APO,.0679558,.8096193563892241,1.247921228787783,.2375800467121684,14.89058016619968,509.1892027092027,17.04,,,0,9914,1600
20137062,137062,137062 (1998 WM),Y,N,APO,.16821,.315256895863339,1.224615622613206,.8385471028024162,22.51358091917602,494.9919317755735,16.76,1.265,0.411,0,14208,5478
20137064,137064,137064 (1998 WP5),Y,N,AMO,.245675,.1951256017581967,1.374090363590735,1.105970154524953,19.50223759515087,588.3305058151144,18.84,,,0,8942,727
20137078,137078,137078 (1998 XZ4),Y,N,APO,.299676,.6380316799625544,1.939092948430372,.7018902169397989,23.15521708996342,986.2712361218498,16.36,,,0,9916,1066
20137084,137084,137084 (1998 XS16),Y,N,APO,.406194,.4966162367180229,1.212157137528963,.6101802215784387,26.5588842544098,487.4575613695402,16.47,1.228,0.322,0,11404,3167
20137099,137099,137099 (1998 YW3),Y,N,APO,.387718,.4627928666259796,1.100044725506799,.5909518735727188,28.79393559233318,421.4188342479165,18.29,0.564,0.291,0,8814,633
20137108,137108,137108 (1999 AN10),Y,Y,APO,.000205921,.5620711861779988,1.458519700164067,.6387278022288708,39.93237024085661,643.3789922393222,18.05,,,0,24459,410
20137120,137120,137120 (1999 BJ8),Y,Y,APO,.0224188,.5490427040525381,1.900284336829957,.8569470860681533,8.972493692198524,956.8113312152321,18.29,,,0,9487,493
20137125,137125,137125 (1999 CT3),Y,N,AMO,.379284,.1318053263804799,1.426852219674816,1.238785497163864,34.23570750623675,622.5395101999258,18.81,,,0,9692,274
20137126,137126,137126 (1999 CF9),Y,Y,APO,.0178302,.6007455018665537,1.770082161534599,.7067132650584621,5.543840910313252,860.1784637649858,18.08,,,0,9840,1228
20137158,137158,137158 (1999 FB),Y,N,APO,.197472,.6068585849823153,1.179889938364154,.4638635999336123,12.89546857304655,468.1237478158104,17.91,,,0,10243,779
20137170,137170,137170 (1999 HF1),Y,N,ATE,.173534,.4624827199403103,.8191216525199827,.4402920427005393,25.65687403061496,270.7827759288608,14.66,,,0,9877,8985
20137175,137175,137175 (1999 JA11),Y,N,APO,.106462,.3411858930085413,1.261358302440518,.8310006436186125,16.43196283488401,517.4353936912017,18.33,,,0,9920,767
20137199,137199,137199 (1999 KX4),Y,N,AMO,.190703,.292694165810336,1.457282503424866,1.030744416734927,16.56933251039368,642.560541620417,16.97,,,0,16979,4012
20137427,137427,137427 (1999 TF211),Y,Y,APO,.0283304,.6118901599792338,2.439198328125257,.946676872907614,39.511719843,1391.454781139395,15.28,,,0,9840,873
20137671,137671,137671 (1999 XP35),Y,N,AMO,.193633,.1842659543175263,1.434764030463613,1.170385867169775,21.1033181688255,627.7245982891277,18.73,,,0,18365,545
20137799,137799,137799 (1999 YB),Y,N,AMO,.216393,.07454787721353257,1.321052167799839,1.222570533002026,6.78921145186432,554.5981020048262,18.76,,,0,12902,1181
20137802,137802,137802 (1999 YT),Y,N,AMO,.4365,.3519553737638039,1.776389132410574,1.151179431363051,31.58578346636727,864.7799028897233,16.97,,,0,26011,1054
20137805,137805,137805 (1999 YK5),Y,N,ATE,.113946,.5582822458080466,.8294146483629631,.3663671757687967,16.74829079049509,275.9027178841944,16.72,2.243,0.027,0,9469,2259
20137911,137911,137911 (2000 AB246),Y,N,AMO,.163163,.4948695935972528,2.303366894666208,1.163500655597375,3.758116928596862,1276.859487505094,17.75,,,0,9145,229
20137924,137924,137924 (2000 BD19),Y,N,ATE,.090063,.8949704258175778,.8764774674132474,.09205605518290121,25.75725648360484,299.7157463839776,17.49,0.970,0.247,0,10591,1293
20137925,137925,137925 (2000 BJ19),Y,N,APO,.390057,.7638213155604092,1.291902463586626,.3051198242741557,31.12515940385399,536.3434935216806,16.06,1.372,0.373,0,26365,3100
20138013,138013,138013 (2000 CN101),Y,N,APO,.108884,.6350045802890221,1.59806996873938,.5832882189675396,15.98822950235671,737.8908282164277,14.70,3.518,0.172,0,15344,1593
20138095,138095,138095 (2000 DK79),Y,Y,AMO,.048605,.4144801994429198,1.776491520851629,1.04017096098039,60.6846034617575,864.8546709180487,15.98,,,0,14688,1108
20138127,138127,138127 (2000 EE14),Y,Y,ATE,.0230376,.5330718625871552,.6618333682184359,.3090286218999037,26.45904560502366,196.6624368561768,17.11,0.754,0.449,0,9477,1125
20138155,138155,138155 (2000 ES70),Y,N,AMO,.42957,.319501660188651,1.808355055415406,1.230582612999644,25.45296700132786,888.227027032819,17.22,,,0,12460,1146
20138175,138175,138175 (2000 EE104),Y,Y,APO,.0088484,.2932729985491432,1.003552689397055,.7092377829755241,5.232931903639535,367.2050925674764,20.49,,,0,9442,1621
20138205,138205,138205 (2000 EZ148),Y,N,APO,.0940335,.6118171051897485,2.584722292252669,1.00334498168723,11.18027247649738,1517.816464671467,15.08,,,0,15648,2892
20138258,138258,138258 (2000 GD2),Y,N,ATE,.071742,.4767116593810655,.7577611213995479,.3965275598027125,32.13587361189531,240.9333423858832,18.98,,,0,9165,244
20138325,138325,138325 (2000 GO82),Y,N,APO,.3718,.8047672928371381,2.162746756117912,.4222389041045978,25.72899039275798,1161.734617791025,16.69,,,0,9144,608
20138359,138359,138359 (2000 GX127),Y,N,APO,.261885,.3612700764954588,1.141525803841788,.7291266893663251,20.23746728172723,445.478784921284,17.97,1.085,0.095,0,8475,860
20138404,138404,138404 (2000 HA24),Y,Y,APO,.0274008,.3185506389677999,1.138727666323907,.775985240606115,2.164284055532323,443.8418354344209,19.39,,,0,14915,1681
20138524,138524,138524 (2000 OJ8),Y,Y,AMO,.028276,.5676513788117616,2.357607164542569,1.019308206893492,6.244929612848859,1322.225689496874,16.86,,,0,9129,1051
20138727,138727,138727 (2000 SU180),Y,Y,APO,.0342789,.6051519894854337,2.105103686186768,.8311960024177251,11.92099479861062,1115.600408103777,19.34,,,0,7656,180
20138815,138815,138815 (2000 TQ64),Y,N,AMO,.30581,.380237706697588,2.090540116428424,1.295637936798371,8.240227691299793,1104.043501173231,18.04,,,1,8790,233
20138846,138846,138846 (2000 VJ61),Y,N,APO,.178557,.5646801703747533,2.182548110269834,.9501064715115682,18.68659779274607,1177.725735859921,16.08,,,0,13635,1265
20138847,138847,138847 (2000 VE62),Y,N,AMO,.15722,.2876510425409626,1.618986396813854,1.153283271910712,22.17738135701432,752.4250164247412,17.07,0.965,0.396,0,15698,2580
20138852,138852,138852 (2000 WN10),Y,N,APO,.12475,.2980046859811716,1.001788830614913,.7032510647280708,21.51563547862504,366.2374105763358,20.29,,,0,9187,1479
20138859,138859,138859 (2000 WN63),Y,N,APO,.140947,.531556969451409,1.573131892799761,.7369226713157614,13.15587549262667,720.686074664608,18.98,,,0,9119,324
20138877,138877,138877 (2000 XG47),Y,N,APO,.10189,.5429756141512659,2.140212093079629,.9781291174257513,25.3166963809223,1143.6250178419,16.72,,,0,9383,1274
20138883,138883,138883 (2000 YL29),Y,N,APO,.1383,.3441281003182813,1.535974353722996,1.007402417238702,21.89611002566777,695.3034324437556,16.85,1.222,0.247,0,15537,1888
20138893,138893,138893 (2000 YH66),Y,N,APO,.164856,.7434912817218823,1.172963054243789,.3008752496316607,18.35531966126923,464.0074209817555,18.21,,,0,9121,592
20138911,138911,138911 (2001 AE2),Y,N,AMO,.233935,.08158965137730705,1.349645067174074,1.239527996660239,1.662391608069646,572.7007929956867,19.45,,,0,15162,1023
20138925,138925,138925 (2001 AU43),Y,N,AMO,.211928,.3763368116772872,1.896627291993638,1.182856623984625,72.15577944085362,954.0506249498357,15.95,,,0,11945,1340
20138937,138937,138937 (2001 BK16),Y,N,APO,.0615713,.6780950437852945,2.072215583866403,.6670564667919447,31.81205875257463,1089.559194728078,17.80,,,0,9891,3132
20138947,138947,138947 (2001 BA40),Y,N,APO,.181249,.2537679229831704,1.118860661921711,.8349297156382635,12.84599622103245,432.2773037514369,18.83,0.447,0.292,0,9363,538
20138971,138971,138971 (2001 CB21),Y,Y,APO,.0237139,.3333321129417263,1.03358288725968,.6890565195490006,7.918535504504592,383.8100939451246,18.54,,,0,9227,2655
20139047,139047,139047 (2001 EB16),Y,N,AMO,.163409,.3860082367059366,1.861789977015937,1.143123710871229,47.0039749795474,927.8856510428019,17.40,,,0,8980,382
20139056,139056,139056 (2001 FY),Y,N,AMO,.272955,.327912070846042,1.885762220007714,1.267398025321755,4.734738015135182,945.8642756363332,19.18,0.32,0.52,0,8993,293
20139211,139211,139211 (2001 GN2),Y,Y,AMO,.0257541,.4519655765533759,1.859759545132121,1.019212250065838,26.05772501948061,926.3681639407489,17.77,,,0,9574,252
20139289,139289,139289 (2001 KR1),Y,N,APO,.177912,.8411352161145867,1.259608636518802,.2001074538207595,23.26457431039517,516.3591431381969,17.80,1.126,0.127,0,9133,893
20139345,139345,139345 (2001 KA67),Y,N,APO,.262474,.7019306060147527,1.805213518281383,.538078899408108,22.27863573729111,885.9134443639222,16.74,2.586,0.038,0,9227,1083
20139359,139359,139359 (2001 ME1),Y,Y,APO,.0134442,.8696747013569716,2.634650239411342,.3433615792712096,5.95480413405054,1562.006656818714,16.52,,,0,8772,740
20139622,139622,139622 (2001 QQ142),Y,Y,APO,.0110264,.310040807786372,1.420519551806641,.9801005224881747,9.339036498399585,618.3996717181885,18.46,,,0,9070,1214
20140039,140039,140039 (2001 SO73),Y,Y,APO,.0453382,.5677589248059939,1.8204547927988,.7868753369814347,4.847511896783896,897.156637968108,18.08,,,0,8475,775
20140158,140158,140158 (2001 SX169),Y,Y,APO,.0261357,.4608938768322315,1.347374880301322,.7263780481728817,2.517472175430439,571.256423317657,18.48,0.566,0.289,0,9135,960
20140288,140288,140288 (2001 SN289),Y,Y,APO,.0177594,.5082825675484516,1.784061273087759,.8772540285389534,53.19538845517877,870.3883629562326,16.73,1.263,0.231,0,10719,535
20140333,140333,140333 (2001 TD2),Y,N,ATE,.184582,.481613932240353,.9618944681625524,.4986326909505425,19.02846764044411,344.579603993666,19.24,,,0,8404,763
20140928,140928,140928 (2001 VG75),Y,N,AMO,.246232,.2970215635295496,1.518789113361808,1.067675996239426,20.66278632709355,683.6670356979278,18.29,,,0,18015,733
20141018,141018,141018 (2001 WC47),Y,N,AMO,.0783788,.2411766234354041,1.398580863013048,1.061275852870188,2.869298478163311,604.1291604600027,19.04,,,0,12157,1696
20141052,141052,141052 (2001 XR1),Y,N,APO,.103016,.5500455104278973,1.245364509107989,.5603573520268973,17.66809287617444,507.6251772803444,17.46,,,0,13550,1198
20141053,141053,141053 (2001 XT1),Y,Y,APO,.0412587,.5794433816443817,1.528375292203105,.6427683444672178,2.730377193583732,690.1499156464498,18.86,,,0,8485,503
20141056,141056,141056 (2001 XV4),Y,N,APO,.146823,.4440104741773657,1.816727972038671,1.010081723722497,28.88727362448032,894.4030704028929,17.33,,,0,8738,432
20141078,141078,141078 (2001 XQ30),Y,N,AMO,.189446,.4509373480305345,1.863021257793333,1.022915392479496,11.47047804557935,928.8062784924293,18.67,,,0,10245,773
20141079,141079,141079 (2001 XS30),Y,N,APO,.302793,.828169524693731,1.164448118125912,.200087673607066,28.53575879023635,458.9640211478006,17.72,,,0,9957,1497
20141354,141354,141354 (2002 AJ29),Y,N,AMO,.089338,.4507156444746353,1.988515631908094,1.092260527324751,10.92800849183129,1024.216907838271,17.36,,,0,13678,909
20141424,141424,141424 (2002 CD),Y,N,ATE,.0731141,.1768193958261118,.9798627104524336,.8066039779976979,6.875478243587475,354.2797035890271,20.65,,,1,2001,297
20141432,141432,141432 (2002 CQ11),Y,Y,ATE,.019542,.427510478351699,.9760374388300425,.5587712064666439,2.467242783413797,352.2071286738931,20.06,0.239,0.340,0,3746,472
20141447,141447,141447 (2002 CW59),Y,N,AMO,.201963,.5025737224695168,2.388288255050406,1.187997336379497,31.9584126530084,1348.119967456226,17.16,,,0,8587,188
20141484,141484,141484 (2002 DB4),Y,N,ATE,.152627,.3695623282201963,.8578502509313171,.5408211149328599,16.5996256541357,290.2121902323142,16.26,1.034,0.455,0,8857,1572
20141495,141495,141495 (2002 EZ11),Y,Y,APO,.000917959,.8020542314746987,1.114140860127999,.2205394688034769,2.354166288462496,429.54491255259,18.46,,,0,8852,1291
20141498,141498,141498 (2002 EZ16),Y,N,ATE,.176116,.5665994313951493,.9216282625251607,.3994342130207053,30.13720874511438,323.1707925508944,18.44,,,0,11046,693
20141525,141525,141525 (2002 FV5),Y,Y,APO,.0351236,.7245234378518476,1.086993714178532,.2994412914585535,34.03784417348604,413.9415064768979,18.07,,,0,8116,713
20141526,141526,141526 (2002 FA6),Y,N,APO,.316038,.3222935821856984,1.01358158461962,.6869107448751061,30.10285436631258,372.7232582902791,20.20,,,1,4308,86
20141527,141527,141527 (2002 FG7),Y,Y,APO,.0411956,.6265895605160303,1.512517493783067,.5647898220807275,9.207353852403445,679.4367543647701,18.94,,,0,11307,764
20141531,141531,141531 (2002 GB),Y,N,ATE,.280579,.5289305859263954,.9921100181851816,.4673526849630467,22.54793545439778,360.9426308588926,19.15,0.303,0.482,0,8435,900
20141593,141593,141593 (2002 HK12),Y,Y,APO,.023636,.5285457825267549,2.003200549330101,.9444173474263973,2.348594417203147,1035.583382264604,18.32,,,0,14780,1492
20141614,141614,141614 (2002 JV15),Y,Y,APO,.039974,.5365100201293169,1.623925688587513,.7526732847149114,7.188087848548441,755.8709501083179,19.52,,,0,8663,298
20141670,141670,141670 (2002 JS100),Y,N,AMO,.219386,.4857474627662965,2.386130724945457,1.227073779474497,13.34029654830029,1346.293584638688,16.84,,,0,8679,650
20141761,141761,141761 (2002 MC),Y,N,AMO,.263004,.5098274769065232,2.574166073341216,1.261785479031292,18.9313171990888,1508.527633588656,17.44,,,0,7854,342
20141765,141765,141765 (2002 MP3),Y,N,AMO,.392114,.4690959179907897,2.000039527519065,1.061829149339644,33.06625060161299,1033.133145865371,16.33,,,0,13820,1604
20141851,141851,141851 (2002 PM6),Y,Y,APO,.038741,.8502024243773721,1.198012037771935,.17945929882496,19.13504219188485,478.9500244330854,17.81,,,0,9491,944
20141874,141874,141874 (2002 PO34),Y,N,AMO,.278158,.3487054003111615,1.83466839343981,1.194909616867146,10.98939362429288,907.6842417766626,17.83,,,0,9211,650
20142040,142040,142040 (2002 QE15),Y,N,AMO,.115695,.3443217964252531,1.667040894669767,1.093042379102712,28.24925925596033,786.1724261697331,16.25,1.232,0.353,0,11697,2565
20142348,142348,142348 (2002 RX211),Y,N,AMO,.146427,.457300113355637,2.065032060066244,1.120692664914926,6.070014801935501,1083.898523559941,18.33,,,0,9444,1277
20142464,142464,142464 (2002 TC9),Y,N,AMO,.0595507,.1548082054634371,1.233939550995459,1.042915583455492,16.27677155528005,500.6558025537506,18.34,0.886,0.118,0,12186,4561
20142555,142555,142555 (2002 TB58),Y,N,AMO,.428691,.5633190624636616,2.633361122016823,1.14993860363405,23.39443356768236,1560.860377367732,16.39,,,0,7763,873
20142561,142561,142561 (2002 TX68),Y,N,AMO,.249957,.2935672175163893,1.67409240641797,1.182633756800531,16.65724091707184,791.165911091226,18.20,,,0,8141,1444
20142563,142563,142563 (2002 TR69),Y,N,AMO,.102873,.3437898080057339,1.659802435977636,1.089179275185435,20.48812890888806,781.0575293486392,17.21,0.860,0.378,0,10455,724
20142781,142781,142781 (2002 UM11),Y,N,AMO,.311105,.3877521441267484,1.951188948300385,1.194611250000496,41.0190146989701,995.5141056531374,16.14,1.595,0.252,0,9216,1469
20143381,143381,143381 (2003 BC21),Y,N,AMO,.296504,.5104736717149188,2.59651777173022,1.271063811122055,5.474804389080482,1528.218229990886,16.21,,,0,15742,1104
20143404,143404,143404 (2003 BD44),Y,Y,APO,.0176509,.6076792867521564,1.967272890877204,.7718019037020917,2.663754386543048,1007.848695362541,16.95,,,0,16352,1650
20143409,143409,143409 (2003 BQ46),Y,N,AMO,.283549,.350694509105725,1.949507879851773,1.265826170929413,8.159164321976355,994.2278384968971,17.89,,,0,8334,809
20143487,143487,143487 (2003 CR20),Y,Y,APO,.000346035,.7295487524829584,2.124852022281779,.5746688802152159,4.988055165154119,1131.335624268222,18.94,,,0,13542,287
20143527,143527,143527 (2003 EN16),Y,N,AMO,.190777,.35214680647276,1.661381626788238,1.076331392582241,17.30747487851171,782.17248030599,18.64,,,0,8176,480
20143624,143624,143624 (2003 HM16),Y,N,APO,.0516659,.5773885370854908,1.966479623274228,.8310568303834944,35.54092495751743,1007.239161381538,15.91,2.137,0.169,0,8260,1621
20143637,143637,143637 (2003 LP6),Y,N,APO,.340312,.8836720676480295,1.746438027291219,.2031595246956417,43.56146999679947,843.0012055562153,16.58,,,0,8452,1724
20143643,143643,143643 (2003 NP7),Y,N,AMO,.27551,.4183283319502057,2.179728667625938,1.267886409993934,11.15397903552754,1175.444372021664,18.31,,,0,8917,227
20143649,143649,143649 (2003 QQ47),Y,Y,APO,.00300041,.1869960323870927,1.085312913741141,.8823637049730727,62.10129347007511,412.9817713438727,17.39,,,0,7198,1250
20143651,143651,143651 (2003 QO104),Y,Y,APO,.000108054,.5261187140197575,2.132937443373551,1.010759138581269,11.62339794349011,1137.79914814488,16.11,,,0,16267,1326
20143678,143678,143678 (2003 SA224),Y,N,AMO,.151483,.3287588450448266,1.649524347569975,1.107228628189549,13.86459466622646,773.8138921614578,16.39,,,0,17142,3458
20143947,143947,143947 (2003 YQ117),Y,N,APO,.103231,.6543484121131674,2.182210442539003,.7542845045668339,21.02834342117417,1177.452432884623,15.36,,,0,8772,2251
20143992,143992,143992 (2004 AF),Y,Y,APO,.033438,.5537354854450662,1.97136384032924,.8797497272156782,27.12970927153134,1010.994065399299,16.13,,,0,15083,1242
20144332,144332,144332 (2004 DV24),Y,Y,APO,.00554886,.289750752167058,1.422963085370654,1.01065846107855,55.89452431108673,619.9959855395012,16.60,,,0,25995,2148
20144411,144411,144411 (2004 EW9),Y,N,APO,.0905041,.5338578769484419,1.9171640878063,.8936709381282326,8.794267467117551,969.5882742552337,16.54,,,0,9074,2561
20144861,144861,144861 (2004 LA12),Y,N,APO,.357368,.7493003363668703,2.508161526892037,.6287952511293906,39.43139190009119,1450.880619819004,15.36,,,0,8791,750
20144898,144898,144898 (2004 VD17),Y,Y,APO,.00157567,.589059294598788,1.507735386266449,.6195898431907032,4.223717241701566,676.2170526975827,18.89,,,0,8800,1450
20144900,144900,144900 (2004 VG64),Y,Y,ATE,.0274524,.655643282707726,.9684504717455372,.3334924253104474,36.24349121824964,348.1084371257601,18.27,,,0,7708,439
20144901,144901,144901 (2004 WG1),Y,N,APO,.0548161,.5216439277885384,1.640249028733119,.7846230828334397,13.03088099266513,767.2963119852884,17.54,2.240,0.038,0,7783,724
20144922,144922,144922 (2005 CK38),Y,N,AMO,.260953,.4120042840689852,2.133137210966399,1.254275541541276,8.230755309498564,1137.95899862687,17.36,,,0,17812,805
20145656,145656,145656 (4788 P-L),Y,N,AMO,.259128,.5542448237950105,2.642918482615556,1.178094593913721,11.08116810851404,1569.365420137654,16.43,,,0,23802,1944
20152558,152558,152558 (1990 SA),Y,N,AMO,.308959,.4410661828455543,2.014048554115702,1.125719846286281,38.14977997987307,1044.006809051606,16.86,1.4,0.146,0,12330,570
20152560,152560,152560 (1991 BN),Y,Y,APO,.0207475,.398138294036016,1.443383252140335,.8687171064930255,3.445065795250436,633.3895874511338,19.23,,,0,12873,532
20152561,152561,152561 (1991 RB),Y,Y,APO,.0385379,.4856077596502326,1.454489813920276,.748178273948367,19.57391791593224,640.7143531657663,19.10,,,0,15592,117
20152563,152563,152563 (1992 BF),Y,N,ATE,.0629787,.2716735401545003,.9078621111044457,.6612199974085626,7.249843261890487,315.9572056153815,19.71,0.272,0.287,0,25988,638
20152564,152564,152564 (1992 HF),Y,N,APO,.120304,.5618986368189185,1.390855985073677,.609335903049344,13.32221377842712,599.1308360277746,19.63,0.282,0.169,0,11554,132
20152575,152575,152575 (1994 GY),Y,N,AMO,.260077,.5276798918921359,2.678330904804092,1.265029542505702,12.3499557568694,1601.012695548961,17.07,,,0,11485,448
20152637,152637,152637 (1997 NC1),Y,Y,ATE,.0167127,.2085727666698587,.8649325296359791,.6845311589470434,16.72621518981111,293.8135180587976,17.87,,,0,10637,1122
20152664,152664,152664 (1998 FW4),Y,Y,APO,.0150902,.7139285098943162,2.519806852789586,.7208449011560304,3.413340519324435,1460.996938614508,19.70,,,0,11529,997
20152667,152667,152667 (1998 FR11),Y,N,APO,.0656161,.7077326296692875,2.806314581768268,.8201941831341449,6.682095853336361,1717.129131553234,16.41,,,0,25630,393
20152671,152671,152671 (1998 HL3),Y,Y,APO,.0453998,.3659803595423455,1.129001552525116,.715809158408108,2.680074269251455,438.1675745448228,20.24,0.298,0.200,0,9399,538
20152679,152679,152679 (1998 KU2),Y,N,APO,.0602451,.5523758770254639,2.252604776366095,1.008320237429124,4.927750600590781,1234.883329495867,16.55,4.167,0.022,0,19853,2212
20152680,152680,152680 (1998 KJ9),Y,Y,APO,.00585481,.63962057609031,1.447750069934219,.5217393361681074,10.92936654146364,636.2661497074586,19.49,,,0,12844,266
20152685,152685,152685 (1998 MZ),Y,Y,APO,.00162699,.5731013468564544,1.346377849709154,.5747668906631408,.1485447294310981,570.6224630595758,19.33,,,0,9961,491
20152742,152742,152742 (1998 XE12),Y,N,ATE,.11186,.7391650374501798,.8781201166170365,.2290444277320484,13.43332955610508,300.558708899918,19.10,0.413,0.264,0,10285,565
20152754,152754,152754 (1999 GS6),Y,Y,APO,.0189012,.4973954942260526,1.190889988872374,.5985466742883413,2.019256503058494,474.6854210422559,19.22,0.414,0.216,0,9532,553
20152756,152756,152756 (1999 JV3),Y,N,APO,.0662078,.4148955713341921,1.450757580755839,.8488446854207345,15.22307244086342,638.2498181887257,18.98,,,0,17438,676
20152770,152770,152770 (1999 RR28),Y,Y,APO,.0164977,.6542665865719574,1.878589534875765,.6494911723227972,7.142919844563958,940.4728764561524,18.41,,,0,13198,721
20152787,152787,152787 (1999 TB10),Y,N,AMO,.097693,.231604928900138,1.363537685983004,1.047735637168252,15.95319977799207,581.5661832307779,18.69,,,0,9843,1179
20152828,152828,152828 (1999 VT25),Y,Y,APO,.0483374,.5230941864194426,1.162100870562969,.554212661138507,5.150232911577346,457.5769789705835,21.26,,,0,9441,171
20152889,152889,152889 (2000 CF59),Y,N,APO,.315971,.6408208633450214,1.679571177147253,.6032669253583364,41.55127731306885,795.0529377048213,16.50,1.022,0.388,0,10248,1278
20152895,152895,152895 (2000 CQ101),Y,N,AMO,.150425,.4955142677595052,2.28645181421188,1.153482317725288,2.969377363302443,1262.820160943506,18.17,,,0,25744,927
20152931,152931,152931 (2000 EA107),Y,N,ATE,.161586,.4557624596430465,.9296895316002569,.505971943973732,28.57825076163877,327.4201009361526,16.31,1.646,0.237,0,9599,2232
20152941,152941,152941 (2000 FM10),Y,N,APO,.127027,.680692415496847,1.48130204054394,.472990976485677,8.731587245766976,658.5122502362121,17.61,0.820,0.205,0,9158,782
20152942,152942,152942 (2000 FN10),Y,N,AMO,.181664,.4567219770738101,1.938376694734172,1.053077458401384,27.07047242076713,985.7248297353538,16.74,,,0,9401,678
20152952,152952,152952 (2000 GC2),Y,N,AMO,.279126,.186971748289032,1.383503513187632,1.124827442562923,55.29557313395767,594.386348586018,17.58,0.776,0.353,0,12444,1094
20152964,152964,152964 (2000 GP82),Y,N,APO,.0911977,.3934215158268277,1.396804500102621,.8472715563585134,13.22977576630638,602.9785529059834,17.80,0.788,0.342,0,11052,900
20152978,152978,152978 (2000 GJ147),Y,Y,APO,.0252679,.2367502464921518,1.162333160119728,.8871504979553808,25.00589567523207,457.7141817741543,19.57,0.531,0.109,0,9400,864
20153002,153002,153002 (2000 JG5),Y,Y,APO,.0291842,.7960261699765667,1.340622108895554,.2734518261655184,31.41869922483397,566.9672755250579,18.28,,,0,9539,438
20153195,153195,153195 (2000 WB1),Y,N,APO,.0916442,.6191326813536689,1.301407109674911,.495663436329155,41.10324687700937,542.273259812599,17.51,1.327,0.100,0,8717,395
20153201,153201,153201 (2000 WO107),Y,Y,ATE,.00280349,.7807988998084086,.9111613385642372,.1997275678653239,7.765850895402412,317.6810816643008,19.30,0.510,0.129,0,8479,1137
20153219,153219,153219 (2000 YM29),Y,N,AMO,.195383,.4355803284277044,2.089241663598906,1.179209093603651,40.33608135139663,1103.015064232711,18.54,1.289,0.035,0,7787,647
20153220,153220,153220 (2000 YN29),Y,Y,APO,.0316391,.6679632386118813,2.540504974756137,.8435410441084319,6.227063201455155,1479.03517056019,17.43,,,0,10070,206
20153243,153243,153243 (2001 AU47),Y,N,APO,.401167,.5307122340342211,1.29897406999993,.6095926393577427,35.97951981658851,540.7532640744182,17.50,,,0,8834,667
20153249,153249,153249 (2001 BW15),Y,N,APO,.0563103,.5906912246354195,2.117342131425191,.8666467148414755,41.28038160399408,1125.343186573039,15.65,3.160,0.177,0,13531,1219
20153267,153267,153267 (2001 CB32),Y,N,APO,.119161,.6136958020639515,1.781576187986461,.6882303603620726,9.674374325248243,868.5704020623142,17.80,,,0,11869,455
20153271,153271,153271 (2001 CL42),Y,N,APO,.190982,.4024776005745762,1.557126815871444,.9304181512291755,21.65228565374107,709.715683905532,17.40,2.441,0.039,0,9168,1090
20153306,153306,153306 (2001 JL1),Y,N,AMO,.507311,.5232242396364243,2.553434888639465,1.217415860569963,26.97569700978918,1490.340861540608,16.80,,,0,11585,635
20153311,153311,153311 (2001 MG1),Y,Y,APO,.0402986,.6462793520998439,2.501241968946593,.8847409298108508,28.42255414859933,1444.880692198466,17.40,,,0,13400,254
20153315,153315,153315 (2001 NH6),Y,N,APO,.0987704,.449530157364394,1.237290507245835,.6810911108181438,34.70338748702496,502.6966004668147,19.55,,,0,8272,123
20153349,153349,153349 (2001 PJ9),Y,N,APO,.0517014,.6380931249307835,1.799828915329517,.6513704584061228,10.55284565707122,881.9526388020394,18.65,,,0,8542,424
20153415,153415,153415 (2001 QP153),Y,N,ATE,.0735103,.2139379305770492,.8915110144169858,.7007829929059699,50.20658970567406,307.459910626167,17.01,,,0,10003,670
20153460,153460,153460 (2001 RN),Y,N,APO,.139648,.5810635031303421,1.414036426668716,.5923914670346808,10.0849251522653,614.1710238959389,19.71,,,0,8848,133
20153591,153591,153591 (2001 SN263),Y,Y,AMO,.047792,.4800069029237894,1.987725893560321,1.033603743531009,6.693019107708427,1023.606817296131,17.11,2,,0,13130,3689
20153792,153792,153792 (2001 VH75),Y,N,APO,.0567337,.7429086877685055,2.098428603106288,.5394877631966974,10.48292642365965,1110.298422895165,18.14,,,0,8710,99
20153814,153814,153814 (2001 WN5),Y,Y,APO,.00170699,.4673010004321669,1.711561211606221,.9117469451217423,1.919533161977705,817.8752770211805,18.28,0.932,0.097,0,11176,1024
20153842,153842,153842 (2001 XT30),Y,N,AMO,.20722,.5671089769336766,2.748735322785954,1.189902846019353,9.003182896680789,1664.55370586428,16.70,1.759,0.193,0,9456,1097
20153951,153951,153951 (2002 AC3),Y,N,AMO,.249957,.3421572918939205,1.836038177019221,1.207824326556474,15.46605149607409,908.700962032263,18.75,,,0,8648,744
20153953,153953,153953 (2002 AD9),Y,N,APO,.409465,.8088829153627838,1.773232294438565,.3388949864976603,31.01365534172746,862.475714498476,16.81,,,0,18606,368
20153957,153957,153957 (2002 AB29),Y,N,APO,.081704,.7591390093439266,2.532100848859713,.6098843188974348,46.53616566345464,1471.702152644369,17.76,,,0,8948,488
20153958,153958,153958 (2002 AM31),Y,Y,APO,.0316506,.4514134023286629,1.703369503538123,.9344456805230933,4.644604550320206,812.0106553737235,18.35,,,0,15330,834
20154007,154007,154007 (2002 BY),Y,N,AMO,.177616,.3466975214480978,1.818409393065805,1.187971363511951,2.725914289059136,895.6450417363201,18.12,,,0,14861,850
20154019,154019,154019 (2002 CZ9),Y,Y,APO,.0256281,.3600466802287649,1.325385071587078,.8481845765373867,4.971638273155808,557.328867990807,22.07,,,1,1269,69
20154020,154020,154020 (2002 CA10),Y,N,APO,.153183,.5896776756751931,1.54131926961687,.6324377052358078,12.12389881064456,698.9358852255472,19.13,,,0,9179,401
20154029,154029,154029 (2002 CY46),Y,N,APO,.0869018,.4624143033001444,1.889758950820188,1.015907382171459,44.19638526482503,948.8729003695917,16.52,1.119,0.098,0,8481,1161
20154035,154035,154035 (2002 CV59),Y,N,APO,.42625,.5320429549832519,1.2100610215111,.5662565799162821,49.05475710088916,486.1937082082063,17.35,1.098,0.149,0,8865,418
20154144,154144,154144 (2002 FA5),Y,N,AMO,.368146,.2960163254364533,1.834408251828331,1.2913934617718,23.62260628888563,907.4911948436612,17.51,,,0,8711,801
20154229,154229,154229 (2002 JN97),Y,N,APO,.157817,.7184331370299329,1.85144922527461,.5213067503089328,10.08893629154103,920.1659030547946,16.61,,,0,9545,663
20154244,154244,154244 (2002 KL6),Y,N,AMO,.0613586,.5501430826950169,2.304613169288994,1.036746175916814,3.249888547615992,1277.89592647574,17.57,,,0,11159,3943
20154268,154268,154268 (2002 RM129),Y,N,APO,.17658,.4650311381977133,1.511257224036798,.8084755570334492,14.57533347561415,678.5877441576515,18.06,,,0,8795,418
20154269,154269,154269 (2002 SM),Y,Y,APO,.0236047,.4865442672364394,1.871302995671448,.9608312508651297,14.39783948302162,935.0064270069397,17.87,,,0,8466,343
20154275,154275,154275 (2002 SR41),Y,Y,APO,.0361158,.4908391824879103,1.083607487452901,.5517304741737404,11.57530973410215,412.0087341597449,20.13,,,0,7586,489
20154276,154276,154276 (2002 SY50),Y,Y,APO,.00391761,.6889444950166206,1.705288930579216,.5304395094438852,8.740614047280387,813.3835526190929,17.61,1.060,0.143,0,8344,1168
20154278,154278,154278 (2002 TB9),Y,N,APO,.183662,.5916192871021381,1.803917219786305,.7366850002250603,29.76562677804538,884.95937267288,16.50,,,0,12908,1402
20154300,154300,154300 (2002 UO),Y,N,APO,.141611,.4725413386890788,1.209316752881813,.6378645955759111,8.293579677507521,485.7452146147463,19.37,,,0,8823,428
20154302,154302,154302 (2002 UQ3),Y,Y,APO,.0392802,.5615300353033567,1.719835586571802,.7540962489281688,28.8282727025303,823.8133461805987,17.69,,,0,8660,919
20154330,154330,154330 (2002 VX94),Y,Y,APO,.0325914,.4087553387645537,1.476683716243712,.8730813635624135,7.157334176612264,655.4350404199231,18.19,,,0,14263,614
20154347,154347,154347 (2002 XK4),Y,N,APO,.270128,.692057485577953,1.850057646305871,.5697114034291642,17.75046068599383,919.1286808106024,16.15,,,0,10241,970
20154453,154453,154453 (2003 CJ11),Y,N,APO,.344344,.8351182891468866,2.583379672723351,.4259520602217824,20.81271645761639,1516.633986360471,15.36,,,0,8179,999
20154555,154555,154555 (2003 HA),Y,N,APO,.115693,.5803628034051824,1.184510506550148,.4970646683058115,36.82266980027137,470.8762680405199,16.70,,,0,8354,1892
20154589,154589,154589 (2003 MX2),Y,N,AMO,.261977,.4592330912020538,2.288719757084662,1.237663908143459,7.182683579210775,1264.69952314133,16.62,1.109,0.395,0,9195,1608
20154590,154590,154590 (2003 MA3),Y,Y,APO,.0131205,.4021483663128078,1.105145009435072,.660712749352005,1.415997763861056,424.3530492008253,21.70,0.086,0.530,0,9980,123
20154631,154631,154631 (2003 WO25),Y,N,APO,.202531,.4915313235219199,1.55742995825536,.7919043495814144,15.89898462974909,709.9229458057094,18.21,,,0,9105,235
20154652,154652,154652 (2004 EP20),Y,N,APO,.235733,.4505165231196061,1.058458705619435,.5816055696980887,16.17629082194853,397.749191701169,18.92,,,0,5817,722
20154656,154656,154656 (2004 FE3),Y,N,APO,.152744,.646726004483769,2.311141732486343,.8164662740397545,22.94571607049031,1283.329851403934,16.36,,,0,7996,627
20154658,154658,154658 (2004 FA18),Y,N,APO,.153689,.4547699070339333,1.096620475835189,.5979104839881123,19.28447919647696,419.4526600073074,19.42,,,0,9107,209
20154715,154715,154715 (2004 LB6),Y,N,APO,.0580799,.4906913021185514,1.618436038395174,.824283551319456,4.099367466450919,752.0413798650616,18.54,,,0,8508,642
20154807,154807,154807 (2004 PP97),Y,N,APO,.14621,.3165482398705891,1.483885291954002,1.014164014616108,15.52570074120498,660.2355761458563,18.56,0.469,0.319,0,17413,1407
20154988,154988,154988 (2004 XN35),Y,N,APO,.15243,.6803075391048092,1.505454264186729,.4812823784830139,9.820771997874264,674.6830135611983,18.39,,,0,9509,396
20154991,154991,154991 Vinciguerra (2005 BX26),Y,N,AMO,.195348,.3227672033919257,1.704693734913802,1.154474505455938,5.634223456109251,812.9577478386067,18.57,,,0,13935,443
20154993,154993,154993 (2005 EA94),Y,N,APO,.0750049,.663601201329369,1.516534126154638,.5101602581814354,10.32476615194417,682.1450126323055,17.99,0.828,0.195,0,8727,559
20155110,155110,155110 (2005 TB),Y,N,APO,.111179,.3484801620374774,1.261420031968717,.8218401748309384,30.37986499738863,517.4733782592474,17.46,0.683,0.379,0,15052,1420
20155140,155140,155140 (2005 UD),Y,N,APO,.0765826,.8724332633437413,1.274737273096451,.1626140740230123,28.61185107043867,525.6896831380723,17.47,,,0,15384,795
20155334,155334,155334 (2006 DZ169),Y,N,AMO,.223579,.4095204648288427,2.03397945936527,1.201023245713686,6.614044968276619,1059.54223011406,17.24,,,0,15493,1097
20155336,155336,155336 (2006 GA1),Y,N,APO,.0721374,.7374275018240344,2.12073930812659,.5568478181147675,4.191824741660771,1128.05261362317,18.41,,,0,8354,148
20155338,155338,155338 (2006 MZ1),Y,Y,APO,.0130148,.4824665716721262,1.569369255009638,.8122010508574994,2.081571422839404,718.10200154938,20.40,,,0,1700,134
20155340,155340,155340 (2006 SK198),Y,N,AMO,.11437,.4651925226388509,2.109105284927529,1.127965276921159,9.227958142396288,1118.782892208085,16.29,,,0,8798,1113
20155341,155341,155341 (2006 SA218),Y,N,AMO,.285867,.2414023304081675,1.477467906541566,1.120803710799155,18.52257888045907,655.9572111722227,18.23,,,0,16555,1327
20159399,159399,159399 (1998 UL1),Y,N,AMO,.195909,.2139413464688046,1.526925709165918,1.200253166989127,41.96796802514213,689.1682925155337,16.50,,,0,10215,2496
20159402,159402,159402 (1999 AP10),Y,N,AMO,.0764065,.5717120863686029,2.379787898708209,1.019234394022985,7.571410797265652,1340.929065718333,16.61,,,0,9979,2112
20159454,159454,159454 (2000 DJ8),Y,N,AMO,.246479,.2526751233020658,1.411129770548863,1.054572381780213,37.75025710692071,612.2782866692919,18.04,0.577,0.367,0,9180,912
20159459,159459,159459 (2000 KB),Y,N,APO,.531488,.7988920111945179,2.336218599607339,.4698322239769918,56.16551073509531,1304.273416611445,16.30,1.769,0.187,0,9453,450
20159467,159467,159467 (2000 QK25),Y,N,AMO,.314641,.2828302150243363,1.809233320460308,1.297527471405325,6.138342977987806,888.8741843409641,18.33,,,0,9388,714
20159495,159495,159495 (2000 UV16),Y,N,AMO,.206028,.4823147654323759,2.350123476998529,1.216624223452863,4.062964695826302,1315.935031245503,17.46,,,0,13348,421
20159504,159504,159504 (2000 WO67),Y,Y,APO,.0495539,.6170325707768451,2.433707676386756,.9320307723064934,9.689788408394108,1386.759165068617,16.96,2.324,0.052,0,9302,756
20159518,159518,159518 (2001 FF7),Y,N,AMO,.340703,.445231769298609,2.104317094395563,1.167408271292519,47.47172548676156,1114.975184640677,18.01,1.784,0.038,0,8771,281
20159533,159533,159533 (2001 HH31),Y,N,AMO,.29054,.2890968680416264,1.654341024472505,1.176076215624728,12.85051451967088,777.205716373286,17.66,,,0,10372,900
20159555,159555,159555 (2001 SJ276),Y,N,AMO,.349945,.2300185378519847,1.630358645538658,1.255345933717514,29.43811144731824,760.3668125033213,18.69,,,0,9005,214
20159560,159560,159560 (2001 TO103),Y,N,AMO,.472877,.4351554263084718,2.213588194791615,1.250333280215669,25.69495238571033,1202.939184749288,17.14,1.156,0.209,0,8891,667
20159608,159608,159608 (2002 AC2),Y,N,AMO,.101443,.3519619899193582,1.674121467530697,1.084894344451876,58.87943156514303,791.186512338882,16.59,,,0,8767,681
20159609,159609,159609 (2002 AQ3),Y,N,AMO,.313846,.4624736058338377,2.111653249296507,1.135069356823611,40.00854192739224,1120.810870424118,17.23,,,0,8575,468
20159635,159635,159635 (2002 CZ46),Y,N,AMO,.261316,.3241979650378097,1.703368575131937,1.15113994936481,16.23879267681193,812.0099915051875,18.16,,,0,8555,731
20159677,159677,159677 (2002 HQ11),Y,N,APO,.0558072,.5951080467632222,1.851106473279154,.7494981156152398,6.065863372184227,919.9103944796913,19.45,,,0,9060,153
20159686,159686,159686 (2002 LB6),Y,N,APO,.283072,.6879173785747035,1.803865158839148,.5629549674682803,24.72865250378345,884.9210631344303,16.34,1.845,0.162,0,10612,934
20159699,159699,159699 (2002 PQ142),Y,N,APO,.215275,.7159520359038682,1.696858516292314,.4819892069120147,16.81469578123993,807.3593432101442,17.60,,,0,8767,425
20159856,159856,159856 (2004 JW6),Y,N,AMO,.137857,.4658132112098775,2.154309378935079,1.150803609193773,9.7557760884076,1154.942957874401,17.98,,,0,15983,567
20159857,159857,159857 (2004 LJ1),Y,Y,APO,.0148973,.5935571636815873,2.262045735694703,.9193922846977255,23.15182986183645,1242.654792857049,15.46,3.070,0.130,0,11390,3315
20159923,159923,159923 (2004 YJ32),Y,N,AMO,.219307,.5250677624527785,2.521003401874427,1.197305786516379,7.527639565468096,1462.037710090239,16.45,,,0,10661,462
20159928,159928,159928 (2005 CV69),Y,N,APO,.218787,.4192059762198785,1.654507186592971,.96092788627446,27.75499422903957,777.32281320278,18.00,,,0,13852,1251
20159929,159929,159929 (2005 UK),Y,N,AMO,.127228,.4078238243897751,1.886579257030326,1.117187289413798,54.41948237152094,946.4790587396933,17.72,2.620,0.026,0,18100,367
20161989,161989,161989 Cacus (1978 CA),Y,Y,APO,.0146207,.2138661445274499,1.122678570459829,.8825756330519963,26.06566728817256,434.4917917351522,17.31,1.9,0.09,0,16425,1798
20161995,161995,161995 (1983 LB),Y,N,AMO,.248848,.4781279913192075,2.289059835342266,1.194596254260593,25.24135095513967,1264.981414001097,17.27,,,0,15537,483
20161998,161998,161998 (1988 PA),Y,N,AMO,.27826,.4062960128066093,2.146789631811011,1.274557564071628,8.227390653469712,1148.901140564738,17.59,,,0,13915,503
20161999,161999,161999 (1989 RC),Y,N,AMO,.113491,.513578609270568,2.316879079890739,1.12697954419238,7.394231858832979,1288.111563894138,18.80,0.458,0.211,0,12719,156
20162000,162000,162000 (1990 OS),Y,Y,APO,.00898381,.4625402833829411,1.678165401050509,.9019463008851596,1.091380571016106,794.0549753702985,19.64,0.4,,0,13001,427
20162004,162004,162004 (1991 VE),Y,N,ATE,.0574681,.6646220635992905,.8907810587174375,.2987483132574934,7.216357907607097,307.0823726644792,18.28,,,0,25965,1890
20162011,162011,162011 Konnohmaru (1994 AB1),Y,N,AMO,.154351,.5968482429331501,2.834502247571415,1.142734561518351,4.550170671099183,1743.06521224787,16.60,,,0,10714,514
20162015,162015,162015 (1994 TF2),Y,N,ATE,.254616,.2840953369246639,.9934382284329603,.7112070602124572,23.75240566808528,361.6677038515011,19.25,,,1,3301,147
20162038,162038,162038 (1996 DH),Y,N,AMO,.134121,.2767311159655202,1.586726533649496,1.147629929260569,17.23599355450913,730.0482313305997,16.69,1.959,0.105,0,11017,1971
20162039,162039,162039 (1996 JG),Y,Y,APO,.0123859,.6606477558109155,1.80248197777187,.6116763042672636,5.279635616171089,883.9034387961029,18.91,,,0,10849,787
20162058,162058,162058 (1997 AE12),Y,N,AMO,.0870975,.5545467863074831,2.367214076643098,1.054483117938832,4.850776759312546,1330.315737925854,18.00,0.847,0.186,0,12246,887
20162063,162063,162063 (1997 EH29),Y,N,APO,.151027,.6664139787294441,1.214106212849991,.4050088609444911,13.01207000861841,488.6337372467511,18.96,,,0,10253,286
20162080,162080,162080 (1998 DG16),Y,N,ATE,.188182,.3582167514327131,.8966837463936406,.5754766076979958,16.20628151337795,310.1397077823287,19.91,0.777,0.035,0,16470,723
20162082,162082,162082 (1998 HL1),Y,Y,APO,.0409478,.1870612003261032,1.246329349308348,1.013189485225077,20.052306495568,508.2152117944061,19.12,,,0,10372,2130
20162116,162116,162116 (1998 SA15),Y,Y,APO,.0469649,.5584448956602491,1.91589088659445,.8459714003337903,7.112353217274874,968.6225697590337,19.54,0.538,0.116,0,8971,91
20162117,162117,162117 (1998 SD15),Y,N,ATE,.110316,.3447590616291832,.9326482042618184,.6111092845303711,26.79810123079691,328.9843315557471,19.04,,,0,10222,798
20162120,162120,162120 (1998 SH36),Y,Y,APO,.0120605,.5709863443970986,1.087804626213263,.4666830392734995,2.13266818950618,414.4048018125588,20.64,,,0,10132,280
20162142,162142,162142 (1998 VR),Y,N,ATE,.150622,.3178149617728093,.8753347738778811,.5971402861794716,21.80792345661528,299.1298130185458,18.78,0.462,0.250,0,9902,773
20162149,162149,162149 (1998 YQ11),Y,N,AMO,.229077,.3966412418661437,1.874152665924456,1.130786425065435,11.93058548105061,937.143019099196,17.51,,,0,9709,2289
20162157,162157,162157 (1999 CV8),Y,N,APO,.0568075,.3514786135135287,1.296965143882573,.841109633335352,15.26695092347064,539.4992976690222,19.95,,,0,10041,162
20162161,162161,162161 (1999 DK3),Y,N,AMO,.44807,.4424574015450031,2.116046501586079,1.179786064945908,43.15443453484753,1124.310425886429,17.68,,,0,7688,168
20162162,162162,162162 (1999 DB7),Y,Y,APO,.0019999,.1948999858613423,1.20569579619272,.9707057025616794,10.84027724352103,483.565208692128,19.99,,,0,9047,299
20162168,162168,162168 (1999 GT6),Y,N,AMO,.117284,.6012673995211896,2.778163607004158,1.10774439957636,4.029141582635537,1691.356488122463,17.35,,,0,9774,827
20162173,162173,162173 Ryugu (1999 JU3),Y,Y,APO,.000538502,.1910730046480051,1.190918932702464,.9633664739388087,5.866442486408568,474.7027265420688,19.55,0.896,0.045,0,14345,5124
20162181,162181,162181 (1999 LF6),Y,N,APO,.063671,.2805675203968097,1.40964721698894,1.014145992684089,18.94277392136631,611.3136373747333,18.20,0.729,0.175,0,16459,1914
20162183,162183,162183 (1999 NB5),Y,Y,APO,.0130453,.5348491063928832,2.073004854849738,.9642600606852473,1.431716076393628,1090.181745304556,21.25,,,0,6765,188
20162186,162186,162186 (1999 OP3),Y,N,AMO,.373819,.6115521638898335,2.708297902422414,1.05203245973769,27.59391265135558,1627.957552732687,15.03,,,0,13202,1698
20162195,162195,162195 (1999 RK45),Y,N,APO,.087847,.7730933056636438,1.597926946122877,.3625803211357309,5.893915409824399,737.7917718067864,19.50,,,0,9487,175
20162196,162196,162196 (1999 RL45),Y,N,AMO,.240693,.3748092114288376,1.826410146302105,1.141854799620985,22.43030622987654,901.5626129365272,18.79,,,0,9324,250
20162210,162210,162210 (1999 SM5),Y,N,APO,.0543551,.69796046423995,2.30244270774983,.6954287265628714,5.316527257439867,1276.09108726167,19.30,,,0,7745,404
20162214,162214,162214 (1999 TC10),Y,N,APO,.118848,.5857993826101178,2.323812386433982,.9625245251592112,19.15479921433438,1293.897936521251,18.86,,,0,9331,104
20162215,162215,162215 (1999 TL12),Y,N,APO,.256501,.4365340085952645,1.08164729474179,.609471465281933,17.3374094367283,410.8912845544409,19.17,,,0,10184,399
20162269,162269,162269 (1999 VO6),Y,N,APO,.0772065,.7378535761275226,1.135373713777232,.297634158825515,40.13491467825177,441.8823751140337,16.97,1.010,0.274,0,11728,933
20162273,162273,162273 (1999 VL12),Y,N,AMO,.247535,.2362144650038899,1.593809071894123,1.217328314658306,20.18162278037575,734.9416644564158,17.27,,,0,11789,2499
20162361,162361,162361 (2000 AF6),Y,Y,ATE,.0224318,.4108923543733871,.8749382215889373,.5154327957889946,2.714836229400798,298.9265641932119,20.24,,,0,11715,506
20162385,162385,162385 (2000 BM19),Y,N,ATE,.0833622,.358745198691873,.7405347131047568,.4748714403137617,6.878309476416696,232.7644002728524,18.59,0.812,0.115,0,9546,334
20162416,162416,162416 (2000 EH26),Y,Y,APO,.00104233,.4781380724151297,1.853938373875616,.9674998534142887,.4023970766653652,922.0221781002916,21.67,,,0,1944,59
20162421,162421,162421 (2000 ET70),Y,Y,ATE,.0303417,.1238510400373357,.9466308218466468,.8293896100295418,22.32418716140079,336.4103803731306,18.11,,,0,17851,743
20162422,162422,162422 (2000 EV70),Y,Y,APO,.0118803,.5310192835738462,1.20711876573266,.5661154235647573,1.400299169892733,484.4215211417491,20.60,,,0,8820,249
20162433,162433,162433 (2000 FK10),Y,N,APO,.0661853,.4816442858422869,1.359047268335241,.7044699173520028,13.93653334809603,578.6957192937961,19.36,,,0,9047,260
20162452,162452,162452 (2000 HO14),Y,N,AMO,.254796,.4453552101212603,2.265169037409788,1.256364204793979,5.446512493672356,1245.229359678705,18.50,,,0,15174,272
20162463,162463,162463 (2000 JH5),Y,N,APO,.110744,.2381224017661016,1.145608658391086,.8728135731709589,22.21313096159771,447.8709127746346,17.97,1.048,0.084,0,9643,3390
20162470,162470,162470 (2000 KX43),Y,N,APO,.26925,.553088960460414,1.112697913923155,.4972769814049261,35.2650301337783,428.7107144300016,19.24,,,0,9518,101
20162472,162472,162472 (2000 LL),Y,N,AMO,.168663,.1183892182040401,1.258684167876545,1.109669533275838,31.85780804674256,515.7907877488029,19.22,,,0,9007,620
20162474,162474,162474 (2000 LB16),Y,Y,APO,.00413681,.3573524464471768,1.240721215687074,.7973464539023831,50.71311952356559,504.7888339246748,18.62,,,0,9502,282
20162483,162483,162483 (2000 PJ5),Y,N,ATE,.175407,.3737275691927143,.8727458114686114,.5465766408253244,51.18085186174229,297.8036982312946,17.53,0.906,0.236,0,9505,880
20162510,162510,162510 (2000 QW69),Y,Y,APO,.0248,.3023013675637394,1.376205540452345,.9601767235248064,38.14571669713997,589.6894795883915,17.60,1.406,0.089,0,9515,1776
20162566,162566,162566 (2000 RJ34),Y,N,AMO,.164702,.5761529923545561,2.624947005774489,1.112575933625385,14.2899029936102,1553.38546397635,15.73,4.299,0.071,0,9509,1196
20162567,162567,162567 (2000 RW37),Y,Y,APO,.00774524,.2501348182496948,1.247401098179379,.9353826512018102,13.74721834733223,508.8708926046571,19.97,0.335,0.173,0,9145,255
20162581,162581,162581 (2000 SA10),Y,N,AMO,.211518,.3516753764762587,1.667250838697636,1.080919772318287,15.89015789192985,786.3209444839151,18.66,,,0,14351,449
20162635,162635,162635 (2000 SS164),Y,N,AMO,.282517,.5154425088129773,2.569518964056538,1.245079662780714,7.881334859837775,1504.444489151645,16.74,,,0,9397,1203
20162679,162679,162679 (2000 TK1),Y,N,APO,.410962,.5716181743741426,1.199547501889624,.5138643487844139,29.2330766620539,479.87110804013,18.06,,,0,10658,561
20162687,162687,162687 (2000 UH1),Y,Y,APO,.0346673,.5438240189100425,1.874979598731122,.8553206579748245,14.77223532696868,937.7633312526459,18.75,,,0,8630,431
20162694,162694,162694 (2000 UH11),Y,N,ATE,.223814,.4223804452001115,.8702764363309394,.5026886877063108,32.22395916033275,296.5406696213714,19.74,,,0,8058,215
20162695,162695,162695 (2000 UL11),Y,Y,APO,.023062,.6356139961810668,2.123376057584715,.7737285162280951,2.186928654968776,1130.157056476374,20.20,,,1,1295,154
20162698,162698,162698 (2000 UN30),Y,N,AMO,.335536,.4875999149716413,2.119892014858984,1.086232848664682,20.67949698048412,1127.376649414261,18.43,,,0,9189,136
20162723,162723,162723 (2000 VM2),Y,N,APO,.109513,.6816189543470064,1.77419931226387,.5648714322353929,6.387341170032951,863.1813268623079,17.72,,,0,12011,997
20162740,162740,162740 (2000 WF6),Y,N,AMO,.259113,.5032433946046503,2.458922834180404,1.22148616003657,39.21610680190734,1408.36679371504,18.44,,,0,8441,114
20162741,162741,162741 (2000 WG6),Y,N,AMO,.189175,.4995251031125554,2.318270942806221,1.160236411058102,11.84612318281535,1289.272485911397,17.45,3.945,0.014,0,11757,259
20162781,162781,162781 (2000 XL44),Y,N,AMO,.294691,.4261190987372994,2.226112567101044,1.277523486320171,10.03219414693259,1213.162867467405,17.96,,,0,13025,679
20162783,162783,162783 (2000 YJ11),Y,Y,APO,.0296986,.2322675920230955,1.313703425405876,1.008572694154361,7.264031596296319,549.9768703601798,20.91,,,0,8740,139
20162825,162825,162825 (2001 BO61),Y,Y,APO,.0162558,.744142237969198,1.773254902814083,.4537010309441586,9.067726920659815,862.4922091537808,17.97,,,0,8023,454
20162854,162854,162854 (2001 DE47),Y,N,AMO,.212634,.14917460379879,1.322910181439243,1.125565579261659,21.26842163999715,555.7685475421907,19.14,,,0,8533,255
20162873,162873,162873 (2001 FB7),Y,N,AMO,.288018,.08634336934512278,1.400543821759499,1.279616149273289,20.19341139763053,605.4014822758166,19.27,,,0,9212,204
20162882,162882,162882 (2001 FD58),Y,Y,APO,.0326081,.5751512978953113,1.092703993149723,.4642338732742706,6.505100220623752,417.2076105818613,18.79,,,0,9500,956
20162900,162900,162900 (2001 HG31),Y,N,AMO,.238045,.5355703898298788,2.576350158901133,1.196533299960183,6.157898381972452,1510.44793637679,15.98,,,0,9241,1346
20162903,162903,162903 (2001 JV2),Y,N,APO,.0874568,.2373056834699954,1.3045339154385,.9949606030255773,47.49081503788698,544.2287599794972,18.66,1.086,0.060,0,8982,200
20162911,162911,162911 (2001 LL5),Y,N,APO,.100691,.3394011340113361,1.20403473223661,.795383978726469,7.951160110766501,482.5662551899435,19.32,,,0,8813,392
20162913,162913,162913 (2001 MT18),Y,N,APO,.146208,.5195467599643435,1.270786174909731,.6105533351278988,8.650703589910174,523.2474843146053,18.48,,,0,12374,919
20162922,162922,162922 (2001 OY13),Y,Y,APO,.0137245,.3818585883835464,1.318444608944755,.8149852117112142,10.30168037896181,552.9568723402007,20.91,,,0,2215,164
20162926,162926,162926 (2001 OB36),Y,N,AMO,.419523,.6173539164271328,2.94464331548892,1.126756232190858,42.66148721093727,1845.642028316503,17.12,,,1,2022,59
20162979,162979,162979 (2001 RA12),Y,Y,APO,.0194391,.5429831550871952,2.038534888429274,.9316447829546233,17.09823525386609,1063.103749111698,18.29,,,0,8417,167
20162980,162980,162980 (2001 RR17),Y,N,APO,.1975,.488703931312764,1.553467753882546,.7942819553925365,30.39899601109477,707.2155335067803,16.77,0.790,0.658,0,18201,1283
20162998,162998,162998 (2001 SK162),Y,Y,APO,.0285838,.4745003397377742,1.925861288277657,1.012039452702081,1.679785123090803,976.1935461943959,18.15,0.875,0.161,0,11912,1613
20163000,163000,163000 (2001 SW169),Y,N,AMO,.179683,.05152850031459745,1.248342367006485,1.184017156955466,3.553278303101241,509.4469799466136,19.26,,,0,10388,1878
20163001,163001,163001 (2001 SE170),Y,N,AMO,.26437,.4532872493171452,2.123598756149708,1.160998517321296,19.97665037060585,1130.334856555271,18.41,,,0,5315,342
20163014,163014,163014 (2001 UA5),Y,Y,APO,.031256,.4456396196515993,1.787059229231578,.9906748340219373,9.937218543949816,872.5831996048405,17.75,,,0,13211,1270
20163015,163015,163015 (2001 UX16),Y,N,APO,.063118,.3682868052061278,1.416869553840509,.8950551924627561,10.61705701093543,616.0177541421979,22.07,,,0,2006,34
20163023,163023,163023 (2001 XU1),Y,N,ATE,.0560218,.5464493857466834,.797369510853208,.361647431434339,27.14799021602589,260.0685672253551,19.52,,,0,8428,383
20163026,163026,163026 (2001 XR30),Y,Y,APO,.0218181,.3651813829058977,1.2971325022058,.8234438612380988,11.86245861604356,539.6037252370027,21.23,,,0,7980,72
20163051,163051,163051 (2001 YJ4),Y,Y,APO,.0326771,.5664273129104104,2.274928837249965,.9863470089040632,9.280643350669425,1253.285891432681,16.33,,,0,17755,2175
20163067,163067,163067 (2002 AP3),Y,Y,APO,.0123037,.585936164710503,2.045520964112717,.8469762555655809,7.605978426125001,1068.573326327256,19.99,,,1,1108,68
20163070,163070,163070 (2002 AO7),Y,N,AMO,.188538,.6358843763313626,2.908761583445462,1.059125538059618,14.5372065468848,1812.010106084761,18.40,,,0,7483,174
20163081,163081,163081 (2002 AG29),Y,N,APO,.0766752,.2032650582352644,1.086731234496668,.8658367468306224,11.49966080063175,413.7915819545712,18.57,,,0,14885,827
20163132,163132,163132 (2002 CU11),Y,Y,APO,.000853014,.2951297617299277,1.219723065976169,.8597464881381254,48.78219720018848,492.0285256906765,18.61,0.460,0.408,0,8765,516
20163191,163191,163191 (2002 EQ9),Y,N,APO,.0625221,.4652001144579749,1.834735023798609,.9812160807274406,16.28791848303323,907.7336893030092,19.43,,,0,8000,432
20163243,163243,163243 (2002 FB3),Y,Y,ATE,.00314578,.6016359830510951,.7615815948590861,.303386703362419,20.28450540275565,242.757740584676,16.42,1.682,0.172,0,8856,1995
20163249,163249,163249 (2002 GT),Y,Y,APO,.0160661,.3347323652199401,1.344244150408531,.8942821265092147,6.970352861784591,569.2665425308243,18.70,,,0,8367,1636
20163250,163250,163250 (2002 GH1),Y,N,AMO,.261215,.5351605942999084,2.69115357867957,1.250954230161086,35.23705452780311,1612.523865809336,15.47,,,0,13652,1321
20163252,163252,163252 (2002 GD11),Y,N,AMO,.180184,.4418151720940781,2.130431718554681,1.189174662186762,8.997683619625297,1135.794747534907,17.92,,,0,9651,385
20163295,163295,163295 (2002 HW),Y,N,APO,.0524816,.6451390040860352,2.462244481264041,.8737545288050212,5.813964988900057,1411.22150527193,19.49,,,0,2775,212
20163335,163335,163335 (2002 LJ),Y,N,APO,.501793,.6666615139168052,1.328001370252262,.4426739662762973,56.31795548323576,558.9799256604944,17.19,,,0,8428,387
20163348,163348,163348 (2002 NN4),Y,Y,ATE,.00685754,.4345768903161076,.8757930785090566,.4951936458902201,5.419501786861168,299.3647697329909,20.05,0.735,0.030,0,8435,790
20163364,163364,163364 (2002 OD20),Y,Y,APO,.0263082,.3689039674868671,1.365212588671853,.8615802482477903,4.192598189060924,582.6380632053252,18.91,,,0,9066,681
20163373,163373,163373 (2002 PZ39),Y,Y,APO,.00259401,.5463307939477294,1.468980224131847,.6664310919883814,1.66693572369708,650.3128725723847,19.03,,,0,10636,1171
20163412,163412,163412 (2002 RV25),Y,N,AMO,.146694,.4509542081351092,1.907472288377663,1.047289633032649,34.47809176317807,962.2452651724589,17.36,,,0,10778,663
20163454,163454,163454 (2002 RN129),Y,N,APO,.236408,.3699668161067807,1.16218586337015,.7322156597747854,23.12022069516113,457.627178738965,19.11,0.712,0.096,0,7488,257
20163667,163667,163667 (2002 WC1),Y,N,AMO,.14742,.5717602888761563,2.582065939255331,1.105743171929419,4.640015739224152,1515.477246110919,19.88,,,0,3003,55
20163679,163679,163679 (2002 XG84),Y,N,APO,.0719297,.4714145831838703,1.495055177974407,.7902643644127151,5.058281646947002,667.7044321657448,19.29,,,0,8313,275
20163683,163683,163683 (2002 YP2),Y,Y,APO,.0201792,.6882917760432754,1.577084752492075,.4915902872285353,20.62549318190193,723.4041173311361,19.04,,,0,8535,274
20163691,163691,163691 (2003 BB43),Y,N,AMO,.354796,.5217488542536605,2.417768306928332,1.156300462937662,40.7975605016004,1373.157797637797,17.09,3.449,0.021,0,13966,450
20163692,163692,163692 (2003 CY18),Y,N,APO,.0921333,.4108203944756518,1.526007141321908,.8990922855513799,7.207516761368059,688.5465013451585,18.27,,,0,7999,1450
20163693,163693,163693 Atira (2003 CP20),Y,N,IEO,.207318,.3221621429651009,.7409583303816879,.5022496068180801,25.61888842246143,232.9641555029559,16.41,,,0,8476,1080
20163694,163694,163694 (2003 DP13),Y,N,AMO,.262961,.5434335913465544,2.640289890825143,1.205467673258033,9.817617925317252,1567.024715041115,17.50,0.832,0.276,0,14391,565
20163696,163696,163696 (2003 EB50),Y,N,APO,.0529468,.5190594773719625,1.570926743166245,.7555223288687349,29.49903803253813,719.1712650180233,16.53,,,0,8427,4355
20163697,163697,163697 (2003 EF54),Y,Y,APO,.0422038,.4730826770629171,1.608803164487909,.8477062565646765,2.953896619883175,745.3371950104159,20.08,,,0,4328,224
20163732,163732,163732 (2003 KP2),Y,N,APO,.157535,.6962419486386592,2.752387352006753,.836059818637172,44.61041118253726,1667.872150595074,15.49,,,0,26679,930
20163758,163758,163758 (2003 OS13),Y,N,APO,.0903682,.7413308042987102,1.296024061169814,.3352415015123149,41.52599282362659,538.9122101661587,17.42,,,0,7639,389
20163760,163760,163760 (2003 OR14),Y,N,AMO,.278654,.5040931058153788,2.51223666419054,1.245835481595464,13.06326649669688,1454.418034743935,16.68,2.343,0.074,0,15594,990
20163818,163818,163818 (2003 RX7),Y,Y,APO,.0267462,.3545467137588243,1.229427086281757,.7935377530344734,10.38840935317894,497.9119992552958,18.46,0.386,0.516,0,8403,971
20163899,163899,163899 (2003 SD220),Y,Y,ATE,.0179894,.2094483846218542,.8278976775931405,.6544958463890725,8.548034550375521,275.1461392621697,17.56,0.791,0.340,0,9153,1935
20163902,163902,163902 (2003 SW222),Y,N,AMO,.270458,.2479039956568991,1.660869699113331,1.249133464437664,16.11140972438657,781.8109876009581,17.21,,,0,8298,2765
20164120,164120,164120 (2003 YK),Y,N,APO,.0837069,.4080522151058931,1.512160072234848,.895119805164731,11.02862522564454,679.1959330283644,19.07,,,0,8808,306
20164121,164121,164121 (2003 YT1),Y,Y,APO,.00303813,.2920960046659441,1.109906933210648,.7857075524687869,44.05782197033246,427.0987233905471,16.15,1.717,0.198,0,15580,2597
20164184,164184,164184 (2004 BF68),Y,N,APO,.054499,.4533141852762411,1.627131576274282,.8895297514382599,4.603775011490131,758.1103687217392,19.46,,,0,7940,232
20164201,164201,164201 (2004 EC),Y,N,APO,.41239,.8600466106045083,1.996941150782807,.2794786824753875,34.57540581579676,1030.733346551668,15.73,,,0,8172,1193
20164202,164202,164202 (2004 EW),Y,Y,ATE,.023579,.2789092468873,.9878826429391402,.7123530389839491,4.668263514664645,358.6381282936891,20.91,,,0,4823,427
20164206,164206,164206 (2004 FN18),Y,N,APO,.111783,.4096462390039806,1.700620461504083,1.003967685475722,18.27240120574297,810.0457113076684,17.68,1.138,0.124,0,26155,1598
20164207,164207,164207 Cardea (2004 GU9),Y,Y,APO,.00161874,.1359505998606398,1.001148076833024,.8650413952382482,13.65196847672156,365.8860933065497,21.19,0.163,0.219,0,9082,363
20164211,164211,164211 (2004 JA27),Y,Y,APO,.032652,.4232789862887651,1.666323048846064,.9610035179008974,2.257889961642998,785.6646793264367,19.50,,,0,7595,482
20164214,164214,164214 (2004 LZ11),Y,N,AMO,.291225,.3926545147457088,2.11961478849523,1.287338472270807,5.46190258405661,1127.155509628327,19.27,,,0,6433,106
20164215,164215,164215 Doloreshill (2004 MF6),Y,N,AMO,.277832,.396375161749811,2.114829344355965,1.276563520913623,4.879135445832249,1123.34050455594,20.01,,,0,3134,208
20164216,164216,164216 (2004 OT11),Y,Y,APO,.0204111,.5656677086636295,2.150580331444716,.9340664830593147,20.05614695256501,1151.94549644439,17.23,,,0,8087,1368
20164217,164217,164217 (2004 PT42),Y,N,AMO,.161479,.4164266298774251,2.012069930288238,1.174190430140602,48.95065850883839,1042.468721014797,17.16,,,0,9526,1120
20164221,164221,164221 (2004 QE20),Y,N,AMO,.219426,.2054724829038255,1.505215172959663,1.19593487406713,6.482548225796243,674.5222935826342,20.43,,,0,8770,204
20164222,164222,164222 (2004 RN9),Y,N,APO,.0936995,.2469567856007827,1.304152359839802,.9820830851200889,16.10962168810395,543.9900099439873,20.85,,,0,7902,258
20164294,164294,164294 (2004 XZ130),Y,N,IEO,.0954282,.4544349306859117,.6175657358852686,.3369222935042526,2.952704648466686,177.2650898859372,20.45,,,1,3564,72
20164341,164341,164341 (2005 CO),Y,N,AMO,.256116,.2541366944646808,1.626874935732875,1.213426317258282,13.01027840537764,757.931015509384,20.59,,,0,8444,97
20164342,164342,164342 (2005 CP),Y,N,APO,.177113,.3610635946200159,1.569982362530429,1.003118887225168,19.16756729484782,718.5228554060021,20.99,,,1,1612,86
20164400,164400,164400 (2005 GN59),Y,Y,APO,.0499018,.4679085747201063,1.656605167008947,.8814654044398267,6.622992875544553,778.8017958193948,17.36,,,0,17430,2106
20168044,168044,168044 (2005 SG),Y,N,ATE,.201553,.2832782650575404,.9812571063566041,.7032882956925229,34.83190938289446,355.0362103983563,19.09,,,1,1482,347
20168318,168318,168318 (1989 DA),Y,Y,APO,.0447928,.5419863881782881,2.161949363520231,.9902022365615519,6.493781421769385,1161.092189459304,19.03,0.9,,0,12884,1040
20168378,168378,168378 (1997 ET30),Y,N,AMO,.204929,.4494949945361123,2.136680592534365,1.176253361267713,6.811938336444104,1140.795593210029,16.91,0.841,0.509,0,13370,1330
20168791,168791,168791 (2000 SQ43),Y,N,AMO,.133561,.5052865921099233,2.297593692913257,1.136650405767863,5.19820588085831,1272.061980130976,18.85,,,0,16396,99
20169352,169352,169352 (2001 UY16),Y,N,APO,.120399,.5196673034131548,2.082862687067387,1.0004670510992,32.28238959089473,1097.967251540517,19.37,0.316,0.405,0,8953,294
20169675,169675,169675 (2002 JM97),Y,N,AMO,.284443,.5469002759388553,2.724464457597199,1.234454093951687,12.60619141523313,1642.555855644297,16.67,,,0,18485,1237
20170013,170013,170013 (2002 UO3),Y,N,APO,.308743,.8000549277327292,2.945880049489945,.5890141993859782,25.42962223955328,1846.80488964909,17.77,,,0,5491,130
20170086,170086,170086 (2002 XR14),Y,Y,APO,.0114765,.6261117400706584,1.904656222242697,.7121286006979155,2.13278887254434,960.1151587857743,18.14,,,0,8364,492
20170502,170502,170502 (2003 WM7),Y,N,APO,.0730182,.8820728863967697,2.469226381980704,.2911887400599317,10.52560504602246,1417.228213769714,17.36,,,0,5802,543
20170891,170891,170891 (2004 TY16),Y,N,AMO,.190626,.4054424310356702,1.982405615205906,1.178654263278061,8.153162561829443,1019.499942556797,16.97,,,0,9140,1580
20170903,170903,170903 (2004 WS2),Y,Y,APO,.0300276,.6030515667142504,1.336182640933314,.5303956059020941,8.266784932718187,564.1533414946476,18.20,,,0,8415,1566
20171486,171486,171486 (1996 MO),Y,N,APO,.0676274,.5122659060447867,1.79422111640475,.8751028105649818,6.087941956398881,877.8339485078891,18.41,,,0,11044,334
20171576,171576,171576 (1999 VP11),Y,Y,APO,.00265706,.58356799885959,1.08578283656507,.452154719434703,17.27392060222601,413.2500219518148,18.68,,,0,9570,603
20171819,171819,171819 (2001 FZ6),Y,N,AMO,.280119,.166504307840989,1.495877606375087,1.246807540910768,9.949497699694325,668.2554632678015,18.38,,,0,9049,1040
20171839,171839,171839 (2001 JM1),Y,Y,APO,.0465394,.3106743280774533,1.460624621714462,1.006846048789937,17.07665146412803,644.7722721546954,19.23,,,0,9258,604
20172034,172034,172034 (2001 WR1),Y,N,AMO,.0749149,.2024914049598266,1.277206644266454,1.018583276444915,25.02847144343382,527.2179408905612,17.84,0.631,0.336,0,26081,982
20172678,172678,172678 (2003 YM137),Y,Y,APO,.0155857,.7029276898778157,2.55796450066723,.7599004234237534,2.8243670848755,1494.308257872776,18.88,,,0,7921,517
20172718,172718,172718 (2004 BD85),Y,N,AMO,.389857,.2045237709977127,1.609908972525824,1.280644318501789,19.57481137418933,746.1057863688163,18.87,,,0,8744,189
20172722,172722,172722 (2004 BV102),Y,N,APO,.102927,.6994231203377098,1.543418298481812,.4639158561713442,7.216948355382256,700.3641285467987,17.66,,,0,8134,518
20172974,172974,172974 (2005 YW55),Y,N,AMO,.293122,.2465576010906376,1.636874302822999,1.233290501432051,8.473048452829321,764.9295228456774,19.40,,,0,8419,226
20173232,173232,173232 (1998 XC9),Y,N,AMO,.32989,.5334371620099474,2.742136582220811,1.279379025957285,9.609923387957267,1658.563298285594,18.28,,,0,9762,246
20173561,173561,173561 (2000 YV137),Y,Y,APO,.0187136,.3110772705335357,1.448027542877886,.9975790871820512,28.00193745523994,636.4490767582568,18.36,,,0,9419,1360
20173664,173664,173664 (2001 JU2),Y,N,AMO,.108739,.2688543866924156,1.517326199243761,1.109386394533746,4.015342763861759,682.6795003582383,19.76,,,0,8691,287
20173689,173689,173689 (2001 PK9),Y,N,AMO,.114564,.3950013580879233,1.779481118083597,1.07658365974876,10.43084075075992,867.0387409676945,18.25,0.724,0.161,0,8874,397
20174050,174050,174050 (2002 CC19),Y,N,AMO,.160137,.1134655964487312,1.284696603896354,1.138927737479595,50.06065345948102,531.8624024474462,17.58,,,0,14081,1360
20174806,174806,174806 (2003 XL),Y,N,AMO,.127142,.567310423412027,2.528592609325602,1.094095665492573,10.60398414261931,1468.644635270995,17.22,,,0,7976,333
20174881,174881,174881 (2004 BU58),Y,N,APO,.457898,.5569891128456232,1.25403278031106,.5555501745262723,57.23874851998777,512.9343225442165,18.11,,,0,9160,306
20175114,175114,175114 (2004 QQ),Y,N,APO,.0607747,.6653181747038085,2.249141033910862,.7527466265778505,5.718177322424797,1232.036176831076,16.76,,,0,10273,762
20175189,175189,175189 (2005 EC224),Y,N,AMO,.255414,.3857856041120711,2.057894993250176,1.263988730079951,2.623886798073675,1078.284202792444,18.29,,,0,8982,1249
20175706,175706,175706 (1996 FG3),Y,Y,APO,.0280945,.3501936262880359,1.054888537713788,.6854732953621132,1.972616813185401,395.7384850763099,18.31,1.196,0.072,0,14691,3126
20175729,175729,175729 (1998 BB10),Y,Y,APO,.0231348,.4244764033066843,1.271366606612605,.7317014821534623,11.53669133499942,523.6060152518279,20.44,,,0,9562,244
20175921,175921,175921 (2000 DM1),Y,N,APO,.14261,.484025637049892,1.368852175367075,.7062926291578963,20.70614845720309,584.9695401420572,18.32,1.039,0.020,0,9027,619
20177016,177016,177016 (2003 BM47),Y,N,APO,.157514,.5821642837478148,1.160100256647616,.4847313216607005,13.81151162222494,456.3958756903438,19.95,,,0,8006,156
20177049,177049,177049 (2003 EE16),Y,Y,APO,.000143622,.6141565794033405,1.41778175286834,.5470417611862483,.6522847507989123,616.6127502339162,19.80,,,0,8354,348
20177255,177255,177255 (2003 WC25),Y,N,AMO,.174357,.4862397570299051,2.293844631759466,1.178486175348391,10.2551048792048,1268.949750895161,16.79,,,0,13367,466
20177614,177614,177614 (2004 HK33),Y,Y,APO,.0087742,.520819608552853,1.889661509708515,.9054887419247332,5.436737982154077,948.7995116141086,17.57,,,0,9082,954
20177651,177651,177651 (2004 XM14),Y,N,APO,.495541,.6989655676367688,1.154307118856792,.3474861882978912,42.40225849987331,452.9815233515707,17.50,,,0,10261,926
20178601,178601,178601 (2000 CG59),Y,N,AMO,.271099,.4918964909864874,2.474350400429833,1.257226120987388,4.175773362039489,1421.641946134785,17.74,,,0,14213,216
20178871,178871,178871 (2001 MA8),Y,N,AMO,.254381,.4643896759507743,2.372113013882387,1.27052822004693,7.617048233057007,1334.447496014935,17.70,,,0,16186,360
20179806,179806,179806 (2002 TD66),Y,Y,APO,.00537392,.5347907977740932,1.85772687390543,.8642316369631726,4.926805014780827,924.8498327365712,20.46,,,0,2017,303
20180186,180186,180186 (2003 QZ30),Y,Y,APO,.0453456,.6313870372993284,2.421108856624721,.8924521086612739,8.565508955964802,1376.004649803604,17.58,,,0,14122,745
20183548,183548,183548 (2003 HU42),Y,N,AMO,.226837,.3401965419990675,1.844529644413578,1.217027037769309,10.53063777722725,915.0122028308738,17.73,,,0,8498,390
20184266,184266,184266 (2004 VW14),Y,Y,APO,.00799108,.5980213503423745,2.120637241604418,.8524508947938157,3.834029024514064,1127.971178563237,19.49,,,0,2392,584
20184990,184990,184990 (2006 KE89),Y,N,APO,.229153,.7990274889980505,1.053293904886554,.2116831208880992,45.11521847749986,394.8414912084705,16.41,2.039,0.117,0,11741,2643
20185702,185702,185702 (1998 HK3),Y,N,AMO,.488811,.3001921895731262,1.827930177590433,1.279199815192768,24.69612415328861,902.6883363725632,18.10,,,0,9830,881
20185716,185716,185716 (1998 SF35),Y,N,AMO,.413198,.2738099766422624,1.685357798170198,1.223890018819361,35.1861846404226,799.1652645613644,17.95,0.629,0.339,0,10206,1550
20185851,185851,185851 (2000 DP107),Y,Y,APO,.0143229,.3767096468877332,1.365056173659553,.8508263444983428,8.671695212805274,582.5379351408038,18.31,0.863,0.137,0,9096,2094
20185853,185853,185853 (2000 ER70),Y,N,AMO,.313936,.3108219237386328,1.85729555161828,1.280007375313081,36.91557763726718,924.5277575202525,16.92,,,0,9629,595
20186822,186822,186822 (2004 FE31),Y,N,APO,.0737871,.4526197162722007,1.57380898498402,.8614720087339126,13.05670384118653,721.1514108012547,17.80,,,0,8901,2716
20186823,186823,186823 (2004 FN32),Y,N,APO,.237587,.6768076995944793,1.204929854818724,.3894240516061535,21.96652383165457,483.1044907745485,19.11,,,0,9472,277
20186844,186844,186844 (2004 GA1),Y,Y,APO,.0188647,.6737478109642138,2.428128815534416,.7921823413289739,7.772663061852133,1381.993534551119,17.45,,,0,8660,903
20187026,187026,187026 (2005 EK70),Y,N,ATE,.0965049,.1355137867067576,.9595775119459644,.8295415296635178,30.00178639988276,343.335348643961,17.36,,,0,7799,1560
20187040,187040,187040 (2005 JS108),Y,Y,APO,.0190714,.3222036695654736,1.355425661718073,.9187025396892994,6.033143925282165,576.384087343755,19.20,0.430,0.199,0,8093,832
20188174,188174,188174 (2002 JC),Y,N,ATE,.0920393,.3906646273578361,.8189029757433983,.4989865498823805,40.85759571722338,270.6743488981004,17.48,,,0,12458,623
20188452,188452,188452 (2004 HE62),Y,N,AMO,.0976448,.5734302711880359,2.554011115669498,1.08946382899388,24.72077178802964,1490.84537203728,17.50,,,0,18487,530
20189008,189008,189008 (1996 FR3),Y,N,APO,.0878731,.7932855734861105,2.168626753641404,.4482864357016607,8.036656534613007,1166.475559503978,16.38,,,0,11720,631
20189011,189011,189011 Ogmios (1997 NJ6),Y,N,AMO,.22252,.2322177202112784,1.500230641407054,1.151850502068404,18.6982053482673,671.1745403428582,19.08,,,0,9654,251
20189040,189040,189040 (2000 MU1),Y,Y,APO,.0104667,.3823924640196496,1.372548224399667,.8476961268856834,13.09353743814807,587.3403603215021,19.87,,,0,8541,334
20189058,189058,189058 (2000 UT16),Y,N,AMO,.537914,.5117143348895311,2.571868166727693,1.255806358367074,26.20661983389513,1506.508135737831,16.65,,,0,10604,713
20189062,189062,189062 (2000 VA45),Y,N,AMO,.27267,.3878338817929931,1.927293473695172,1.179823764437671,12.8499992718578,977.2826823100094,18.39,,,0,8813,172
20189173,189173,189173 (2002 XY4),Y,N,APO,.141029,.5702391885914517,1.843947582543459,.7924564092687081,43.07582574305071,914.5791235657385,18.92,,,0,7538,457
20189263,189263,189263 (2005 CA),Y,N,AMO,.150477,.5884132510606203,2.730004478569393,1.123633667924323,16.73711354916278,1647.568447158832,15.74,,,0,17300,677
20189552,189552,189552 (2000 RL77),Y,N,AMO,.33133,.5355818143984641,2.556594846133303,1.187329139759467,30.15088541300407,1493.108234133694,16.94,,,0,9363,589
20189630,189630,189630 (2001 LE6),Y,N,APO,.126155,.6931927121667942,1.2059431947575,.3699921608644601,12.62164370593078,483.7140515541245,17.82,,,0,10278,694
20189700,189700,189700 (2001 TA45),Y,N,AMO,.218756,.1913826531122401,1.462923861254121,1.182945611386104,10.72247146242191,646.2953217531016,19.15,,,0,8516,783
20189865,189865,189865 (2003 NC),Y,Y,APO,.0374674,.8056190054707518,1.405615329327988,.273224905640331,21.5700439985884,608.6927852036901,19.48,,,0,7762,187
20189973,189973,189973 (2003 XE11),Y,N,AMO,.159028,.3769174057043783,1.844702462434845,1.149401995997425,26.95628025301274,915.1408000881607,17.57,,,0,7839,286
20190119,190119,190119 (2004 VA64),Y,N,APO,.298552,.8895316740215511,2.469874752535669,.2728429292890511,29.71059585115356,1417.786455027855,17.04,1.451,0.121,0,7297,241
20190135,190135,190135 (2005 QE30),Y,N,APO,.0782416,.6884113769359042,2.018625491951513,.6289807375192551,6.217750494639532,1047.567598044027,17.36,,,0,8696,490
20190161,190161,190161 (2005 TJ174),Y,N,AMO,.229736,.452691727793748,2.239215797222212,1.225541329074634,3.979885380509289,1223.889900079307,16.74,3.041,0.040,0,20996,1390
20190166,190166,190166 (2005 UP156),Y,N,AMO,.12726,.4715957939458557,2.114418361565101,1.117267555609112,4.207408447225673,1123.013065947384,17.26,1.045,0.234,0,8578,2906
20190208,190208,190208 (2006 AQ),Y,N,AMO,.0980455,.4861923794394192,2.053048258285712,1.054871840485826,4.087217571829436,1074.477099364371,18.20,,,0,7510,1621
20190491,190491,190491 (2000 FJ10),Y,N,APO,.0544201,.2345582366772421,1.319334228221449,1.009873518061896,5.281985590716572,553.5166274421276,21.06,,,0,6321,251
20190758,190758,190758 (2001 QH96),Y,N,AMO,.16666,.3648713998235901,1.749199488068997,1.110966622286555,13.95985254080395,845.0014208873948,18.41,,,0,11507,423
20190788,190788,190788 (2001 RT17),Y,N,APO,.161694,.7921563649565987,1.268138129889928,.2635744386534636,20.08733036262145,521.612833823531,18.36,,,0,8455,360
20191094,191094,191094 (2002 EA3),Y,N,APO,.0842727,.6403673038305353,2.116222401841672,.7610627680685408,32.14327789687446,1124.450619356421,20.16,,,0,2406,198
20192559,192559,192559 (1998 VO),Y,Y,APO,.0262701,.2266631883276823,1.074763707157121,.8311543385940088,10.06054705969703,406.9751724486445,20.43,,,0,7308,575
20192563,192563,192563 (1998 WZ6),Y,Y,APO,.0347778,.407835173751179,1.451999846620341,.8598232368872489,24.75985267522244,639.0697818555853,17.33,,,0,9718,2419
20192642,192642,192642 (1999 RD32),Y,N,APO,.0507372,.770228965032309,2.640586279918439,.6067302424583447,6.811784568219005,1567.2885849689,16.51,,,0,11283,711
20193178,193178,193178 (2000 PK5),Y,N,APO,.220456,.7013112966633457,1.934699833205177,.5778729845256957,13.12644057369007,982.921462549377,17.76,,,0,9061,303
20194006,194006,194006 (2001 SG10),Y,Y,APO,.0169879,.4245451062720764,1.44850136782225,.8335472006849048,4.256988940384892,636.7614915166877,20.46,,,0,7954,434
20194126,194126,194126 (2001 SG276),Y,N,AMO,.0841782,.2477237756164358,1.432739910487305,1.077816170385036,26.67411354323837,626.3967057163177,17.87,,,0,8851,1137
20194268,194268,194268 (2001 UY4),Y,Y,APO,.0257362,.7875133642708082,1.452564562586893,.308650557083534,5.443867665026392,639.4426413961686,18.36,1.244,0.055,0,8860,749
20194386,194386,194386 (2001 VG5),Y,N,APO,.11473,.6138145427491847,2.301286646646453,.8887234359003557,13.68656577597868,1275.130116070245,16.95,0.916,0.353,0,13961,1630
20196068,196068,196068 (2002 TW55),Y,Y,APO,.0279981,.6647150230340217,2.117551736840672,.7099832853108921,59.33211793817863,1125.510295039058,18.13,,,0,3355,145
20196256,196256,196256 (2003 EH1),Y,N,AMO,.212175,.6186585375003572,3.122961104823023,1.190914555042712,70.87465483893259,2015.803940522374,16.10,,,0,8055,147
20196625,196625,196625 (2003 RM10),Y,Y,APO,.00320765,.5922939444661196,1.846680506582271,.7529028251699657,13.74155472366854,916.6131302710704,20.29,,,0,9179,408
20197588,197588,197588 (2004 HE12),Y,Y,APO,.0101676,.466052107743838,1.84515632421538,.9852173301979296,42.72022642863897,915.4785561663663,17.12,,,0,9126,207
20198752,198752,198752 (2005 EA60),Y,N,AMO,.213693,.5236940412705572,2.510048722373012,1.19555116316749,1.761653850649185,1452.518439177466,19.93,,,0,10283,399
20198856,198856,198856 (2005 LR3),Y,N,AMO,.138814,.3352705610457509,1.653758613777633,1.099302035502163,24.99587903593455,776.7953296333211,17.07,0.742,0.389,0,7694,1387
20199003,199003,199003 (2005 WJ56),Y,Y,ATE,.0226395,.152030632762466,.9589853226603742,.8131901772463997,21.61631880443309,343.0175710697359,18.16,,,0,6940,1303
20199145,199145,199145 (2005 YY128),Y,Y,APO,.0297233,.7321107154072822,1.648720703373885,.4416746097200325,3.771642876182899,773.2484607134066,18.30,,,0,7292,611
20199801,199801,199801 (2007 AE12),Y,Y,APO,.00647565,.5694273364027674,1.684458859650543,.7252819379196912,2.285299374180502,798.5259599845087,19.36,,,0,9452,209
20200754,200754,200754 (2001 WA25),Y,N,APO,.0966954,.517055475925588,1.755956576225608,.8480296130006103,15.51077180076116,849.9024568077112,18.51,0.553,0.210,0,7728,564
20200840,200840,200840 (2001 XN254),Y,Y,AMO,.0396548,.5611728363177627,2.320249755637337,1.018188619300737,1.942988725829591,1290.923569847428,17.80,,,0,11271,729
20202411,202411,202411 (2005 RC),Y,N,APO,.193745,.7520839208738669,2.151989630323611,.5335128314699262,16.250054445184,1153.078005707827,17.77,,,0,16385,2415
20202435,202435,202435 (2005 XH8),Y,N,APO,.32414,.6914083569483036,1.322456924220112,.408099155110177,29.08240209960425,555.4829447875123,18.05,,,0,6972,353
20202683,202683,202683 (2006 US216),Y,Y,ATE,.0442128,.5623488969906724,.6370925380709611,.2788242520057682,3.442417139153251,185.738615740541,19.78,,,1,4080,89
20203015,203015,203015 (1999 YF3),Y,N,AMO,.312273,.1431715725494475,1.487004039057559,1.274107332398309,26.76204496087665,662.3181387461904,18.64,,,0,9733,339
20203217,203217,203217 (2001 FX9),Y,N,AMO,.316659,.3304735799568441,1.932970341572408,1.29417471284257,3.500704830713631,981.6037585458158,18.75,,,0,8905,577
20203471,203471,203471 (2002 AU4),Y,N,ATE,.0885004,.3736146143444075,.8553616951877109,.5357860653151757,17.18508843443605,288.9502825905928,19.45,,,0,11377,472
20204131,204131,204131 (2003 YL),Y,N,APO,.0514117,.6325294115860108,1.146615895361846,.4213476177534508,5.654420467240556,448.4617052060417,19.94,,,0,8721,376
20204232,204232,204232 (2004 DG2),Y,N,APO,.25291,.5635468904052501,1.247608994716325,.54452282530232,17.34243654706537,508.998113397112,18.43,,,0,8837,525
20205378,205378,205378 (2001 BJ16),Y,N,AMO,.173427,.1413770567609419,1.363352538872202,1.170605769598893,19.35936427233277,581.4477358518382,18.84,,,0,8915,604
20205388,205388,205388 (2001 DV8),Y,N,AMO,.166612,.1708909957816164,1.373405073241404,1.138702512663656,12.36665737151366,587.8904398384593,20.90,,,0,8694,93
20205744,205744,205744 (2002 BK25),Y,N,APO,.0582551,.7488637098108172,2.296451088995964,.5767222070913552,12.09126237126979,1271.113194698908,18.27,,,0,10224,400
20206359,206359,206359 (2003 QM47),Y,N,AMO,.376729,.3033749403390129,1.792277189852371,1.248545204309935,33.1162102267971,876.4077175806534,18.22,,,0,8331,476
20206378,206378,206378 (2003 RB),Y,Y,APO,.0439419,.4391929558337468,1.78794456631445,1.00269190736792,6.724476724773076,873.2317169495858,18.76,0.376,0.414,0,8777,1445
20206910,206910,206910 (2004 NL8),Y,Y,APO,.0211145,.71550586688188,2.573609304350349,.7321767480258804,5.018025949157677,1508.038238596123,17.28,,,0,9061,522
20207398,207398,207398 (2006 AS2),Y,Y,APO,.00966834,.6420663898425074,2.090151115736149,.7481353346301509,2.596448308218771,1103.735360441914,20.36,,,0,7632,531
20207945,207945,207945 (1991 JW),Y,Y,APO,.0208299,.1187188929746295,1.039060891765357,.9157047329617419,8.709305240254562,386.8654320780971,19.61,0.423,0.161,0,26086,366
20207970,207970,207970 (1996 BZ3),Y,N,AMO,.254498,.5321096564300899,2.628719630330392,1.229952530984254,3.394419930541769,1556.735500345293,18.19,,,0,15855,896
20208023,208023,208023 (1999 AQ10),Y,Y,ATE,.00609499,.235293599809619,.9338842976255057,.7141472994315229,6.4995720236256,329.6385815587466,20.53,,,0,9862,444
20208115,208115,208115 (2000 CT101),Y,Y,APO,.0119415,.3546257931437762,1.299353921151739,.8385695062888281,23.2992291923248,540.9904752366039,20.85,,,0,8889,77
20208565,208565,208565 (2002 CT11),Y,N,APO,.39815,.5387365879778868,1.258050929350438,.5802928641697734,53.84811685751204,515.4015985586101,17.23,,,0,8864,973
20208617,208617,208617 (2002 EB3),Y,N,APO,.0714603,.6839084050360218,1.758260009840826,.5557712108719666,9.92382043306981,851.5753362446287,17.88,,,0,8728,803
20209215,209215,209215 (2003 WP25),Y,N,ATE,.0221083,.121268642512674,.9891660634305542,.8692112376987253,2.5606205761126,359.3372492716896,24.30,,,1,2320,59
20209924,209924,209924 (2005 WS55),Y,N,AMO,.148114,.4535245977915873,2.029524142257393,1.109085021931793,23.76628281633397,1056.062836105396,16.29,1.861,0.185,0,8489,1159
20210012,210012,210012 (2006 KT1),Y,N,AMO,.199617,.4748732318986589,2.305910627365104,1.210895395278773,9.270297538521143,1278.975228904369,16.74,,,0,7684,642
20211871,211871,211871 (2004 HO),Y,N,APO,.0619569,.5118938867987541,1.846318599285414,.9011993952283721,7.886414435673228,916.3436905447376,18.85,0.411,0.315,0,9449,294
20211914,211914,211914 (2004 RM251),Y,N,AMO,.225195,.6022278379910919,2.602909877475401,1.035365089477732,19.48741953840015,1533.864951656829,17.83,,,0,14082,861
20212359,212359,212359 (2006 EV52),Y,N,APO,.257094,.7076558448759501,2.015658409588843,.5892659547699364,15.96322881802025,1045.258791690355,16.72,1.261,0.232,0,8834,694
20212546,212546,212546 (2006 SV19),Y,Y,AMO,.0196799,.5147126891810562,2.134509501870255,1.035850376080099,7.354570908211931,1139.057283750221,17.72,,,0,8040,373
20213053,213053,213053 (1998 WT30),Y,N,AMO,.210565,.3370009513617965,1.812987435461992,1.202008944904317,.5098750112375168,891.6422073670172,19.96,,,0,10048,465
20213869,213869,213869 (2003 SG170),Y,N,APO,.128245,.6031609023934962,1.859641999343081,.7379786528904629,37.00548591667209,926.2803389126954,17.82,,,0,7359,209
20214088,214088,214088 (2004 JN13),Y,N,APO,.133483,.6903385591468796,2.887690243439828,.8942063215210753,13.34600742145928,1792.356252366784,15.34,2.423,0.250,0,18365,2839
20214869,214869,214869 (2007 PA8),Y,Y,APO,.0302679,.6529251623616815,2.848717454946337,.9887181481529439,1.998216505735907,1756.194011182668,16.51,,,0,8796,791
20215167,215167,215167 (2000 EL26),Y,N,AMO,.372595,.3088165843635475,1.690344741048136,1.168338251720765,26.97263142092063,802.7149602861112,18.91,,,0,9429,322
20215188,215188,215188 (2000 NM),Y,N,APO,.134169,.6630191723838322,2.687365450978839,.9055906337779452,22.27436319044688,1609.120327487497,15.48,,,0,9341,2788
20215442,215442,215442 (2002 MQ3),Y,N,ATE,.134237,.2741621434765151,.9136196045889873,.6631396954727043,36.2869919394664,318.9675790337871,18.53,1.075,0.080,0,8050,860
20215588,215588,215588 (2003 HF2),Y,Y,APO,.00315202,.6754402552790715,1.11390993500971,.3615303241488574,3.053945512596087,429.4113734644112,19.42,0.488,0.118,0,8029,437
20215757,215757,215757 (2004 FU64),Y,N,AMO,.340137,.3673441426051401,1.837580391931957,1.162555998389695,24.88077641797994,909.8461232033698,17.87,0.780,0.241,0,9839,729
20216115,216115,216115 (2006 SU19),Y,Y,APO,.0351349,.5865478683498108,1.526981356413445,.6313336967992362,2.09427105971055,689.2059669103052,18.93,,,0,7244,549
20216258,216258,216258 (2006 WH1),Y,Y,APO,.0235546,.4851239550410354,1.671286455735757,.8605053603227123,2.633406231101461,789.1776319191863,20.33,,,0,6884,952
20216523,216523,216523 (2001 HY7),Y,Y,ATE,.0352398,.4121055267968569,.9137168970331085,.53716911383809,5.210950668753218,319.018531248546,20.70,,,0,8111,353
20216689,216689,216689 (2004 HM1),Y,N,AMO,.276335,.5329053670733274,2.761281448607893,1.289779744644735,4.173715140275156,1675.963050355211,17.00,,,0,10330,485
20216707,216707,216707 (2004 XP164),Y,N,AMO,.376733,.4126531619009424,2.177692351316013,1.279060716897962,22.69688300627563,1173.797595426687,17.55,,,0,8479,637
20216985,216985,216985 (2000 QK130),Y,Y,APO,.00038478,.2618719999287679,1.180551255504687,.8713979372072569,4.719530468472939,468.517371351943,21.34,,,0,8148,251
20217013,217013,217013 (2001 AA50),Y,N,AMO,.131439,.1980002808358965,1.320817340200763,1.05929513590809,43.88048085775974,554.4502321975172,18.80,,,0,8465,422
20217390,217390,217390 (2005 CW25),Y,N,APO,.0560893,.4778795217614005,1.626043888187183,.8489908125372437,28.49478678555008,757.3503351044711,18.82,,,0,6506,339
20217430,217430,217430 (2005 SN25),Y,Y,APO,.0274589,.2705818399551121,1.230030641180046,.8972066870883831,13.01127234061516,498.2786994555292,19.55,,,0,8381,478
20217628,217628,217628 Lugh (1990 HA),Y,Y,APO,.0338864,.711785626319555,2.526280534437181,.7281103619739121,4.441041931897413,1466.630763975932,16.68,1.4,,0,24099,563
20217796,217796,217796 (2000 TO64),Y,N,AMO,.0545615,.6188674039687353,2.744787510974181,1.046127989611783,37.52497513211307,1660.968974729705,17.23,,,0,7526,280
20217807,217807,217807 (2000 XK44),Y,N,AMO,.0721327,.3854159987471468,1.723996369568117,1.059540586954566,11.23634671240085,826.8047201038738,18.35,,,0,18525,582
20217837,217837,217837 (2001 LC),Y,N,APO,.217211,.6774571394620424,1.054543892899804,.3401356037787363,16.96683213313058,395.5445621103864,19.27,,,0,9146,298
20218017,218017,218017 (2001 XV266),Y,N,APO,.105215,.192708722298793,1.196523866045482,.9659432806198446,12.00334522747707,478.0578733502803,19.82,0.451,0.115,0,9042,277
20218863,218863,218863 (2006 WO127),Y,N,APO,.0745447,.5479824006561765,2.196615665711737,.9929089398960541,11.03038050272677,1189.13056361545,16.34,1.237,0.418,0,8509,2217
20219021,219021,219021 (1991 LH),Y,N,APO,.428774,.7332886657989575,1.356682197357924,.3618425189441339,53.13083284032894,577.1857708970725,16.93,,,0,12790,260
20219071,219071,219071 (1997 US9),Y,N,APO,.248757,.2820300170221699,1.052819685099072,.7558929313893049,20.01753115673238,394.5748696553248,17.20,0.657,0.383,0,10560,3320
20219527,219527,219527 (2001 QK142),Y,N,AMO,.158491,.5380818167659064,2.48298078344382,1.146933972493536,5.78144650883767,1429.086328473684,17.01,,,0,10327,378
20220124,220124,220124 (2002 TE66),Y,N,APO,.096227,.377905364397263,1.456953303284498,.9063628342969741,51.34578503620891,642.3428222626391,18.76,0.609,0.208,0,8660,559
20220839,220839,220839 (2004 VA),Y,Y,APO,.0233469,.5951472824695428,1.901480346045882,.7698194854274292,3.69007555331529,957.7147764434881,17.45,,,0,8357,1375
20220909,220909,220909 (2005 EO1),Y,N,APO,.0973911,.705400440076984,2.534240180665769,.7465860419633602,13.87298954388791,1473.567673217611,18.16,,,0,8902,518
20221455,221455,221455 (2006 BC10),Y,Y,APO,.00575441,.6567539556234888,2.01659461057766,.6921881231917727,.9147984204873598,1045.987104033976,19.52,,,0,7542,646
20221787,221787,221787 (2007 VZ30),Y,N,AMO,.311418,.1947786173850624,1.604924849313591,1.29231980615736,2.452884449701096,742.6436618879292,21.28,,,0,9259,73
20221980,221980,221980 (1996 EO),Y,Y,APO,.0339041,.4006907444802866,1.34165793190412,.8040680163315764,21.5898131651474,567.6244978358949,19.11,0.432,0.200,0,10276,189
20222008,222008,222008 (1998 QQ63),Y,N,AMO,.0687673,.549942546687882,2.363136502463409,1.063547196127587,1.671223781828928,1326.879974838205,19.18,,,0,12162,81
20222073,222073,222073 (1999 HY1),Y,N,AMO,.342298,.1307595266964201,1.38634426264505,1.205066543023286,34.22470037085559,596.2179693255908,18.10,,,0,9553,821
20222165,222165,222165 (2000 AX93),Y,N,AMO,.271172,.4819629308728969,2.207116356414216,1.143368088499311,23.32081164263007,1197.667516672933,17.91,,,0,9505,407
20222869,222869,222869 (2002 FB6),Y,N,APO,.0973057,.5450929345120573,1.796415549634205,.8172021260810057,33.71572255332124,879.444901185523,17.81,,,0,8947,719
20223456,223456,223456 (2003 UB10),Y,N,AMO,.0990887,.3353635309302473,1.598674777832547,1.062537559529496,5.14692975796277,738.3097635390901,18.29,,,0,8786,2249
20224926,224926,224926 (2007 DA41),Y,N,APO,.169086,.4398064680814583,1.461233101346394,.8185733319995208,30.21432471091103,645.1752213241563,17.59,,,0,8475,704
20225312,225312,225312 (1996 XB27),Y,N,AMO,.115086,.05814670022806422,1.18900652807157,1.119869721914581,2.465546891789297,473.5597530964582,21.94,,,0,9558,229
20225416,225416,225416 (1999 YC),Y,N,APO,.248443,.830208888674497,1.421781281516751,.241405823850527,38.26402231024885,619.2237643578756,17.36,1.651,0.094,0,9199,645
20225586,225586,225586 (2000 WS67),Y,N,APO,.233668,.7074189447804974,1.298838135966788,.3800154323804945,20.63399738368355,540.6683838015379,18.48,,,0,9181,297
20225900,225900,225900 (2002 AF3),Y,N,APO,.153169,.6203043564789122,1.905768954950535,.7236121697524541,10.55844350671202,960.9566551803275,17.96,,,0,9023,218
20226198,226198,226198 (2002 UN3),Y,N,AMO,.34193,.2575414810125246,1.743751450909478,1.294663119724512,8.695743339294188,841.0567484274832,18.86,,,0,11604,580
20226219,226219,226219 (2002 VT85),Y,N,AMO,.292932,.4434833351162932,2.294556351349283,1.27695884804063,5.98893643763794,1269.540379245665,18.18,,,0,13783,168
20226514,226514,226514 (2003 UX34),Y,Y,APO,.0149678,.6157487784337425,1.095318572934784,.4208774996544006,2.560677727185872,418.7059232783858,20.16,,,0,10665,480
20226554,226554,226554 (2003 WR21),Y,Y,APO,.0301356,.2614816300214228,1.118288852280946,.8258768603517378,9.265547771350329,431.9459639060454,19.62,0.482,0.125,0,12071,545
20228368,228368,228368 (2000 WK10),Y,Y,APO,.0221785,.7021849444606878,1.479132998275701,.4405080760315072,14.72868126187824,657.0664094842041,18.64,,,0,9190,225
20228502,228502,228502 (2001 TE2),Y,N,APO,.0658155,.1966330127762867,1.083501233054525,.8704491212521923,7.625872447294683,411.9481356485309,20.41,0.302,0.194,0,6914,486
20228587,228587,228587 (2002 AP7),Y,N,AMO,.329601,.09336941288319922,1.364268158614261,1.236887241629204,23.86858844913545,582.0335796311457,19.55,,,0,8820,333
20229007,229007,229007 (2003 XF11),Y,N,APO,.126069,.8484958128875826,2.19343953061539,.3323152730661271,8.658083106424595,1186.552410919139,17.08,,,0,8189,485
20229672,229672,229672 (2006 WR1),Y,N,APO,.236558,.6135397321983392,1.332864623553145,.5150992193617081,38.20388863322243,562.0532827229215,17.91,,,0,6996,402
20230089,230089,230089 (2000 WP148),Y,N,APO,.0793467,.264290462695433,1.318483815171365,.9700211176032851,21.27694855561346,552.9815372143972,19.46,,,0,9686,123
20230111,230111,230111 (2001 BE10),Y,Y,ATE,.0411789,.3692862187232754,.8230681929295062,.5191204522111695,17.50582890811797,272.7420844116306,19.27,,0.253,0,8830,834
20230118,230118,230118 (2001 DB3),Y,N,AMO,.443087,.55913170637437,2.684817320417922,1.183650830749186,24.4893801228023,1606.832244613562,17.09,1.166,0.150,0,8292,504
20230420,230420,230420 (2002 PP6),Y,N,APO,.146446,.6517953571321147,2.327785392616537,.8105456813091217,20.11949236687591,1297.217607127282,19.22,,,0,2781,96
20230549,230549,230549 (2003 BH),Y,Y,APO,.0283071,.356099511703813,1.45647614563563,.9378257013665303,13.11452667826057,642.0272935899944,20.78,0.217,0.216,0,7484,165
20230599,230599,230599 (2003 FJ1),Y,N,APO,.333622,.817131585403005,2.17129182714247,.397060694056956,20.96390049573373,1168.626481512584,17.81,,,0,8335,287
20230979,230979,230979 (2005 AT42),Y,N,AMO,.171822,.613900860121717,2.856928057092995,1.10305746553774,11.21107731983339,1763.792059516621,16.58,1.522,0.207,0,7575,1012
20231134,231134,231134 (2005 TU45),Y,N,APO,.257978,.495034375454482,1.974413591638755,.9970109924130234,28.53265845252378,1013.341023822181,17.17,,,0,9110,1501
20231792,231792,231792 (2000 DH8),Y,N,AMO,.310268,.3054337365497972,1.83823603751939,1.276776735919349,37.5883045493409,910.333113981724,18.50,,,0,11142,477
20231937,231937,231937 (2001 FO32),Y,Y,APO,.00248745,.8257849721886693,1.699209047357899,.2960277514427211,39.01302433442171,809.0374857077993,17.51,0.55,,0,9037,287
20232368,232368,232368 (2003 AZ2),Y,N,AMO,.0885647,.2236398308814469,1.419588001372005,1.102111580823839,22.86911134514314,617.7914688661199,18.31,,,0,8141,1110
20232382,232382,232382 (2003 BT47),Y,N,AMO,.207258,.4935553478235911,2.334427462298315,1.182258304174727,7.45509848759983,1302.773759246584,17.25,1.123,0.154,0,8295,898
20232691,232691,232691 (2004 AR1),Y,Y,APO,.0316371,.469507544141967,1.575874160702377,.8359893536342207,9.076356822002015,722.5713348792142,19.86,,,0,8105,369
20234061,234061,234061 (1999 HE1),Y,N,APO,.0542099,.5714801100544044,2.363746288399335,1.012912299364193,8.153529521811166,1327.393591978146,17.69,2.900,0.019,0,9749,444
20234145,234145,234145 (2000 EW70),Y,Y,ATE,.0104294,.321318033973079,.9375636895114712,.636307568073099,5.428312051629295,331.588603711561,21.58,0.344,0.045,0,6939,410
20234341,234341,234341 (2001 FZ57),Y,N,ATE,.157624,.6041957768548032,.9442182346596983,.373725564849011,20.66610991438344,335.1251348309234,18.93,0.344,0.493,0,12369,545
20235086,235086,235086 (2003 HW11),Y,N,AMO,.248983,.4655149668420741,2.352670846872526,1.257467355600348,7.401052277932785,1318.075183563451,17.36,1.024,0.168,0,8294,794
20235700,235700,235700 (2004 TR13),Y,N,APO,.07687,.728677871797385,2.018308375300211,.5476117237556154,17.81798689752443,1047.320755762329,18.57,,,0,7357,160
20235756,235756,235756 (2004 VC),Y,Y,APO,.0347963,.2589162378777853,1.133402894785246,.839946481267659,39.1443143963514,440.7323236342477,18.58,1.136,0.042,0,10956,395
20236716,236716,236716 (2007 FV42),Y,N,AMO,.124292,.4751250853564593,2.173916774437505,1.141034381425047,9.855151857008767,1170.746309319031,17.93,,,0,12641,1063
20237442,237442,237442 (1999 TA10),Y,N,AMO,.304871,.2415881958286922,1.505766258701924,1.141990904922406,20.84109066958867,674.8927591945006,18.16,,,0,9596,1135
20237551,237551,237551 (2000 WQ19),Y,N,APO,.194481,.3469658525669796,1.406420376773453,.918440531678679,34.27100337734693,609.2157910918509,18.44,0.630,0.234,0,9414,533
20237805,237805,237805 (2002 CF26),Y,N,AMO,.0924254,.3411901898732408,1.604309446066869,1.056934801547881,35.30451823692317,742.2165563693835,17.40,0.703,0.430,0,10128,3140
20238063,238063,238063 (2003 EG),Y,N,APO,.362781,.7136989323272567,1.738049276000419,.4976053633867584,31.79388118607524,836.9346616509177,16.55,1.470,0.225,0,11005,855
20238456,238456,238456 (2004 RK),Y,N,APO,.164306,.30034669502223,1.388766324362235,.9716549486818672,18.14906037654407,597.781117064543,19.43,0.328,0.312,0,14179,579
20239849,239849,239849 (1999 VO11),Y,N,APO,.0704798,.6339494275525802,2.25542710843738,.8256003841569319,15.74842613009386,1237.204870086377,18.65,0.450,0.317,0,6221,205
20240320,240320,240320 (2003 HS42),Y,N,AMO,.276425,.1213355081292605,1.458943492220296,1.281921842259868,15.8221839317652,643.6594259330415,20.28,,,0,9294,177
20241370,241370,241370 (2008 LW8),Y,N,APO,.142172,.3934941403443956,1.675842378440792,1.016408222383525,17.26863338719816,792.4067744626187,17.42,0.764,0.224,0,10305,977
20241596,241596,241596 (1998 XM2),Y,N,AMO,.413377,.3403599433809658,1.804950082267285,1.190617374461323,27.09363759274007,885.7195285282039,17.23,1.548,0.105,0,26848,1102
20241662,241662,241662 (2000 KO44),Y,N,AMO,.224275,.3886479767695649,1.830064788581634,1.11881381114216,28.6217898156051,904.270003086341,17.67,0.898,0.200,0,9360,559
20242147,242147,242147 (2003 BH84),Y,N,APO,.301073,.720408679030561,1.958133066160778,.5474770106018296,23.34732633814557,1000.833258094781,17.03,1.687,0.108,0,8472,496
20242187,242187,242187 (2003 KR18),Y,N,AMO,.233956,.4805662695740203,2.347608720885908,1.21942715547033,5.574777712385336,1313.823416514278,17.99,0.605,0.334,0,14122,993
20242191,242191,242191 (2003 NZ6),Y,N,ATE,.0659719,.4923233626701068,.7934030866237826,.4027922110643199,18.24707517142475,258.1304600536731,19.02,0.370,0.334,0,7996,647
20242211,242211,242211 (2003 QB90),Y,N,AMO,.208359,.4761065057866665,2.31817226521033,1.214475368209478,4.841227999964099,1289.190169634302,18.19,,,0,7826,446
20242216,242216,242216 (2003 RN10),Y,Y,AMO,.00677491,.5419750837999958,2.230188590630848,1.021481942333899,39.65677037370256,1216.496353362135,15.58,,,0,8201,1141
20242450,242450,242450 (2004 QY2),Y,Y,APO,.04698,.4771015805416846,1.08388648848771,.5667625317024468,37.03322124683664,412.1678668670442,14.64,2.914,0.274,0,7597,3754
20242643,242643,242643 (2005 NZ6),Y,Y,APO,.00562259,.8651747237936435,1.833463047416303,.2471971617820513,8.410806938177211,906.7898889780533,17.39,1.989,0.041,0,7303,757
20242708,242708,242708 (2005 UK1),Y,Y,APO,.0109908,.6954981018515407,2.502937747284941,.7621492949956933,.7923631789129044,1446.350329675982,18.12,,,0,7547,1179
20243025,243025,243025 (2006 UM216),Y,N,AMO,.314419,.5235483755500261,2.67435127484214,1.274199009248396,15.88545529928922,1597.445695635623,16.05,2.123,0.139,0,25995,870
20243147,243147,243147 (2007 TX18),Y,N,AMO,.235287,.4156131971303254,2.137266716455511,1.248990463309203,7.357799705734214,1141.265031722461,17.39,0.912,0.280,0,12404,756
20243298,243298,243298 (2008 EN82),Y,N,AMO,.120599,.5565045739747306,2.499042090935051,1.108313736774321,12.02192213436626,1442.974921603174,15.66,,,0,9647,490
20243566,243566,243566 (1995 SA),Y,Y,APO,.0406381,.641774416319208,2.462148138040228,.8820044538580361,19.57998921083986,1411.138678221017,17.37,0.881,0.091,0,12979,586
20244670,244670,244670 (2003 KN18),Y,N,APO,.0913273,.4856938976246293,1.749026782867542,.8995351476467393,11.90046631394628,844.876278610012,18.11,,,0,8476,1005
20244977,244977,244977 (2004 BE68),Y,Y,APO,.0108974,.4444334023304107,1.760922497989773,.9783097209680122,15.73452772168867,853.510346433893,18.36,0.495,0.235,0,8201,548
20246138,246138,246138 (2007 OG3),Y,N,AMO,.119898,.4813559866446402,2.164864668236811,1.122794099905559,1.692555147642017,1163.441512564167,18.25,0.588,0.269,0,18588,709
20247156,247156,247156 (2000 YH29),Y,N,AMO,.270913,.5270726365916708,2.218646086611675,1.049258444077467,21.85320956057633,1207.064484922683,18.16,1.655,0.033,0,8495,282
20247360,247360,247360 (2001 XU),Y,Y,APO,.00565047,.8368557611599522,2.573528735154813,.4198563866298229,19.07855967915909,1507.967423373752,19.36,,,0,4652,124
20247517,247517,247517 (2002 QY6),Y,N,ATE,.105829,.6990889038541792,.817108908655523,.2458771373740488,12.75420697229403,269.7853390487163,19.59,0.269,0.357,0,8459,666
20248083,248083,248083 (2004 QU24),Y,N,AMO,.53934,.6135176304043538,3.32866794755701,1.28647147596891,23.36237397487121,2218.217555340299,16.13,2.358,0.126,0,11372,1298
20248590,248590,248590 (2006 CS),Y,N,APO,.0992393,.6970075999948815,2.916180829794021,.8835806284682084,52.31042285940408,1818.947243038217,16.27,4.726,0.018,0,11045,932
20248818,248818,248818 (2006 SZ217),Y,N,AMO,.216941,.2852668685242987,1.672964575435657,1.195723209849044,29.22123733252455,790.3665366470304,17.43,,,0,10362,2505
20248926,248926,248926 (2006 WZ2),Y,N,AMO,.275825,.3300626424911186,1.694290213604724,1.135068308555507,24.65068258349352,805.5270528246521,17.13,2.907,0.040,0,8800,4004
20249595,249595,249595 (1997 GH28),Y,N,AMO,.306837,.3707163040243511,2.004300582507642,1.261273678406555,7.015775109878221,1036.436516357323,17.70,,,0,11322,561
20249615,249615,249615 (1999 TB5),Y,N,AMO,.334354,.3935622900605842,1.967955311515138,1.19344231237835,30.42687158788199,1008.373154674599,19.05,,,0,9311,207
20249816,249816,249816 (2001 FD90),Y,N,AMO,.0987906,.4784538986083164,2.045685281623118,1.066919183304885,7.2999828788143,1068.702087291753,19.32,,,0,6796,400
20249886,249886,249886 (2001 RY11),Y,N,AMO,.197475,.2834398045687295,1.483069179953107,1.062708341425293,22.84553282260502,659.6909733181636,17.62,1.201,0.051,0,12305,1808
20250162,250162,250162 (2002 TY57),Y,N,AMO,.301515,.3271611493705041,1.921897239400193,1.293127129586027,3.455837955456174,973.1811119606019,19.64,,,0,8808,726
20250458,250458,250458 (2004 BO41),Y,N,APO,.0895856,.4928643457017425,1.018563296311005,.5165497637188716,35.55418492646682,375.4745111245136,17.99,0.630,0.282,0,8035,881
20250577,250577,250577 (2005 AC),Y,N,APO,.0738033,.5177304086667109,1.049924039604416,.5063464375110176,46.88248276732514,392.9481481130995,18.37,,,0,7603,305
20250614,250614,250614 (2005 GG),Y,N,APO,.250422,.6594280635110302,2.041897949042245,.695413138618173,34.8372387777728,1065.735607317577,16.23,1.617,0.269,0,7748,610
20250620,250620,250620 (2005 GE59),Y,Y,APO,.0314716,.6024730354750159,2.108448888667837,.8381652865682013,16.07668120255281,1118.260651020674,18.07,0.654,0.260,0,7462,643
20250680,250680,250680 (2005 QC5),Y,Y,ATE,.047831,.3645581966810506,.8930008689757961,.5674500825473688,9.449658458838911,308.2309530458252,19.63,0.398,0.147,0,17462,129
20250697,250697,250697 (2005 QY151),Y,N,APO,.066098,.4392571086960927,1.380697476920173,.7742162952242276,12.64799544233496,592.5789549097037,17.91,,,0,9485,973
20250706,250706,250706 (2005 RR6),Y,Y,APO,.0336714,.7010867793379159,2.955505106966602,.8834395502066246,6.932331336936984,1855.863361759761,18.55,0.535,0.322,0,7268,405
20251346,251346,251346 (2007 SJ),Y,Y,APO,.0415881,.5332098821162617,2.015072495217252,.9406159275867397,8.182185275607045,1044.803068907151,16.88,,,0,12496,1034
20251722,251722,251722 (1997 US2),Y,Y,APO,.00626614,.6609903007630776,1.674874762860149,.5677987896167309,3.170915760165876,791.7205812419438,19.83,,,0,10488,300
20251732,251732,251732 (1998 HG49),Y,N,AMO,.076044,.1124612131949503,1.200570824949004,1.065553173448777,4.194772507342625,480.485299497878,21.76,,,0,9145,156
20252091,252091,252091 (2000 UP30),Y,N,APO,.067116,.7633471790397455,2.250316120692831,.532543658014295,9.403970444181818,1233.00183782291,17.23,,,0,8836,504
20252373,252373,252373 (2001 SA270),Y,N,APO,.402263,.7356071543098334,1.302214021458985,.3442960708311766,38.50957720211859,542.7776767234362,18.20,,,0,8849,456
20252399,252399,252399 (2001 TX44),Y,Y,ATE,.00896981,.5459305722121387,.8747904349989328,.3972155922542597,15.213524889739,298.8508294654339,19.41,0.291,0.478,0,8116,351
20252558,252558,252558 (2001 WT1),Y,N,APO,.121764,.3972138983250104,1.089292607517798,.6566104444690376,7.162874673983152,415.2553737835709,20.36,0.533,0.062,0,8834,305
20252793,252793,252793 (2002 FW5),Y,N,AMO,.223267,.2178886739510551,1.315160621445566,1.028602017606146,46.44390146913469,550.8921983192153,19.26,,,0,8827,847
20253062,253062,253062 (2002 TC70),Y,N,AMO,.0839273,.1965576966230669,1.368483222964102,1.099497312790967,2.148228143486111,584.7330521805169,21.10,,,0,8750,430
20253106,253106,253106 (2002 UR3),Y,N,APO,.159223,.7924314724963448,1.378882843217531,.2862126813667162,48.64851461644919,591.4111099990463,16.66,,,0,8357,1070
20253586,253586,253586 (2003 TX7),Y,N,AMO,.357593,.2074244068110984,1.448184473407693,1.147795668058059,38.748493124379,636.5525426736738,19.32,,,0,7889,274
20253841,253841,253841 (2003 YG118),Y,Y,APO,.0110456,.6462926498250525,2.27936636447441,.8062286368561471,8.027517093468532,1256.954710463185,17.26,,,0,8015,583
20254417,254417,254417 (2004 VV),Y,N,APO,.185294,.604302814033391,2.076801145802208,.8217843692061629,52.46715461916405,1093.177788427657,17.21,,,0,7714,350
20254419,254419,254419 (2004 VT60),Y,N,AMO,.377715,.4339213981332349,2.07576706075453,1.175047315553009,43.50142052932031,1092.361414111939,17.77,0.629,0.408,0,8829,457
20255071,255071,255071 (2005 UH6),Y,Y,APO,.0231996,.6323848915247215,1.001164659152235,.3680432547758639,2.6372228595184,365.8951837676778,18.37,,,1,8484,164
20255501,255501,255501 (2006 BG),Y,N,APO,.0680194,.7323463543371556,1.682204748748948,.4502482337540053,4.836293832053872,796.9236378884716,18.66,,,0,6553,452
20256004,256004,256004 (2006 UP),Y,N,AMO,.112153,.3000123228475964,1.583426373469307,1.108378949106635,2.284987487567801,727.7718249545339,23.02,,,0,8059,176
20256412,256412,256412 (2007 BT2),Y,N,AMO,.290824,.2238027080328646,1.632484500814661,1.267130048710661,26.85975016371884,761.8544820538148,16.93,4.444,0.014,0,11378,1699
20256670,256670,256670 (2007 XT58),Y,N,AMO,.290695,.3634108577334191,2.013173364065392,1.281564305064315,2.313158894013063,1043.326384712931,18.20,,,0,12921,317
20257744,257744,257744 (2000 AD205),Y,N,APO,.128882,.5860210020787943,1.694976747863861,.7016847755804253,7.923700613684177,806.0167073702231,18.61,,,0,9202,554
20257838,257838,257838 (2000 JQ66),Y,N,AMO,.274827,.4197268711232612,2.165165017468399,1.256387079220846,7.062433709774047,1163.683641475915,18.00,,,0,14974,768
20258325,258325,258325 (2001 VB2),Y,N,AMO,.0785132,.395536636379422,1.718777708754757,1.03893815514997,7.937938913122047,823.0533667012907,18.99,,,0,8560,297
20259221,259221,259221 (2003 BA21),Y,N,APO,.131261,.8332596720208304,1.100234316874076,.1834534308495211,23.7071567433383,421.5277854754215,19.20,,,0,8776,389
20259802,259802,259802 (2004 BJ86),Y,N,AMO,.34185,.329969920513669,1.754669196449338,1.175681141169166,31.42780169463025,848.9679690064877,18.75,,,0,7867,524
20260141,260141,260141 (2004 QT24),Y,Y,APO,.00723309,.2519251578334618,1.132784109674279,.8474072940533487,17.74569072903493,440.371443966375,18.31,,,0,9049,816
20260277,260277,260277 (2004 TR12),Y,N,ATE,.0964322,.209619994968827,.8951089654510355,.7074762286166375,19.35944390078314,309.3230526279725,18.27,0.470,0.419,0,6283,551
20261938,261938,261938 (2006 OB5),Y,N,AMO,.191501,.218650384687278,1.53316758607006,1.197939903585776,.7101703205811023,693.3984559431093,20.33,,,0,8653,734
20262623,262623,262623 (2006 WY2),Y,N,ATE,.253783,.3328861375495751,.9833080679695981,.6559784432018636,27.55352194267514,356.1499032211267,18.64,0.761,0.122,0,5827,952
20263976,263976,263976 (2009 KD5),Y,Y,APO,.0484113,.2614281576825704,1.046294874521979,.772763933082982,13.47265899466461,390.912514210646,18.35,0.785,0.125,0,27806,2464
20264308,264308,264308 (1999 NA5),Y,N,AMO,.0830345,.2485254117062709,1.436605259437023,1.079572345876043,4.278028044124189,628.9333219026552,20.43,,,0,9648,185
20264357,264357,264357 (2000 AZ93),Y,Y,ATE,.0213295,.3600198736933757,.7468668606601686,.4779799478195266,8.588269243360163,235.7562481310483,21.17,0.113,0.037,0,8000,160
20264993,264993,264993 (2003 DX10),Y,Y,APO,.0446471,.4108667202049389,1.375220809207587,.8101883457708834,3.14962119281027,589.0566724788504,20.44,,,0,7939,453
20265032,265032,265032 (2003 OU),Y,N,APO,.308664,.7022785125537043,2.303936268645761,.685931332882684,40.13289898987355,1277.332961029028,16.32,,,0,7922,300
20265187,265187,265187 (2003 YS117),Y,N,APO,.12635,.3302675751862934,1.249332345658958,.8367183812563699,29.56617610479116,510.0531136783391,18.28,,,0,8061,526
20265196,265196,265196 (2004 BW58),Y,Y,APO,.0381255,.3782752889038504,1.454184741861608,.9041025885143373,15.2201847211352,640.5127837270139,18.84,0.361,0.310,0,7775,933
20265482,265482,265482 (2005 EE),Y,Y,APO,.0184484,.3276726154883666,1.128592497223106,.7587836418374638,6.171342232331128,437.9294634457949,21.21,,,0,6907,474
20265661,265661,265661 (2005 UB),Y,N,APO,.461243,.7392155007026381,1.894965685456403,.4941776774674303,27.73182445342555,952.7971555625957,16.82,,,0,7633,1896
20265962,265962,265962 (2006 CG),Y,N,AMO,.220833,.3361568019120861,1.82921900905672,1.214314596975418,4.351373335222234,903.6432017686465,19.03,,,0,8681,926
20267131,267131,267131 (2000 EK26),Y,Y,APO,.00294262,.6573556134709169,2.409319062524585,.825539652131562,15.64982403689397,1365.966039305856,18.27,,,0,9563,244
20267136,267136,267136 (2000 EF104),Y,N,APO,.176281,.4177186967405276,1.147708956383368,.6682894668854767,10.81710447595414,449.1031311859442,18.92,,,0,9599,590
20267221,267221,267221 (2001 AD2),Y,Y,APO,.00830404,.6599539754432356,1.04015138553662,.3536993435889378,1.643865562505911,387.4746143943673,19.85,0.562,0.097,0,6976,464
20267223,267223,267223 (2001 DQ8),Y,N,APO,.106136,.9008745900628408,1.842419172085884,.1826305557090948,12.76385342067636,913.4422453210896,18.21,,,0,9164,644
20267270,267270,267270 (2001 RP17),Y,N,AMO,.316044,.5157368086407079,2.635755008744645,1.27639913217592,8.150369107160831,1562.989237684467,18.26,,,0,10959,200
20267337,267337,267337 (2001 VK5),Y,Y,APO,.00115498,.5141334169527231,1.269092260036263,.6166095199555655,19.42915901184455,522.2016263050064,18.05,0.439,0.578,0,8540,1117
20267494,267494,267494 (2002 JB9),Y,Y,APO,.0316893,.7844640480670089,2.717126159613463,.5856383733343202,46.75042567115303,1635.924032575785,16.17,,,0,8350,621
20267720,267720,267720 (2003 CA),Y,Y,APO,.0489959,.7196419187071069,1.379232609713515,.3866790081158707,21.14702049465004,591.6361496858683,18.91,,,0,8160,398
20267729,267729,267729 (2003 FC5),Y,Y,APO,.032923,.608692860869972,1.916900500259499,.750096850753464,5.829731699058032,969.3883206272217,18.46,,,0,8799,983
20267759,267759,267759 (2003 MC7),Y,N,AMO,.235402,.1843865899969435,1.373632693246861,1.120353245030755,21.21268697503042,588.03659610222,18.91,,,0,26155,613
20267940,267940,267940 (2004 EM20),Y,N,APO,.090599,.5240769868415455,1.105325419823653,.5260498043231068,14.1391811131565,424.4569642828226,20.43,,,0,8032,282
20269690,269690,269690 (1996 RG3),Y,Y,APO,.00236638,.6036324331348765,2.001087107579256,.7931660279163575,3.578040557741989,1033.944953364326,18.47,0.888,0.098,0,10195,245
20271480,271480,271480 (2004 FX31),Y,N,APO,.0663316,.44193356436369,1.260453484839243,.7034167835696025,24.75353039389652,516.8787310688059,17.66,0.709,0.352,0,12478,1709
20274138,274138,274138 (2008 FU6),Y,N,APO,.101382,.5692324875574285,1.32397314237741,.5703246170826914,12.83661548779487,556.4385237639627,17.77,0.747,0.240,0,8493,1181
20274855,274855,274855 (2009 RB4),Y,N,AMO,.210786,.3009134544035259,1.638701687256754,1.145594301807438,9.536037570934424,766.2108158150945,18.54,,,0,12568,528
20275545,275545,275545 (1998 UN1),Y,N,AMO,.377748,.2209800022636186,1.513535364544211,1.179074316261164,32.42362474523393,680.122725087219,18.21,,,0,10191,620
20275558,275558,275558 (1999 RH33),Y,N,AMO,.29537,.1708423723844587,1.551260356258717,1.286239356809517,11.01758696025296,705.7086938667504,19.06,,,0,15172,527
20275611,275611,275611 (1999 XX262),Y,N,AMO,.309941,.1818119377323991,1.532857973648381,1.25416609519081,8.229229478262422,693.188426128171,18.15,1.483,0.046,0,17894,1285
20275677,275677,275677 (2000 RS11),Y,Y,APO,.00846832,.3205344909747955,1.280207645081173,.8698569392230376,17.100161931451,529.0772060031072,19.22,,,0,9507,480
20275714,275714,275714 (2000 YH4),Y,N,APO,.085547,.4585139958904491,1.489597476850825,.8065961854716226,17.97089557469394,664.0515869091107,18.82,,,0,8829,407
20275792,275792,275792 (2001 QH142),Y,N,AMO,.346156,.2218660164868401,1.527314788483706,1.188455540441385,30.5958671035248,689.4317220407886,18.40,,,0,8510,203
20275974,275974,275974 (2001 XD),Y,N,APO,.0629539,.7955038867534162,2.048227929566592,.4188546506394656,11.24113038506498,1070.695192520982,18.68,0.626,0.216,0,5457,339
20275975,275975,275975 (2001 XF1),Y,N,APO,.0906838,.4641049267051809,1.478758907418993,.7924596130766679,22.02571105740859,656.8171550283326,19.47,,,0,7352,181
20275976,275976,275976 (2001 XV10),Y,N,APO,.060246,.5852127627550849,2.204207126492109,.9142769843132149,22.35268149017946,1195.300304535757,16.18,2.381,0.094,0,8924,839
20276033,276033,276033 (2002 AJ129),Y,Y,APO,.00560551,.9149225462050926,1.370688334115001,.1166146734128876,15.44223966107453,586.1469394315736,18.76,,,0,8828,725
20276049,276049,276049 (2002 CE26),Y,N,APO,.0959494,.5610893785691538,2.232918881886353,.9800518140534097,47.28798761272063,1218.730966418355,16.64,3.5,.07,0,8878,2160
20276111,276111,276111 (2002 GM9),Y,N,AMO,.375982,.3492559905270095,1.86531453244343,1.213842257770474,17.31841962178596,930.5217687720317,18.60,,,0,10231,327
20276392,276392,276392 (2002 XH4),Y,N,AMO,.18316,.2708460784908577,1.60826468141833,1.172672499280826,14.52036299171079,744.9630182153577,19.48,,,0,8483,236
20276397,276397,276397 (2002 XA40),Y,N,AMO,.191566,.4796762777562606,2.264762125954639,1.178409459373362,4.44695915357454,1244.893838139643,17.20,,,0,10809,649
20276409,276409,276409 (2002 YN2),Y,N,APO,.341818,.5874142011671839,1.242625850993106,.5126897793822984,50.26280182286397,505.9516344461701,18.62,,,0,8096,371
20276468,276468,276468 (2003 HQ32),Y,N,AMO,.479391,.3454493739437706,1.978644348054165,1.295122896761474,35.8762290244651,1016.599835612755,18.07,1.034,0.114,0,7915,383
20276660,276660,276660 (2003 WB25),Y,N,AMO,.317942,.2887081749113897,1.785185107586731,1.269787573296373,29.78926391802575,871.2109186443718,18.41,,,0,7022,318
20276703,276703,276703 (2004 BL11),Y,N,APO,.131123,.7500563831465658,1.260034140153547,.3149374903487847,9.816702430675214,516.6208092302312,19.30,0.521,0.124,0,7688,286
20276732,276732,276732 (2004 EV9),Y,N,APO,.106922,.780775101983895,1.471078742837909,.3224970873723007,40.81470121250818,651.7068814648253,17.73,,,0,8338,585
20276770,276770,276770 (2004 HC),Y,N,ATE,.0932293,.5986586788534011,.7891671997018298,.3167254065338942,28.98360975122416,256.066028824567,19.94,,,0,7680,220
20276786,276786,276786 (2004 KD1),Y,N,AMO,.137278,.3301545472738177,1.719605758184275,1.151870097601496,10.12272299791363,823.6482175756655,17.83,1.720,0.050,0,8471,872
20276891,276891,276891 (2004 RH340),Y,N,APO,.160972,.3812945025411674,1.294651369956081,.801007919884436,26.10973016719888,538.0562490426272,19.53,,,0,7150,106
20277039,277039,277039 (2005 CF41),Y,N,APO,.207254,.5862205747183626,1.649016278282528,.6823290079078091,15.87720615092783,773.4564065642387,18.54,0.676,0.156,0,7698,299
20277127,277127,277127 (2005 GW119),Y,N,AMO,.272431,.2332141667591464,1.640503449007461,1.257914804081681,2.883025521877198,767.4748427796347,18.77,,,0,9123,599
20277142,277142,277142 (2005 LG8),Y,N,APO,.309663,.8271931532885708,1.755385248949469,.3033425896347149,26.55342229249093,849.4876974426783,16.80,,,0,7738,820
20277279,277279,277279 (2005 SA71),Y,N,AMO,.207842,.3676921319472785,1.617914590098464,1.023020125156553,20.20763944486395,751.6779557643592,18.96,,,0,7096,261
20277473,277473,277473 (2005 WD1),Y,N,AMO,.495931,.4416699937176646,2.199566878817247,1.22808418926845,43.07145533641842,1191.527812413231,16.81,,,0,7939,1157
20277475,277475,277475 (2005 WK4),Y,Y,APO,.00327335,.2373000555568198,1.01054372930503,.7707416461983505,9.843838332407492,371.0488536028564,20.22,,,0,3563,332
20277570,277570,277570 (2005 YP180),Y,Y,APO,.0162912,.6169509043681677,1.372318005265337,.5256651708361676,4.110899313358746,587.19259357999,19.34,0.439,0.177,0,7469,250
20277616,277616,277616 (2006 BN6),Y,N,APO,.166975,.6917308329152716,2.580814064587205,.79558540209085,18.69794738245134,1514.375246213316,17.41,1.236,0.119,0,8484,402
20277617,277617,277617 (2006 BT7),Y,N,APO,.253011,.633131010984876,1.522166538430141,.5584356990665169,16.17033583717016,685.9487718927463,18.23,0.666,0.190,0,7296,335
20277810,277810,277810 (2006 FV35),Y,N,APO,.104547,.3774606417777485,1.001400812602481,.62341141920079,7.105303136318029,366.0246517395585,21.73,,,1,11328,296
20277830,277830,277830 (2006 HR29),Y,N,ATE,.0941562,.2637419928107426,.9855175018238004,.7255951519429267,9.540576965446142,357.3509482501229,20.71,,,1,3731,232
20277958,277958,277958 (2006 SP134),Y,N,APO,.217655,.736162481910754,2.050377421931468,.5409664901486254,13.02895158145725,1072.38108021788,16.84,,,0,8390,335
20278327,278327,278327 (2007 HA59),Y,N,APO,.282858,.72574489363772,2.513031243178386,.6892116508896209,54.48621434639379,1455.108101925819,15.46,,,0,8477,422
20278381,278381,278381 (2007 MR),Y,N,APO,.0692766,.2587133678548849,1.022941505330054,.7582928633675702,5.827936286168615,377.89802939983,21.92,,,1,1712,85
20279744,279744,279744 (1998 KM3),Y,Y,APO,.00256366,.6109144664334102,1.670319863705354,.6498972953966714,4.657806691090168,788.4930971082297,19.86,,,0,10190,129
20279816,279816,279816 (2000 JE5),Y,Y,APO,.0468302,.4005498185085408,1.238183928638723,.7422295807422903,50.73905180385615,503.2411786716985,19.25,,,0,8224,190
20280136,280136,280136 (2002 OM4),Y,N,APO,.298421,.5632614982918571,1.495945611288583,.6533370449110475,55.30604884512126,668.301033678714,17.22,,,0,8815,445
20280244,280244,280244 Ati (2002 WP11),Y,N,AMO,.191458,.4417162904732695,2.124786015575234,1.186233418725863,5.393708399327793,1131.282908720621,18.22,,,0,8072,305
20280491,280491,280491 (2004 MO7),Y,N,APO,.0549593,.4840106215232846,1.104808860993407,.5700696375195562,24.07598661064035,424.1594527486573,19.18,,,0,7646,101
20281070,281070,281070 (2006 OY10),Y,N,APO,.134825,.5743456868472411,1.806608984228558,.7689909063174102,35.63321250668533,886.9408859221475,18.75,,,0,6387,181
20281365,281365,281365 (2008 CM116),Y,N,APO,.315284,.6630247984741846,1.630665238894838,.5494937474977301,18.7032265458169,760.5813061423191,17.54,,,0,9213,424
20281375,281375,281375 (2008 JV19),Y,Y,ATE,.0415749,.2485012024622596,.9856748201140811,.7407334420789605,7.234345375548568,357.4365176340667,20.81,,,0,3374,607
20283457,283457,283457 (2001 MQ3),Y,N,AMO,.210172,.4556034235578259,2.234271630135074,1.21632982628741,5.569541760228647,1219.838632619146,19.10,,,0,25573,502
20283460,283460,283460 (2001 PD1),Y,N,AMO,.238631,.4587424090618054,2.233645829592187,1.208977760734212,5.960524017023769,1219.32616881754,18.48,,,0,7485,1156
20283729,283729,283729 (2002 UX),Y,N,AMO,.350455,.1634158933589189,1.473578807388789,1.232772610144579,20.20605519162165,653.3689284429278,18.20,,,0,8495,1338
20284114,284114,284114 (2005 TZ51),Y,N,AMO,.270644,.4285969784108292,2.126349045218421,1.215002269391054,10.83917295632619,1132.531425408873,17.94,,,0,8115,707
20284422,284422,284422 (2006 YD),Y,N,APO,.10649,.6941390109322559,2.621410111683701,.8017870895117624,7.748204334275549,1550.246938487225,17.38,,,0,6499,305
20285110,285110,285110 (1995 MA1),Y,N,AMO,.366003,.5875776332107645,2.612112305320903,1.077293539279733,25.81869122642946,1542.006464882409,17.27,,,0,26360,218
20285179,285179,285179 (1996 TY11),Y,N,APO,.197962,.5353894960102095,1.228090883490289,.5705839243236904,13.93151886044445,497.1004863914345,19.34,,,0,9865,206
20285263,285263,285263 (1998 QE2),Y,Y,AMO,.03052,.5727371911835314,2.420516080958186,1.034196499535625,12.87861126084709,1375.499336622481,17.28,,,0,9958,1927
20285331,285331,285331 (1999 FN53),Y,N,APO,.0571686,.4556558203537662,1.735658555623389,.9447956326067806,20.1558389894616,835.2084259004524,18.19,0.654,0.198,0,9795,539
20285339,285339,285339 (1999 JR6),Y,N,APO,.221142,.6754242665277331,1.366552401568929,.4435497480675227,20.3178707468857,583.4959707856502,18.09,0.614,0.268,0,9903,451
20285540,285540,285540 (2000 GU127),Y,N,APO,.110313,.7276851486821796,2.106014473744938,.5734990182910307,8.542182935257797,1116.324494670121,18.64,,,0,6867,333
20285567,285567,285567 (2000 OM),Y,N,APO,.0518699,.6403051379372627,1.701209993199184,.6119164938435306,13.5733417232289,810.4669596249759,18.51,,,0,8062,542
20285571,285571,285571 (2000 PQ9),Y,N,AMO,.0655267,.4325908998406626,1.903389461959594,1.080000501863258,13.48275359957033,959.157479267254,18.65,,,0,9387,7322
20285625,285625,285625 (2000 RD34),Y,N,AMO,.312007,.3474020760483354,1.963125136168876,1.281131388321137,6.935063452656532,1004.662987117832,17.94,,,0,9363,936
20285638,285638,285638 (2000 SO10),Y,N,APO,.365604,.5404532272390138,1.299454872019408,.5971602927850593,36.95417201117766,541.0535233227474,17.58,,,0,9154,358
20285818,285818,285818 (2001 BZ39),Y,N,AMO,.166101,.4214852518550443,1.987988472456446,1.150080650458216,8.831047881241968,1023.809651921279,18.84,,,0,9180,238
20285838,285838,285838 (2001 FA1),Y,N,AMO,.256922,.3596005831002994,1.882703976112838,1.205682528497409,33.81673636313852,943.5642689128521,17.98,,,0,8956,401
20285944,285944,285944 (2001 RZ11),Y,N,AMO,.0885637,.506551417471242,2.191652057788925,1.08146760131218,53.14651113213453,1185.102292504107,16.71,1.044,0.407,0,8916,1049
20285990,285990,285990 (2001 SK9),Y,N,APO,.216455,.7894331863543962,1.785336389921869,.3759325949113932,25.84155259046918,871.3216648189574,17.96,,,0,8820,494
20286079,286079,286079 (2001 TW1),Y,N,ATE,.148186,.526062186386985,.9113216811756246,.4319098050745127,31.3227052599929,317.7649417661731,19.29,,,0,8045,459
20286080,286080,286080 (2001 TX1),Y,Y,APO,.0424699,.4827259412891806,1.047217599094455,.5416984978369883,2.8125624061984,391.4297452117892,21.24,,,0,7237,160
20288592,288592,288592 (2004 JW20),Y,N,ATE,.098792,.5614871225625787,.9529325034472179,.4178731740902849,14.73039518981703,339.7751693546149,20.87,,,0,6628,124
20288807,288807,288807 (2004 RW164),Y,N,APO,.0512824,.3766319375115266,1.489890920874561,.9287504166647429,36.78219298639628,664.2478193501676,18.41,,,0,8766,281
20288914,288914,288914 (2004 SX),Y,N,AMO,.321729,.3274078456880913,1.764677927290051,1.186908528782689,15.28407930299547,856.242158399015,19.14,,,0,7678,253
20289227,289227,289227 (2004 XY60),Y,N,ATE,.194062,.7966477408561482,.6402107276400462,.1301882977937326,23.79356259697198,187.1039032151221,18.67,,,0,7694,258
20289315,289315,289315 (2005 AN26),Y,Y,APO,.0385871,.6377772784757131,2.319883143096861,.8403143857108616,4.9189018015702,1290.617622132266,18.53,,,0,7927,140
20290772,290772,290772 (2005 VC),Y,Y,APO,.0200582,.5932101668972348,2.084729593302518,.8480468033239268,4.488410426199341,1099.443773135288,17.49,,,1,7265,94
20292165,292165,292165 (2006 SC6),Y,N,APO,.465873,.5806286982659674,1.202868629841287,.5044485831115728,30.26356747925051,481.865379981806,18.11,,,0,7991,562
20292220,292220,292220 (2006 SU49),Y,Y,APO,7.88966E-5,.3117877024034479,1.41188033591633,.9716734099123691,2.518158393028326,612.7668483765779,19.39,,,0,9098,572
20293054,293054,293054 (2006 WP127),Y,N,APO,.0922139,.7676302678421264,2.530175170741384,.5879361267376775,6.083510268825796,1470.023614203597,18.48,,,0,7561,623
20293726,293726,293726 (2007 RQ17),Y,N,APO,.0204161,.3690840764387515,1.577984003835454,.9955752351447223,2.008192925206797,724.0229314241903,22.64,,,0,2922,136
20294739,294739,294739 (2008 CM),Y,Y,APO,.0437237,.4079779894651361,1.565819601180114,.9269996684255496,36.01519512853759,715.6670376879071,17.04,0.740,0.425,0,6471,1912
20296318,296318,296318 (2009 EN2),Y,N,APO,.140006,.5244853182435536,1.659025891598208,.7888911688690264,47.38530198447562,780.5094627163346,18.24,,,0,6224,156
20297274,297274,297274 (1996 SK),Y,Y,APO,.00623655,.7906998774776309,2.444943797025381,.5117270362777184,1.973913972501004,1396.373978961928,16.92,1.199,0.234,0,10960,500
20297300,297300,297300 (1998 SC15),Y,Y,APO,.000680128,.4144607821704709,1.272805496280229,.7452775347410511,16.08256380060633,524.4951660433655,19.29,0.320,,0,9460,586
20297418,297418,297418 (2000 SP43),Y,Y,ATE,.0194045,.4668580174981959,.8114759886710128,.4326319173526753,10.34208851067938,267.0004156424574,18.51,0.407,0.388,0,9199,1260
20299582,299582,299582 (2006 GQ2),Y,N,APO,.125685,.4658242279836662,1.290455444515966,.6893300333269976,25.83355112569664,535.4426338316775,18.23,0.622,0.288,0,6984,313
20301011,301011,301011 (2008 JO),Y,N,APO,.086084,.5455072992989169,1.508978204436906,.6858195794336005,5.365198929847709,677.0533280926176,18.41,,,0,6291,725
20301844,301844,301844 (1990 UA),Y,Y,APO,.012142,.5266317306880081,1.641935422990942,.7772401295032754,.9285877078622022,768.4799401479224,19.70,0.4,,0,12498,188
20302010,302010,302010 (2000 SH8),Y,N,APO,.205979,.4893867670168458,1.688299828712346,.8620682337837162,56.37271746954053,801.2587616174554,18.81,,,0,8981,257
20302156,302156,302156 (2001 SF286),Y,N,APO,.354114,.6454496358687257,1.268238761656022,.449654514750539,29.49728417122341,521.6749231110927,19.02,,,0,8490,207
20302169,302169,302169 (2001 TD45),Y,Y,ATE,.0276028,.7776005553854728,.7966658220677734,.1771780363712485,25.36074522025352,259.7243724401431,20.00,,,0,8428,298
20302311,302311,302311 (2002 AA),Y,N,APO,.0573747,.3021537514026502,1.147745277758558,.8009497364291329,11.27634088058814,449.1244504049304,19.39,,,0,7753,634
20302523,302523,302523 (2002 KH3),Y,N,AMO,.141276,.5809709896310605,2.689584143820407,1.127013782089056,10.1603948112945,1611.113476871847,17.47,,,0,8231,1075
20302591,302591,302591 (2002 QE7),Y,N,AMO,.291571,.1811760738053149,1.469860339643149,1.203556814264457,12.11179967622523,650.8973966085092,19.68,,,0,8294,215
20302800,302800,302800 (2003 AA),Y,N,AMO,.294789,.2800765938422402,1.727387923942957,1.243586997960795,23.50177053493857,829.2457332260706,19.69,,,0,7821,116
20302830,302830,302830 (2003 FB),Y,N,APO,.0661833,.4422468707626022,1.472751060894908,.8214315128018326,16.96935775936975,652.8184849770292,18.81,,,0,7504,401
20302831,302831,302831 (2003 FH),Y,Y,APO,.0136574,.540782901409711,1.388771479926945,.6377476096169933,25.79708361486987,597.7844458125521,19.11,,,0,8414,440
20302871,302871,302871 (2003 HA22),Y,N,AMO,.117926,.3955027528954219,1.876719971473617,1.134472056341984,1.6103450271378,939.0692945861574,19.45,,,0,8416,591
20303174,303174,303174 (2004 FH11),Y,N,AMO,.462316,.445489250367631,2.25754981974496,1.251835642879197,21.36568910884565,1238.951887259503,16.72,1.504,0.163,0,8886,3089
20303248,303248,303248 (2004 QV16),Y,N,APO,.112449,.5743499325626137,1.768719671007949,.7528556472423652,28.49171929065927,859.1854933743166,18.02,0.817,0.084,0,8107,529
20303250,303250,303250 (2004 RU10),Y,N,ATE,.106503,.6569097513754298,.9040721605862072,.3101783423500741,15.90529729101886,313.9807850305303,17.91,,,0,7014,506
20303262,303262,303262 (2004 RJ84),Y,N,APO,.20619,.3103763899067669,1.094088985953728,.7545095962566544,13.22963272634271,418.0010724002576,18.67,,,0,8797,725
20303449,303449,303449 (2005 BE2),Y,N,APO,.09215,.6280715983507502,2.014183209822135,.7491319418579021,6.596970350641844,1044.111511460967,18.27,,,0,7644,358
20303450,303450,303450 (2005 BY2),Y,Y,APO,.0409661,.3306475922260459,1.269279213109855,.8495950974325114,7.291508523179973,522.3170207457617,20.51,0.187,0.317,0,7584,301
20303933,303933,303933 (2005 VQ),Y,N,APO,.308139,.4887246370058614,1.125561995835031,.5754721179929627,19.12871798293585,436.1667529857627,19.04,,,0,9205,446
20304088,304088,304088 (2006 HX5),Y,N,AMO,.305231,.2506887054523879,1.642873661668611,1.231023790203083,21.23205074485992,769.1387242124697,19.15,,,0,6956,129
20304153,304153,304153 (2006 OU10),Y,N,AMO,.153565,.3495615041851659,1.754572560245377,1.141241536883985,33.69908537194163,848.8978362039159,17.83,2.054,0.033,0,7194,239
20304293,304293,304293 (2006 SQ78),Y,N,APO,.190051,.3391800372503922,1.171832434683904,.7743702658366001,36.05488847941687,463.3366972647742,18.85,,,0,8848,526
20304330,304330,304330 (2006 SX217),Y,Y,APO,.0306445,.3101143794416916,1.411805886355429,.973984580016188,21.04013345739993,612.7183814985084,18.91,0.780,0.080,0,9093,366
20304640,304640,304640 (2006 WW1),Y,N,APO,.118674,.5041150848780294,1.417537248464477,.7029353381370389,9.410290730474118,616.4532496277351,19.17,,,0,8085,302
20305090,305090,305090 (2007 VQ4),Y,N,AMO,.524102,.5126462667839967,2.640982277160998,1.287092572131714,26.61049037892364,1567.641157367779,16.16,,,0,12771,1468
20306367,306367,306367 Nut (5025 P-L),Y,N,APO,.0520243,.7407704902217048,2.539183252069194,.6582312296711545,3.765477432891199,1477.881096817112,15.68,,,0,23669,234
20306383,306383,306383 (1993 VD),Y,Y,ATE,.0173852,.5514589305275425,.8757528411569717,.3928111159660913,2.06604548795592,299.3441389911295,21.52,,,0,11719,208
20306431,306431,306431 (1998 SR49),Y,N,AMO,.302981,.5322665393327712,2.481921640270968,1.160877797908825,29.11730532189257,1428.17203690002,17.48,,,0,10031,136
20306462,306462,306462 (1999 RC32),Y,N,AMO,.317493,.4317032047272864,1.838535659018337,1.044833923014728,30.95726944254453,910.5556913444713,18.64,0.476,0.379,0,9340,624
20306523,306523,306523 (1999 XR35),Y,N,AMO,.353163,.5143158194467002,2.364467981400692,1.14838469399111,18.70761141373425,1328.00155302772,18.50,,,0,8207,2303
20306595,306595,306595 (2000 GG147),Y,N,AMO,.376287,.3562521610064225,1.790070354784565,1.15235392253903,28.48538446539073,874.7895316672048,18.73,,,0,8795,374
20306918,306918,306918 (2001 UQ11),Y,N,AMO,.284481,.5134061601605298,2.659709684404793,1.294198348192754,3.860128977306204,1584.345077328994,17.31,,,0,8093,361
20307005,307005,307005 (2001 XP1),Y,Y,APO,.0185551,.753196375534697,2.889804898315709,.7132143229019033,39.21258023685895,1794.32542584671,18.14,,,0,3653,206
20307070,307070,307070 (2002 AV31),Y,N,APO,.142714,.2490048240570004,1.308984850416407,.9830413080451909,14.97618527276694,547.0164128766936,20.65,0.282,0.117,0,8804,612
